time_5min,location,sewer_and_water,power,roads_and_bridges,medical,buildings,shake_intensity,count
2020-04-06T00:00:00Z,2,2,8,5,NA,3,0,1
2020-04-06T00:00:00Z,3,6,3,10,10,9,0,1
2020-04-06T00:00:00Z,4,9,1.5,9.5,NA,6.5,0.5,2
2020-04-06T00:00:00Z,8,9,7,5,NA,4,0,1
2020-04-06T00:00:00Z,15,6,2,9,NA,4,1,1
2020-04-06T00:00:00Z,17,2,4,1,NA,4,0,1
2020-04-06T00:00:00Z,18,9,7,4,NA,8,0,1
2020-04-06T00:05:00Z,2,10,10,3,NA,10,0,1
2020-04-06T00:05:00Z,5,6,2,0,7,9,0,1
2020-04-06T00:05:00Z,6,10,3,8,4,1,0,1
2020-04-06T00:05:00Z,8,3.6,5.6,4,NA,5.4,0,5
2020-04-06T00:05:00Z,13,10,1,4,NA,3,0,1
2020-04-06T00:05:00Z,14,10,4,1,NA,1,0,1
2020-04-06T00:05:00Z,15,7,9,10,NA,3,0,1
2020-04-06T00:05:00Z,19,4,3,8,NA,10,0,1
2020-04-06T00:10:00Z,2,1,7,1,NA,2,0,1
2020-04-06T00:10:00Z,3,5,9,10,7,0,1,1
2020-04-06T00:10:00Z,4,6,5,9,NA,7.5,0,2
2020-04-06T00:10:00Z,5,3,4,3,9,4,0,1
2020-04-06T00:10:00Z,6,0.6666666666666666,7,1.3333333333333333,6.666666666666667,9,0.3333333333333333,3
2020-04-06T00:10:00Z,12,0,2,10,NA,5,0,1
2020-04-06T00:10:00Z,18,2,6,1,NA,3,0,1
2020-04-06T00:10:00Z,19,8,10,1,NA,3,1,1
2020-04-06T00:15:00Z,3,4,7,5,0,9,0,1
2020-04-06T00:15:00Z,6,8,3,1,7,10,0,1
2020-04-06T00:15:00Z,8,7,5,7.75,NA,6,0,4
2020-04-06T00:15:00Z,12,10,4,7,NA,2,0,1
2020-04-06T00:20:00Z,3,0,7,10,10,1,0,1
2020-04-06T00:20:00Z,6,10,3,10,9,0,0,1
2020-04-06T00:20:00Z,15,0,5,4,NA,8,0,1
2020-04-06T00:20:00Z,16,7,5,4,3,9,0,1
2020-04-06T00:25:00Z,3,4,3,7,4,3,0,2
2020-04-06T00:25:00Z,6,1,5,4,1,8,0,1
2020-04-06T00:25:00Z,8,1.5,7,5.5,NA,3,0,2
2020-04-06T00:25:00Z,15,7.5,2,2.5,NA,3,0,2
2020-04-06T00:25:00Z,17,2,0,7,NA,9,0,1
2020-04-06T00:30:00Z,4,10,3,6,NA,3,0,1
2020-04-06T00:30:00Z,18,2,4,4,NA,3,0,1
2020-04-06T00:30:00Z,19,9,10,6,NA,0,1,1
2020-04-06T00:35:00Z,1,2,10,3,5,5,0,1
2020-04-06T00:35:00Z,2,4.5,6.5,4.5,NA,6,0.5,2
2020-04-06T00:35:00Z,3,7.5,4.5,8.5,6,2.5,0,2
2020-04-06T00:35:00Z,9,8,9,1,6,7,0,1
2020-04-06T00:35:00Z,17,2,0,3,NA,4,0,1
2020-04-06T00:40:00Z,2,6,6,1.5,NA,2.5,0.5,2
2020-04-06T00:40:00Z,3,10,2,5,6,3,0,2
2020-04-06T00:40:00Z,5,2.5,4.5,5.5,4,7,0,2
2020-04-06T00:40:00Z,6,10,5,2.5,5,7,0,2
2020-04-06T00:40:00Z,19,4,5,7,NA,3,1,1
2020-04-06T00:45:00Z,2,9.5,7,1.5,NA,6.5,0,2
2020-04-06T00:45:00Z,6,10,4,8,1,0,0,1
2020-04-06T00:45:00Z,8,0,7,6,NA,0,0,1
2020-04-06T00:45:00Z,9,4,4,8,2,5,0,1
2020-04-06T00:50:00Z,2,8,10,10,NA,0,0,1
2020-04-06T00:50:00Z,3,0,4,3,10,3,0,1
2020-04-06T00:50:00Z,5,9,1,2,5,1,0,1
2020-04-06T00:50:00Z,9,7,0,9,3,9,0,1
2020-04-06T00:50:00Z,14,3,2.5,5,NA,6,0,2
2020-04-06T00:50:00Z,15,9,7,1,NA,9,0,1
2020-04-06T00:50:00Z,19,9,0,9,NA,9,1,1
2020-04-06T00:55:00Z,2,8,4,7,NA,6,0,1
2020-04-06T00:55:00Z,4,9,0,1,NA,5,0,1
2020-04-06T00:55:00Z,6,7,5,5,7,3,1,1
2020-04-06T00:55:00Z,14,7,8,4,NA,1,0,1
2020-04-06T00:55:00Z,15,7.5,5.25,7.75,NA,4.25,0,4
2020-04-06T00:55:00Z,19,6,2,2,0,1,0,1
2020-04-06T01:00:00Z,3,0,3,5,2,7,0,1
2020-04-06T01:00:00Z,6,5.5,8,7,3.5,6,0,2
2020-04-06T01:00:00Z,9,8.5,7,4,4.5,4,0,2
2020-04-06T01:00:00Z,12,10,10,10,NA,10,0,1
2020-04-06T01:00:00Z,14,9,6,5,NA,3.5,0,2
2020-04-06T01:00:00Z,15,10,3,5,NA,0,0,1
2020-04-06T01:05:00Z,2,6.5,4.5,2,NA,8,0.5,2
2020-04-06T01:05:00Z,6,7,2,3,6,10,0,1
2020-04-06T01:05:00Z,9,7,9,10,0,1,0,1
2020-04-06T01:05:00Z,11,5,10,7,10,5,0,1
2020-04-06T01:05:00Z,12,0,10,4,NA,9,0,1
2020-04-06T01:05:00Z,15,0,5,0,NA,2,0,1
2020-04-06T01:10:00Z,3,0.5,5.5,5,5,5.5,0,2
2020-04-06T01:10:00Z,6,7,5,5,7,4.5,0,2
2020-04-06T01:10:00Z,8,10,6,7,NA,10,0,1
2020-04-06T01:10:00Z,9,1,6,4,10,6,0,1
2020-04-06T01:10:00Z,13,7,3,9,NA,8,0,1
2020-04-06T01:10:00Z,16,10,4,5,8,7,0,2
2020-04-06T01:15:00Z,2,10,2,10,NA,8,0,1
2020-04-06T01:15:00Z,3,6,10,3,2,4,0,1
2020-04-06T01:15:00Z,6,4.333333333333333,4.666666666666667,4.333333333333333,5.333333333333333,3,0,3
2020-04-06T01:15:00Z,8,6.25,2.75,4.25,NA,5.75,0,4
2020-04-06T01:15:00Z,9,8,9,1,3,1,0,1
2020-04-06T01:15:00Z,13,5,8.5,7,NA,5.5,0,2
2020-04-06T01:15:00Z,14,4,10,5,NA,10,0,1
2020-04-06T01:15:00Z,18,1,5,9,NA,10,0,1
2020-04-06T01:20:00Z,1,10,7,6,7,3,0,1
2020-04-06T01:20:00Z,2,10,3,0,NA,3,0,1
2020-04-06T01:20:00Z,3,6,4,8,9,10,0,1
2020-04-06T01:20:00Z,9,0,7,2,2,4,0,1
2020-04-06T01:20:00Z,11,10,0,7,6,6,0,1
2020-04-06T01:20:00Z,15,4,9,10,NA,6,1,1
2020-04-06T01:25:00Z,1,5,0,6,3,6,1,1
2020-04-06T01:25:00Z,9,6,2,7,3,8,0,1
2020-04-06T01:25:00Z,12,10,5,2,NA,4,0,1
2020-04-06T01:25:00Z,14,4.5,7.5,6,NA,2.5,0,2
2020-04-06T01:25:00Z,18,4,10,10,NA,10,0,1
2020-04-06T01:30:00Z,3,5,10,7,6,5,0,1
2020-04-06T01:30:00Z,6,2,1,2,8,7,0,1
2020-04-06T01:30:00Z,11,10,4,2,6,7,0,1
2020-04-06T01:30:00Z,19,8,7,1,NA,2,0,1
2020-04-06T01:35:00Z,1,9,10,2,4,0,0,1
2020-04-06T01:35:00Z,5,2,3,5,4,10,0,1
2020-04-06T01:35:00Z,6,6,3,10,7,2,0,1
2020-04-06T01:35:00Z,11,2,9,10,10,4,0,1
2020-04-06T01:35:00Z,12,1,10,7,NA,3,0,1
2020-04-06T01:35:00Z,18,2,10,7,NA,8,0,1
2020-04-06T01:40:00Z,2,5,3,6,NA,4,0,1
2020-04-06T01:40:00Z,3,1,4.5,5,6.5,5.5,0,2
2020-04-06T01:40:00Z,10,1,7,7,NA,7,0,1
2020-04-06T01:40:00Z,15,5.5,9,5,NA,6,0.5,2
2020-04-06T01:45:00Z,2,4.5,2,4,NA,5.5,0.5,2
2020-04-06T01:45:00Z,3,6.5,0,7.5,3.5,5.5,0,2
2020-04-06T01:45:00Z,8,8,8,10,NA,10,0,1
2020-04-06T01:50:00Z,2,6,3,9,NA,0,1,1
2020-04-06T01:50:00Z,3,9,2.5,6,3.5,9,0,2
2020-04-06T01:50:00Z,5,9,7,0,5,5,0,1
2020-04-06T01:50:00Z,8,5.666666666666667,4,7.333333333333333,NA,7.333333333333333,0.3333333333333333,3
2020-04-06T01:50:00Z,9,4,1,6,7,10,0,1
2020-04-06T01:50:00Z,19,8,7,3,NA,8,0,1
2020-04-06T01:55:00Z,2,4,1,7,NA,4,0,1
2020-04-06T01:55:00Z,8,6,4.5,0.5,NA,10,0,2
2020-04-06T01:55:00Z,9,5.25,4.5,5.5,5.25,7.5,0,4
2020-04-06T01:55:00Z,15,7,5.5,4,NA,3.5,0,2
2020-04-06T01:55:00Z,18,10,1,6,NA,0,0,1
2020-04-06T02:00:00Z,1,6,1,0,10,10,0,1
2020-04-06T02:00:00Z,19,10,2,9,NA,1,0,1
2020-04-06T02:05:00Z,2,1.5,8.5,5.5,NA,5,0,2
2020-04-06T02:05:00Z,4,10,8,8,NA,0,0,1
2020-04-06T02:05:00Z,9,9,10,5,10,1,0,1
2020-04-06T02:05:00Z,11,7.5,5,9,3,5.5,0,2
2020-04-06T02:05:00Z,14,1,5,1,NA,0,0,1
2020-04-06T02:05:00Z,15,5.5,6.5,9,NA,9,0,2
2020-04-06T02:10:00Z,2,6,9,5,NA,5,0,1
2020-04-06T02:10:00Z,3,10,0,2,0,6,0,1
2020-04-06T02:10:00Z,6,3,4,0,2,10,0,1
2020-04-06T02:10:00Z,8,9,2.5,8,NA,9.5,0,2
2020-04-06T02:10:00Z,15,0,3,9,NA,9,0,1
2020-04-06T02:15:00Z,1,6,9,4.5,7.5,5.5,0,2
2020-04-06T02:15:00Z,6,9,7,6.5,6.5,3.5,0,2
2020-04-06T02:15:00Z,8,7,8,10,NA,6,0,1
2020-04-06T02:15:00Z,10,8,10,4,NA,6,0,1
2020-04-06T02:15:00Z,13,9,7,10,NA,0,0,1
2020-04-06T02:15:00Z,15,4,0,0,NA,10,0,1
2020-04-06T02:15:00Z,18,10,10,5,NA,0,0,1
2020-04-06T02:20:00Z,1,3,0,10,10,6,0,1
2020-04-06T02:20:00Z,2,2,4,4,NA,2,0,1
2020-04-06T02:20:00Z,3,3.5,3.5,3.5,6.5,1.5,0,2
2020-04-06T02:20:00Z,6,7.5,7.5,7.5,3,10,0,2
2020-04-06T02:20:00Z,9,10,10,0,2,10,0,1
2020-04-06T02:20:00Z,12,6,10,10,NA,1,0,1
2020-04-06T02:25:00Z,1,4,9,3.5,7.5,7,0,2
2020-04-06T02:25:00Z,3,4,10,10,5,3,0,1
2020-04-06T02:25:00Z,4,10,10,8,NA,10,0,1
2020-04-06T02:25:00Z,10,5,0,10,NA,7,0,1
2020-04-06T02:25:00Z,11,10,7,7,9,9,1,1
2020-04-06T02:25:00Z,14,8,10,10,NA,2,0,1
2020-04-06T02:25:00Z,19,9,6,9,NA,0,0,1
2020-04-06T02:30:00Z,1,5,0,4,4,10,0,1
2020-04-06T02:30:00Z,3,7,0,4,8,3,0,1
2020-04-06T02:30:00Z,8,3,1,5,NA,8,0,1
2020-04-06T02:30:00Z,9,10,1,4,3,8,0,1
2020-04-06T02:30:00Z,12,7,10,7,NA,10,1,1
2020-04-06T02:30:00Z,19,5,6,2,NA,10,0,1
2020-04-06T02:35:00Z,4,5,8,2,NA,10,0,1
2020-04-06T02:35:00Z,6,1,4,2.5,3.5,8.5,0,2
2020-04-06T02:35:00Z,8,3.5,7.5,3,NA,3.75,0.25,4
2020-04-06T02:35:00Z,9,5,8,7,7.5,4.5,0,2
2020-04-06T02:35:00Z,15,0,1,2,NA,3,0,1
2020-04-06T02:35:00Z,19,8,10,6,NA,1,0,1
2020-04-06T02:40:00Z,2,0,3,10,NA,1,0,1
2020-04-06T02:40:00Z,3,10,3,4,10,8,0,1
2020-04-06T02:40:00Z,6,8,5,2,10,7,1,1
2020-04-06T02:40:00Z,8,5,3,6,NA,10,0,1
2020-04-06T02:40:00Z,9,10,10,5,1,8,0,1
2020-04-06T02:40:00Z,14,5,5,10,NA,4,0,1
2020-04-06T02:40:00Z,16,10,10,10,0,9,0,1
2020-04-06T02:45:00Z,2,9.5,5,9,2,5.5,0,2
2020-04-06T02:45:00Z,6,7,10,0,0,10,0,1
2020-04-06T02:45:00Z,11,6,5,6,10,10,0,1
2020-04-06T02:45:00Z,15,0,0,8,NA,7,0,1
2020-04-06T02:45:00Z,19,7,4,2,NA,8,0,1
2020-04-06T02:50:00Z,5,7,7,5,10,8,0,1
2020-04-06T02:50:00Z,6,6,6,5,5.5,7,0,2
2020-04-06T02:50:00Z,8,6,10,10,NA,5,1,1
2020-04-06T02:50:00Z,9,4,7,9.5,6.5,7,0,2
2020-04-06T02:50:00Z,10,0,1,0,NA,7,0,1
2020-04-06T02:50:00Z,11,0,1,8,0,3,0,1
2020-04-06T02:50:00Z,15,6.333333333333333,5.666666666666667,6.333333333333333,NA,8.333333333333334,0,3
2020-04-06T02:55:00Z,2,10,10,10,NA,5,0,1
2020-04-06T02:55:00Z,6,6,3,9,1,10,0,1
2020-04-06T02:55:00Z,9,7,7,3.5,1.5,6,0,2
2020-04-06T02:55:00Z,11,10,3,1,5,4,0,1
2020-04-06T02:55:00Z,12,3,8,7,NA,0,0,1
2020-04-06T02:55:00Z,15,1,1,8,NA,4,0,1
2020-04-06T02:55:00Z,16,10,0,3,10,10,0,1
2020-04-06T03:00:00Z,1,10,2,0,10,10,0,1
2020-04-06T03:00:00Z,2,2.6666666666666665,3.3333333333333335,7.333333333333333,NA,3.6666666666666665,0.3333333333333333,3
2020-04-06T03:00:00Z,3,4,10,3,2,2,0,1
2020-04-06T03:00:00Z,5,4,2,2,7,1,0,1
2020-04-06T03:00:00Z,6,9,3,2,4,2,0,1
2020-04-06T03:00:00Z,8,0,7,5,NA,0,0,1
2020-04-06T03:00:00Z,11,3,1,8,3,3,0,1
2020-04-06T03:00:00Z,12,3,9,5,NA,1,0,1
2020-04-06T03:00:00Z,14,8,8,1,NA,5,0,1
2020-04-06T03:00:00Z,15,7,6,7,NA,4,1,1
2020-04-06T03:00:00Z,19,2,10,10,NA,7,0,1
2020-04-06T03:05:00Z,1,4,9,8,8,7,0,1
2020-04-06T03:05:00Z,2,10,2,1,NA,4,0,1
2020-04-06T03:05:00Z,3,5,8,2.5,9,4,0.5,2
2020-04-06T03:05:00Z,6,6.5,9.5,8,7,9.5,0,2
2020-04-06T03:05:00Z,8,0,9,4,NA,3,0,1
2020-04-06T03:05:00Z,9,0,9,8,6,10,0,1
2020-04-06T03:10:00Z,2,10,4,5,NA,10,0,1
2020-04-06T03:10:00Z,6,7.5,2,4,7.5,3.5,0,2
2020-04-06T03:10:00Z,14,10,3,6,NA,2,0,1
2020-04-06T03:10:00Z,15,4,4,0,NA,6,0,1
2020-04-06T03:10:00Z,18,0,6,10,NA,1,0,1
2020-04-06T03:15:00Z,2,6,7,7,NA,9,0,1
2020-04-06T03:15:00Z,6,5,9,10,2,10,0,1
2020-04-06T03:15:00Z,8,7.5,2.5,7.5,NA,6,0,2
2020-04-06T03:15:00Z,9,10,10,10,2,6,0,1
2020-04-06T03:15:00Z,15,3,6,0,NA,7,0,1
2020-04-06T03:15:00Z,18,7,5,7,NA,10,0,1
2020-04-06T03:20:00Z,2,4,9,8,NA,7,0,1
2020-04-06T03:20:00Z,6,7,0,0,10,9,0,1
2020-04-06T03:20:00Z,8,7,10,2,NA,5,0,1
2020-04-06T03:20:00Z,10,0,8,10,NA,10,0,1
2020-04-06T03:20:00Z,15,1,5,5,NA,4,0,1
2020-04-06T03:25:00Z,2,4,0,1,NA,3,0,1
2020-04-06T03:25:00Z,5,10,1,2,10,4,0,1
2020-04-06T03:25:00Z,6,8.5,5.5,6.5,5,5.5,0.5,2
2020-04-06T03:30:00Z,2,3,1,7,NA,9,0,1
2020-04-06T03:30:00Z,6,4,8,6,2,2,0,1
2020-04-06T03:35:00Z,2,10,0,3,NA,9,0,1
2020-04-06T03:35:00Z,3,5.5,1,5,5,10,0,2
2020-04-06T03:35:00Z,9,6.5,4.5,3.5,9,9,0,2
2020-04-06T03:35:00Z,12,4,5,10,NA,7,0,1
2020-04-06T03:35:00Z,15,7,6,1,NA,8,1,1
2020-04-06T03:35:00Z,16,10,8,1,10,9,0,1
2020-04-06T03:40:00Z,2,4,3,6,NA,8,1,1
2020-04-06T03:40:00Z,5,8,8,2,8,10,0,1
2020-04-06T03:40:00Z,6,10,8,1,5,10,0,1
2020-04-06T03:40:00Z,8,5,2,8.5,NA,4.5,0.5,2
2020-04-06T03:40:00Z,9,1,10,5,9,7,0,1
2020-04-06T03:40:00Z,16,4,2,2,3,2,1,1
2020-04-06T03:40:00Z,19,0,4,1,NA,1,0,1
2020-04-06T03:45:00Z,3,2,7,0,2,1,0,1
2020-04-06T03:45:00Z,4,3,1,1,NA,2,0,1
2020-04-06T03:45:00Z,5,4,4.5,2.5,1.5,5,0.5,2
2020-04-06T03:45:00Z,8,1,3,0,NA,2,0,1
2020-04-06T03:45:00Z,9,10,0,0,4,7,0,1
2020-04-06T03:45:00Z,15,3.5,0,4.5,NA,7,0,2
2020-04-06T03:50:00Z,1,2,0,10,3,4,0,1
2020-04-06T03:50:00Z,2,9,0,8,NA,9,0,1
2020-04-06T03:50:00Z,6,6,4,4,5,8,0,2
2020-04-06T03:50:00Z,8,1,10,4,NA,5,0,1
2020-04-06T03:50:00Z,14,10,0,10,NA,1,0,1
2020-04-06T03:50:00Z,18,8,6,9,NA,8,0,1
2020-04-06T03:55:00Z,6,10,0,7,3,0,0,1
2020-04-06T03:55:00Z,8,5.5,2,6,NA,8.5,0,2
2020-04-06T03:55:00Z,15,7,4,8,NA,1,0,1
2020-04-06T04:00:00Z,2,9,10,0,NA,10,0,1
2020-04-06T04:00:00Z,6,4.75,4.25,6.25,6.75,7.25,0.25,4
2020-04-06T04:00:00Z,8,3,5,4.5,NA,4.5,0,2
2020-04-06T04:00:00Z,11,5,8,7,5,7,0,1
2020-04-06T04:00:00Z,19,5,10,8,NA,6,0,1
2020-04-06T04:05:00Z,2,4,2,10,NA,8,0,1
2020-04-06T04:05:00Z,3,10,9,0,6,10,0,1
2020-04-06T04:05:00Z,6,10,5,5,8,9,0,1
2020-04-06T04:05:00Z,8,4,6.5,6,NA,4.5,0,2
2020-04-06T04:05:00Z,9,4,5,3,6,3,0,1
2020-04-06T04:05:00Z,14,8,4,9,NA,10,0,1
2020-04-06T04:05:00Z,15,3,5,10,NA,2,0,1
2020-04-06T04:05:00Z,18,3,10,7,NA,9,0,1
2020-04-06T04:10:00Z,8,3.75,6,4.5,NA,2.75,0,4
2020-04-06T04:10:00Z,9,10,10,0,0,8,0,1
2020-04-06T04:10:00Z,15,10,6,2,NA,2,0,1
2020-04-06T04:10:00Z,16,4,5,7,3,8,0,1
2020-04-06T04:10:00Z,17,2,6,10,NA,3,0,1
2020-04-06T04:15:00Z,1,3,8,3,3,6,0,1
2020-04-06T04:15:00Z,2,4,3.5,9,NA,9,0,2
2020-04-06T04:15:00Z,4,4,1,9,NA,9,0,1
2020-04-06T04:15:00Z,5,6.666666666666667,4.333333333333333,7,4.333333333333333,6,0,3
2020-04-06T04:15:00Z,6,10,9,10,8,6,0,1
2020-04-06T04:15:00Z,8,8.5,4.5,6.5,NA,3,0,2
2020-04-06T04:15:00Z,9,10,7,3,10,4,0,1
2020-04-06T04:15:00Z,14,7,1,10,NA,1,0,1
2020-04-06T04:20:00Z,6,4.5,3.5,9,7,9,0,2
2020-04-06T04:20:00Z,9,10,9,8,10,1,0,1
2020-04-06T04:20:00Z,15,0,5,3,NA,2,0,1
2020-04-06T04:20:00Z,19,0,0,5,NA,7,0,1
2020-04-06T04:25:00Z,2,10,5,6,NA,1,0,1
2020-04-06T04:25:00Z,4,5,4,10,NA,3,0,1
2020-04-06T04:25:00Z,6,5.5,8,7,6.5,4,0,2
2020-04-06T04:25:00Z,8,7,10,10,NA,2,0,1
2020-04-06T04:25:00Z,14,3,8,5,NA,10,0,1
2020-04-06T04:25:00Z,15,9,10,6,NA,6,0,1
2020-04-06T04:30:00Z,6,1,5,10,5,2,0,1
2020-04-06T04:30:00Z,8,6.5,4.5,9,NA,3.5,0,2
2020-04-06T04:30:00Z,9,8,6,7,2.5,5.5,0,2
2020-04-06T04:30:00Z,10,9,4,3,NA,10,1,1
2020-04-06T04:30:00Z,14,7,10,4,NA,5,0,1
2020-04-06T04:30:00Z,15,10,10,9,NA,8,1,1
2020-04-06T04:35:00Z,2,10,3,3,NA,10,1,1
2020-04-06T04:35:00Z,8,8,0,8,NA,9,0,1
2020-04-06T04:35:00Z,14,10,1,10,NA,2,0,1
2020-04-06T04:35:00Z,15,7,8,5,NA,8,0,2
2020-04-06T04:40:00Z,1,10,3,7,8,2,0,1
2020-04-06T04:40:00Z,2,5,7,10,NA,1,0,1
2020-04-06T04:40:00Z,15,1,0,0,NA,6,0,1
2020-04-06T04:40:00Z,19,2,4,4,NA,5,0,1
2020-04-06T04:45:00Z,5,3,10,10,3,6,0,1
2020-04-06T04:45:00Z,6,7,6,4,10,0,0,1
2020-04-06T04:45:00Z,8,10,9,5,NA,5,1,1
2020-04-06T04:45:00Z,15,10,1,10,NA,3,0,1
2020-04-06T04:50:00Z,5,8,10,10,4,2,0,1
2020-04-06T04:50:00Z,14,3,7,7,NA,10,0,1
2020-04-06T04:50:00Z,15,3,7,3,NA,4,0,1
2020-04-06T04:50:00Z,18,1,3,0,NA,8,0,1
2020-04-06T04:55:00Z,8,8,8,0,NA,8,0,1
2020-04-06T04:55:00Z,9,7.5,5,3.5,8.5,5.5,0,2
2020-04-06T04:55:00Z,14,6,7,6,NA,7,0,1
2020-04-06T05:00:00Z,2,0,5.5,5,NA,5.5,0,2
2020-04-06T05:00:00Z,15,3,2,1,NA,3,0,1
2020-04-06T05:00:00Z,19,1,4,4,NA,5,0,1
2020-04-06T05:05:00Z,2,8,7.5,4,NA,4,0.5,2
2020-04-06T05:05:00Z,5,0,8,0,7,10,0,1
2020-04-06T05:05:00Z,6,2,10,8,6,10,1,1
2020-04-06T05:05:00Z,15,8,5,2,NA,5,0,1
2020-04-06T05:10:00Z,2,10,4,4,NA,9,0,1
2020-04-06T05:10:00Z,6,7,4,7,3,6,0,4
2020-04-06T05:10:00Z,12,7,9,10,NA,3,0,1
2020-04-06T05:10:00Z,15,5,9,8,NA,10,0,1
2020-04-06T05:10:00Z,16,9,6,4,4,5,0,1
2020-04-06T05:15:00Z,2,0,3,10,NA,8,0,1
2020-04-06T05:15:00Z,4,6,5,5,NA,4,0,1
2020-04-06T05:15:00Z,5,3,10,10,10,8,1,1
2020-04-06T05:15:00Z,8,4,0,0,NA,0,1,1
2020-04-06T05:15:00Z,10,2,8,1,NA,10,0,1
2020-04-06T05:15:00Z,15,10,5,7,NA,10,0,1
2020-04-06T05:15:00Z,16,8,10,6,4,8,1,1
2020-04-06T05:15:00Z,18,10,8,2,NA,0,0,1
2020-04-06T05:20:00Z,1,10,10,0,7,5,0,1
2020-04-06T05:20:00Z,2,10,3,3,NA,2,0,1
2020-04-06T05:20:00Z,3,3.5,8.5,6.5,4,7.5,0,2
2020-04-06T05:20:00Z,6,6,2.5,8,2.5,7.5,0,2
2020-04-06T05:20:00Z,8,5.333333333333333,4,2.6666666666666665,NA,2.3333333333333335,0,3
2020-04-06T05:20:00Z,12,10,6,4,NA,7,0,1
2020-04-06T05:20:00Z,14,1,4,0,NA,6,0,1
2020-04-06T05:20:00Z,15,10,8,10,NA,3,0,1
2020-04-06T05:20:00Z,18,5,8,9,NA,10,0,1
2020-04-06T05:25:00Z,4,5,9,7,NA,1,0,1
2020-04-06T05:25:00Z,9,7,8,0.5,3,4,0,2
2020-04-06T05:25:00Z,11,10,0,10,2,5,0,1
2020-04-06T05:25:00Z,15,8,8,0,NA,10,0,1
2020-04-06T05:25:00Z,18,10,6,0,NA,7,0,1
2020-04-06T05:30:00Z,2,3,9,5,NA,9,0,1
2020-04-06T05:30:00Z,3,0,3,10,9,3,0,1
2020-04-06T05:30:00Z,5,0,10,10,5,2,0,1
2020-04-06T05:30:00Z,6,2,5,9,8,3,0,1
2020-04-06T05:30:00Z,15,10,4,1,NA,4,0,1
2020-04-06T05:30:00Z,18,5,10,8,NA,9,0,1
2020-04-06T05:35:00Z,3,2,6,2,4,3,1,1
2020-04-06T05:35:00Z,6,7.5,0.5,6.5,5,8.5,0.5,2
2020-04-06T05:35:00Z,8,1,6,9,NA,6,0,1
2020-04-06T05:35:00Z,9,2,3,3,0,7,0,1
2020-04-06T05:35:00Z,15,10,8,9,NA,1,0,1
2020-04-06T05:35:00Z,19,4,4,6,NA,10,0,1
2020-04-06T05:40:00Z,3,4.666666666666667,8.333333333333334,5.333333333333333,5.666666666666667,4.666666666666667,0,3
2020-04-06T05:40:00Z,5,9,10,5,8,9,0,1
2020-04-06T05:40:00Z,6,3,0,0,7,8,0,1
2020-04-06T05:40:00Z,9,9,7,10,10,9,0,1
2020-04-06T05:40:00Z,15,5,6,5,NA,6,0,1
2020-04-06T05:40:00Z,16,3.5,5.5,10,7,5.5,0,2
2020-04-06T05:40:00Z,17,0,5,2,NA,10,0,1
2020-04-06T05:45:00Z,3,5.5,7,5,8,8,0,2
2020-04-06T05:45:00Z,5,9,6,3,1,8,0,1
2020-04-06T05:45:00Z,6,10,5,10,10,3,0,1
2020-04-06T05:45:00Z,7,NA,3,1,NA,NA,0,1
2020-04-06T05:45:00Z,8,10,4,8,NA,1,1,1
2020-04-06T05:45:00Z,9,8,8,6,4,9.333333333333334,0,3
2020-04-06T05:45:00Z,14,4,8,8,NA,7,0,1
2020-04-06T05:45:00Z,15,4,0,7,NA,3,0,1
2020-04-06T05:50:00Z,8,1,5,10,NA,8,0,1
2020-04-06T05:50:00Z,15,3.5,2.5,6.5,NA,7,0,2
2020-04-06T05:50:00Z,18,0,9,4,NA,6,0,1
2020-04-06T05:55:00Z,2,6,7,7,NA,9,0,1
2020-04-06T05:55:00Z,4,10,8,5,NA,5,0,1
2020-04-06T05:55:00Z,5,5,7,3,9,3,0,1
2020-04-06T05:55:00Z,6,8,4.5,3.5,6,2.5,0,2
2020-04-06T05:55:00Z,9,9,9,4,2,6,0,1
2020-04-06T05:55:00Z,14,1,2,1,NA,9,0,1
2020-04-06T05:55:00Z,15,1,3,6,NA,10,0,1
2020-04-06T05:55:00Z,16,0,10,3,10,0,0,1
2020-04-06T05:55:00Z,18,5,8,10,NA,10,0,1
2020-04-06T06:00:00Z,2,1,9,8,NA,3,0,1
2020-04-06T06:00:00Z,3,8,0,7,4,10,0,1
2020-04-06T06:00:00Z,8,4,8.5,3.5,NA,6.5,0,2
2020-04-06T06:00:00Z,12,0,2,1,NA,10,0,1
2020-04-06T06:00:00Z,14,7,1,1,NA,6,1,1
2020-04-06T06:00:00Z,19,6.5,3.5,2,NA,6.5,0,2
2020-04-06T06:05:00Z,6,6,6,1,7.5,5.5,0,2
2020-04-06T06:05:00Z,8,0,9,6,NA,3,0,1
2020-04-06T06:05:00Z,9,10,10,6,3,3,0,1
2020-04-06T06:05:00Z,14,5,8,4,NA,8,0,1
2020-04-06T06:05:00Z,16,9,9,5,10,4,0,1
2020-04-06T06:10:00Z,3,5,6,5.75,6,4.75,0,4
2020-04-06T06:10:00Z,6,2.6666666666666665,7.666666666666667,3.3333333333333335,2.6666666666666665,8,0,3
2020-04-06T06:10:00Z,8,5.333333333333333,7,5.666666666666667,NA,7.666666666666667,0,3
2020-04-06T06:10:00Z,9,0,9,7,1,4,0,1
2020-04-06T06:10:00Z,11,10,10,3,7,10,1,1
2020-04-06T06:10:00Z,15,5,1.6666666666666667,4,NA,5.666666666666667,0,3
2020-04-06T06:10:00Z,16,5,0,1,10,3,0,1
2020-04-06T06:10:00Z,19,7,10,7,NA,10,0,1
2020-04-06T06:15:00Z,2,1,7,7,NA,1,0,1
2020-04-06T06:15:00Z,3,3,10,1,6,10,0,1
2020-04-06T06:15:00Z,6,7,6.5,4.5,9,6,0.5,2
2020-04-06T06:15:00Z,8,10,1,7,NA,5,0,1
2020-04-06T06:15:00Z,9,9,1,6,2,9,0,1
2020-04-06T06:15:00Z,10,3,6,1,NA,10,0,1
2020-04-06T06:15:00Z,14,3.5,5,10,NA,6.5,0,2
2020-04-06T06:15:00Z,19,6,3,10,NA,5,0,1
2020-04-06T06:20:00Z,8,7,4,7,NA,1,0,1
2020-04-06T06:20:00Z,16,6,3,3,7,8,0,1
2020-04-06T06:25:00Z,1,10,4,0,4,10,1,1
2020-04-06T06:25:00Z,2,1,3,7,NA,0,0,1
2020-04-06T06:25:00Z,3,8.5,7,6.5,7.5,3,0,2
2020-04-06T06:25:00Z,5,9,10,2,4,9,0,1
2020-04-06T06:25:00Z,9,6,0,10,0,10,0,1
2020-04-06T06:25:00Z,15,6,9.5,7,NA,5,0,2
2020-04-06T06:25:00Z,16,0,0,7,7,10,0,1
2020-04-06T06:30:00Z,1,10,10,0,10,2,0,1
2020-04-06T06:30:00Z,2,0,9,10,NA,9,0,1
2020-04-06T06:30:00Z,3,2,8,10,0,9,0,1
2020-04-06T06:30:00Z,5,0.5,5,3,8,5.5,0,2
2020-04-06T06:30:00Z,6,0.5,9,7,3.5,3.5,0,2
2020-04-06T06:30:00Z,10,4,7,4,NA,2,0,1
2020-04-06T06:30:00Z,13,6,6,7,NA,3,0,1
2020-04-06T06:30:00Z,15,3,6,8,NA,2.5,0,2
2020-04-06T06:30:00Z,16,10,0,3,9,0,0,1
2020-04-06T06:35:00Z,3,0,3,5,1,6,0,1
2020-04-06T06:35:00Z,8,4.5,5.5,7,NA,8.5,0,2
2020-04-06T06:35:00Z,10,4,10,9,NA,8,0,1
2020-04-06T06:35:00Z,14,0,8,9,NA,10,0,1
2020-04-06T06:35:00Z,15,5,6,10,NA,10,0,1
2020-04-06T06:40:00Z,1,5,1,9,0,1,0,1
2020-04-06T06:40:00Z,2,10,10,0,NA,10,0,1
2020-04-06T06:40:00Z,3,10,4,6,0,10,0,1
2020-04-06T06:40:00Z,9,3,9,7,10,0,0,1
2020-04-06T06:40:00Z,12,4,10,10,NA,0,0,1
2020-04-06T06:40:00Z,15,5,4,3,NA,6,0,1
2020-04-06T06:40:00Z,17,4,1,7,NA,7,0,1
2020-04-06T06:45:00Z,6,5,4,5,8,4,0,1
2020-04-06T06:45:00Z,8,2,4,10,NA,2,0,1
2020-04-06T06:45:00Z,9,0,7,10,9,9,0,1
2020-04-06T06:45:00Z,15,1,5,9,NA,0,0,1
2020-04-06T06:45:00Z,16,7,2,3,4,4,0,1
2020-04-06T06:50:00Z,1,5,3,2,1,8,0,1
2020-04-06T06:50:00Z,4,5,5,6,NA,3,0,1
2020-04-06T06:50:00Z,6,8,7,6,3,8,0,1
2020-04-06T06:50:00Z,8,1,8,5,NA,6,0,1
2020-04-06T06:50:00Z,15,7.5,5.5,5,NA,10,0,2
2020-04-06T06:50:00Z,18,9,10,3,NA,1,0,1
2020-04-06T06:55:00Z,5,10,7,0,3,5,0,1
2020-04-06T06:55:00Z,6,8,4,5,3,2,0,1
2020-04-06T06:55:00Z,8,8,8,1,NA,5,0,1
2020-04-06T06:55:00Z,9,0,5.5,9,1,5.5,0.5,2
2020-04-06T06:55:00Z,10,9,1,9,NA,1,0,1
2020-04-06T06:55:00Z,15,10,7,0,NA,2,0,1
2020-04-06T06:55:00Z,19,10,1,9,NA,3,0,1
2020-04-06T07:00:00Z,1,3,7,8,10,5,0,1
2020-04-06T07:00:00Z,2,5,4.5,3,NA,6.5,0,2
2020-04-06T07:00:00Z,3,7,0,5,7,3,0,1
2020-04-06T07:00:00Z,5,3,9,7,1,0,1,1
2020-04-06T07:00:00Z,6,10,7,9,8,10,0,1
2020-04-06T07:00:00Z,7,NA,4,9,NA,NA,0,1
2020-04-06T07:00:00Z,8,7,7,3,NA,6,0,1
2020-04-06T07:00:00Z,9,5.333333333333333,3.6666666666666665,7.666666666666667,1,3.6666666666666665,0,3
2020-04-06T07:00:00Z,15,1,10,10,NA,9,0,1
2020-04-06T07:05:00Z,2,2,10,1,NA,5,0,1
2020-04-06T07:05:00Z,6,9,7,1,5,10,0,1
2020-04-06T07:05:00Z,8,2.5,7,7,NA,2.5,0,2
2020-04-06T07:05:00Z,9,9,10,10,3,5,0,1
2020-04-06T07:05:00Z,10,3,4,7,NA,3,0,1
2020-04-06T07:05:00Z,13,5,2,1,NA,10,0,1
2020-04-06T07:05:00Z,15,3,9,9,NA,3,0,1
2020-04-06T07:10:00Z,3,6,9,7,9,7,0,1
2020-04-06T07:10:00Z,4,7,0,9,NA,2,0,1
2020-04-06T07:10:00Z,6,10,3,2,10,9,0,1
2020-04-06T07:10:00Z,8,5.5,6.5,9.5,NA,4.5,0,2
2020-04-06T07:10:00Z,9,6.5,5,5.5,7,6,0,2
2020-04-06T07:10:00Z,12,3,10,4,NA,2,0,1
2020-04-06T07:10:00Z,14,6,7,9,NA,0,0,1
2020-04-06T07:10:00Z,17,6.333333333333333,5.333333333333333,1,NA,3.6666666666666665,0.3333333333333333,3
2020-04-06T07:10:00Z,18,10,2,3,NA,4,0,1
2020-04-06T07:10:00Z,19,4.666666666666667,5.666666666666667,5.333333333333333,NA,8,0,3
2020-04-06T07:15:00Z,1,5,4,8,2,2,0,1
2020-04-06T07:15:00Z,2,6,0,10,NA,10,0,1
2020-04-06T07:15:00Z,3,6.5,5.5,5,5,1.5,0,2
2020-04-06T07:15:00Z,6,3,6,10,1,10,0,1
2020-04-06T07:15:00Z,8,1,3,3,NA,1,0,1
2020-04-06T07:15:00Z,9,10,0,6,10,9,1,1
2020-04-06T07:15:00Z,10,6,3,4,NA,9,0,1
2020-04-06T07:15:00Z,14,2,10,9,NA,0,0,1
2020-04-06T07:15:00Z,15,9.5,4.5,3.5,NA,8,0,2
2020-04-06T07:20:00Z,2,5,0,9,NA,3,0,1
2020-04-06T07:20:00Z,3,6,8.5,6.5,8,6,0,2
2020-04-06T07:20:00Z,4,1,6,5,NA,8,0,1
2020-04-06T07:20:00Z,6,6,4,7,10,3,0,1
2020-04-06T07:20:00Z,8,4,6,1,NA,10,0,1
2020-04-06T07:20:00Z,9,3,10,4,10,10,0,1
2020-04-06T07:20:00Z,16,3,4,10,9,0,0,1
2020-04-06T07:20:00Z,17,3,2,1,NA,3,0,1
2020-04-06T07:25:00Z,2,5,6.5,7.5,NA,7,0,2
2020-04-06T07:25:00Z,3,6,4.5,7,7.5,3,0,2
2020-04-06T07:25:00Z,6,6,7,7.5,5,7,0,2
2020-04-06T07:25:00Z,9,9,8,9,0,4,0,1
2020-04-06T07:25:00Z,11,10,9,9,1,10,0,1
2020-04-06T07:25:00Z,12,10,0,3,NA,6,0,1
2020-04-06T07:25:00Z,14,1.5,4.5,4,NA,6.5,0,2
2020-04-06T07:25:00Z,15,1,6,6,NA,4,0,1
2020-04-06T07:30:00Z,6,4,0.5,8,3.5,5.5,0,2
2020-04-06T07:30:00Z,8,8,4,5,NA,1,0,1
2020-04-06T07:30:00Z,9,2,8,7,8,4,0,1
2020-04-06T07:30:00Z,14,0,9,5,NA,10,1,1
2020-04-06T07:30:00Z,15,7,10,10,NA,7,0,1
2020-04-06T07:30:00Z,19,6.666666666666667,5.666666666666667,3.3333333333333335,NA,8,0,3
2020-04-06T07:35:00Z,2,6,9,4,NA,5,0,1
2020-04-06T07:35:00Z,3,6,2,5,9,1,0,1
2020-04-06T07:35:00Z,6,4,1,8,3,4,0,1
2020-04-06T07:35:00Z,9,5.5,4.5,7.5,3,7.5,0,2
2020-04-06T07:35:00Z,10,7,10,8,NA,10,0,1
2020-04-06T07:35:00Z,15,3.4,4.4,6.8,NA,5.2,0,5
2020-04-06T07:35:00Z,16,8,10,1,1,10,0,1
2020-04-06T07:40:00Z,1,4,2.5,1.5,5,10,0,2
2020-04-06T07:40:00Z,6,3.5,4,8.5,6.5,4.5,0,2
2020-04-06T07:40:00Z,8,6,6,9,NA,6,0,1
2020-04-06T07:40:00Z,14,5,2,2,NA,3,0,1
2020-04-06T07:40:00Z,15,10,3,9,NA,5,0,1
2020-04-06T07:45:00Z,6,6,8,6,5,8.5,0,2
2020-04-06T07:45:00Z,8,4.5,8,6.5,NA,5.5,0,2
2020-04-06T07:45:00Z,10,10,5,1,NA,4,0,1
2020-04-06T07:45:00Z,13,10,4,10,NA,7,0,1
2020-04-06T07:45:00Z,16,0,10,1,2,10,0,1
2020-04-06T07:45:00Z,17,8,9,1,NA,2,0,1
2020-04-06T07:50:00Z,3,7,3,10,6,2,1,1
2020-04-06T07:50:00Z,12,0,2.5,2,NA,9,0,2
2020-04-06T07:50:00Z,14,5.5,5.5,7.5,NA,1.5,0,2
2020-04-06T07:50:00Z,15,6.5,0.5,7.5,NA,2.5,0,2
2020-04-06T07:50:00Z,19,6,9,0,NA,10,1,1
2020-04-06T07:55:00Z,6,5.5,4,6,4,5,0.5,2
2020-04-06T07:55:00Z,9,3,0,1,10,9,0,1
2020-04-06T07:55:00Z,10,7,6,7,NA,0,0,1
2020-04-06T07:55:00Z,15,3,10,4,NA,3,0,1
2020-04-06T07:55:00Z,16,2,6,7,6,8,0,1
2020-04-06T07:55:00Z,19,4.666666666666667,9,2.6666666666666665,NA,4.666666666666667,0,3
2020-04-06T08:00:00Z,3,5.666666666666667,7.333333333333333,6.666666666666667,9.666666666666666,5.333333333333333,0,3
2020-04-06T08:00:00Z,4,1,6,4,NA,8,0,1
2020-04-06T08:00:00Z,8,6,10,2,NA,4,0,1
2020-04-06T08:00:00Z,13,10,10,9,NA,4,0,1
2020-04-06T08:05:00Z,1,6,4,7,10,0,0,1
2020-04-06T08:05:00Z,8,8.333333333333334,6,4.666666666666667,NA,7.333333333333333,0,3
2020-04-06T08:05:00Z,9,5,10,3,10,3,0,1
2020-04-06T08:05:00Z,14,10,10,10,NA,8,0,1
2020-04-06T08:10:00Z,2,4.333333333333333,5.333333333333333,7.666666666666667,NA,5.666666666666667,0,3
2020-04-06T08:10:00Z,3,6,0,7,6.5,2.5,0,2
2020-04-06T08:10:00Z,4,7,2,1,NA,4,0,1
2020-04-06T08:10:00Z,6,7,8,3,8,0,0,1
2020-04-06T08:10:00Z,8,8,10,10,NA,10,0,1
2020-04-06T08:10:00Z,14,0,7,9,NA,2,0,1
2020-04-06T08:15:00Z,2,9,10,10,NA,5,0,1
2020-04-06T08:15:00Z,5,8,5,6,9,6,0,1
2020-04-06T08:15:00Z,9,2,5,5,1,2,0,1
2020-04-06T08:15:00Z,11,9,9,10,10,10,0,1
2020-04-06T08:15:00Z,15,10,0,8,NA,4,0,1
2020-04-06T08:15:00Z,16,10,6,1,10,2,0,1
2020-04-06T08:20:00Z,1,4,10,10,9,10,0,1
2020-04-06T08:20:00Z,2,5,1,4,NA,7,0,1
2020-04-06T08:20:00Z,3,6.5,6.25,5.5,7.5,5.5,0,4
2020-04-06T08:20:00Z,9,6,7,10,0,7,0,1
2020-04-06T08:20:00Z,14,10,2,9,NA,4,0,1
2020-04-06T08:25:00Z,2,5,0.5,5,NA,6,0,2
2020-04-06T08:25:00Z,3,3.6666666666666665,5,4.333333333333333,2.3333333333333335,1.3333333333333333,0,3
2020-04-06T08:25:00Z,6,3.5,2.5,7,7.5,6.5,0,2
2020-04-06T08:25:00Z,8,0,10,10,NA,1,0,1
2020-04-06T08:25:00Z,9,8,2,5,4,4,0,1
2020-04-06T08:25:00Z,13,2,2,8,NA,2,0,1
2020-04-06T08:25:00Z,15,8,0,4,NA,4,0,1
2020-04-06T08:25:00Z,16,1,0,10,10,4,0,1
2020-04-06T08:25:00Z,17,6,5,1,NA,4,1,1
2020-04-06T08:25:00Z,18,3,4,4,NA,4,0,1
2020-04-06T08:30:00Z,1,0,5,10,5,7,0,1
2020-04-06T08:30:00Z,5,6,5,10,0,6,0,1
2020-04-06T08:30:00Z,6,9.5,8.5,2,5,5,0.5,2
2020-04-06T08:30:00Z,8,0,1,10,NA,0,0,1
2020-04-06T08:30:00Z,10,1.5,8.5,5,NA,5,0,2
2020-04-06T08:30:00Z,13,3,8,5,NA,3,1,1
2020-04-06T08:30:00Z,14,1,1,10,NA,0,0,1
2020-04-06T08:30:00Z,18,1,5,3,NA,0,0,1
2020-04-06T08:35:00Z,3,1,6,8,6,1,0,1
2020-04-06T08:35:00Z,6,4,3,0,5,4,1,1
2020-04-06T08:35:00Z,8,5,6,0,NA,1,0,1
2020-04-06T08:35:00Z,9,8,10,0,4,4,0,1
2020-04-06T08:35:00Z,10,0,0,10,NA,7,0,1
2020-04-06T08:35:00Z,13,2,1,10,NA,4,0,1
2020-04-06T08:35:00Z,14,3,0,4,NA,5,0,1
2020-04-06T08:35:00Z,15,0,2,9,NA,0,0,1
2020-04-06T08:40:00Z,2,7.5,6.5,2,NA,7.5,0,2
2020-04-06T08:40:00Z,3,0,5,8,8,10,0,1
2020-04-06T08:40:00Z,8,2,2,1,NA,0,0,1
2020-04-06T08:40:00Z,9,6,3.5,7.5,1,0.5,0,2
2020-04-06T08:40:00Z,14,5,0,4,NA,4,0,1
2020-04-06T08:40:00Z,15,6,3,0,NA,6,0,1
2020-04-06T08:40:00Z,17,8,6,10,NA,10,0,1
2020-04-06T08:40:00Z,18,8,4,5,NA,3,0,1
2020-04-06T08:45:00Z,2,9,6,0,NA,4,0,1
2020-04-06T08:45:00Z,3,4,0,6,0,10,0,1
2020-04-06T08:45:00Z,5,3,10,10,9,1,0,1
2020-04-06T08:45:00Z,6,10,5,8,10,10,0,1
2020-04-06T08:45:00Z,8,2.5,7,10,NA,3,0,2
2020-04-06T08:45:00Z,15,9,3,9,NA,10,0,1
2020-04-06T08:45:00Z,18,7,3.5,6.5,NA,4.5,0,2
2020-04-06T08:45:00Z,19,9,1,8,NA,9,0,1
2020-04-06T08:50:00Z,2,3,10,4,NA,8,0,1
2020-04-06T08:50:00Z,5,6,1,0,9,1,0,1
2020-04-06T08:50:00Z,9,4.666666666666667,5,8,8.333333333333334,4.666666666666667,0,3
2020-04-06T08:50:00Z,10,0,9,8,NA,1,1,1
2020-04-06T08:50:00Z,15,2.3333333333333335,5.666666666666667,8.333333333333334,NA,6,0.3333333333333333,3
2020-04-06T08:50:00Z,19,8,3,8,NA,1,0,1
2020-04-06T08:55:00Z,6,4,0,10,4,0,0,1
2020-04-06T08:55:00Z,8,4,10,3,NA,3,0,1
2020-04-06T08:55:00Z,9,0,10,2,10,4,0,1
2020-04-06T08:55:00Z,18,10,6,2,NA,10,0,1
2020-04-06T09:00:00Z,5,0,5,6,10,5,0,1
2020-04-06T09:00:00Z,14,5,0.5,2,NA,8,0,2
2020-04-06T09:00:00Z,17,1,4,10,NA,1,0,1
2020-04-06T09:00:00Z,19,2,3,3,NA,0,0,1
2020-04-06T09:05:00Z,2,7,9,2,NA,0,0,1
2020-04-06T09:05:00Z,3,9,10,1,8,3,0,1
2020-04-06T09:05:00Z,5,1,5,10,10,4,1,1
2020-04-06T09:05:00Z,6,10,6,6,1,4,0,1
2020-04-06T09:05:00Z,8,0,2,9,NA,6,0,1
2020-04-06T09:05:00Z,9,2,7,5,7,5.5,0.5,2
2020-04-06T09:05:00Z,12,0,2,7,NA,10,0,1
2020-04-06T09:05:00Z,17,5,4,2,NA,5,0,1
2020-04-06T09:10:00Z,2,8,7,3,NA,9,0,1
2020-04-06T09:10:00Z,3,6,0,10,10,2,0,1
2020-04-06T09:10:00Z,5,6,10,8,4,9,0,1
2020-04-06T09:10:00Z,6,1,4,5,7,0,0,1
2020-04-06T09:10:00Z,9,9,8,1,6,7,0,1
2020-04-06T09:10:00Z,10,5,9,7,NA,2,0,1
2020-04-06T09:10:00Z,11,5,6,0,0,10,0,1
2020-04-06T09:10:00Z,12,4,10,0,NA,10,0,1
2020-04-06T09:10:00Z,14,10,10,10,NA,10,0,1
2020-04-06T09:10:00Z,15,9,10,6,NA,6,0,1
2020-04-06T09:10:00Z,18,8.5,4.5,4.5,NA,5.5,0.5,2
2020-04-06T09:15:00Z,1,6,1,6,10,10,0,1
2020-04-06T09:15:00Z,2,6,9,5,NA,2,1,1
2020-04-06T09:15:00Z,3,0,4,0,0,4,0,1
2020-04-06T09:15:00Z,8,5.5,5.5,8.5,NA,4.5,0,2
2020-04-06T09:15:00Z,9,10,7,5,2,3,0,1
2020-04-06T09:15:00Z,15,10,6,4,NA,0,0,1
2020-04-06T09:15:00Z,19,7,8,8,NA,1.5,0.5,2
2020-04-06T09:20:00Z,2,8,8,1,NA,0,0,1
2020-04-06T09:20:00Z,3,4,5,2,1,7,0,1
2020-04-06T09:20:00Z,6,3,3.3333333333333335,2.3333333333333335,3,4,0,3
2020-04-06T09:20:00Z,9,8,10,4,10,0,0,1
2020-04-06T09:20:00Z,14,2,10,8,NA,9,0,1
2020-04-06T09:20:00Z,15,2.5,6.5,7,NA,5,0,2
2020-04-06T09:20:00Z,17,10,10,10,NA,1,0,1
2020-04-06T09:20:00Z,18,5,6,6,NA,9,0,1
2020-04-06T09:25:00Z,2,7,7,9,NA,8,1,1
2020-04-06T09:25:00Z,3,6,6,1,8,1,0,1
2020-04-06T09:25:00Z,13,1,1,6,NA,5,0,1
2020-04-06T09:25:00Z,15,7.5,9.5,8,NA,4,0,2
2020-04-06T09:30:00Z,2,0,1,3,NA,2,0,1
2020-04-06T09:30:00Z,7,NA,9,4,NA,NA,0,1
2020-04-06T09:30:00Z,8,0,7,2,NA,2,0,1
2020-04-06T09:30:00Z,9,7.666666666666667,2,3.6666666666666665,7.666666666666667,5,0.3333333333333333,3
2020-04-06T09:30:00Z,12,5,6,7,NA,4,0,1
2020-04-06T09:30:00Z,15,9,0,5,NA,5,0,1
2020-04-06T09:35:00Z,1,10,4,10,5,6,0,1
2020-04-06T09:35:00Z,2,6,10,3,NA,6,0,1
2020-04-06T09:35:00Z,8,1.5,6.5,8,NA,4.5,0,2
2020-04-06T09:35:00Z,9,3.5,7.5,2.5,6,4,0,2
2020-04-06T09:35:00Z,13,2,6,10,NA,10,0,1
2020-04-06T09:35:00Z,15,5,3,3.3333333333333335,NA,5.333333333333333,0,3
2020-04-06T09:35:00Z,16,0,5,0,9,10,0,1
2020-04-06T09:35:00Z,18,10,3,1,NA,2,0,1
2020-04-06T09:40:00Z,2,2,10,8,NA,4,1,1
2020-04-06T09:40:00Z,3,9,2,7,9,3,0,1
2020-04-06T09:40:00Z,4,6,9,0,NA,7,0,1
2020-04-06T09:40:00Z,6,6,10,5,10,2,0,1
2020-04-06T09:40:00Z,16,0,6,2,6,2,0,1
2020-04-06T09:45:00Z,1,6,4,7,1,10,0,1
2020-04-06T09:45:00Z,6,10,2,10,2,10,0,1
2020-04-06T09:45:00Z,8,7,10,10,NA,0,0,1
2020-04-06T09:45:00Z,9,10,10,1,4,6,0,1
2020-04-06T09:45:00Z,15,7.5,4,2.25,NA,4.5,0.25,4
2020-04-06T09:50:00Z,2,8,6,10,NA,9,0,1
2020-04-06T09:50:00Z,3,2,10,10,5,0,0,1
2020-04-06T09:50:00Z,5,1,7,10,4,10,0,1
2020-04-06T09:50:00Z,6,6,10,3,1,10,0,1
2020-04-06T09:50:00Z,8,9,9,2,NA,5,0,1
2020-04-06T09:50:00Z,9,10,1,9,1,3,0,1
2020-04-06T09:50:00Z,14,9,10,6,NA,6,0,1
2020-04-06T09:50:00Z,15,3,6,4,10,5.5,0.5,2
2020-04-06T09:50:00Z,18,6,8,4,NA,4,0,1
2020-04-06T09:55:00Z,2,4,1,10,NA,9,0,1
2020-04-06T09:55:00Z,3,10,1,10,8,1,0,1
2020-04-06T09:55:00Z,6,1,10,10,3,1,1,1
2020-04-06T09:55:00Z,12,8,4,6,NA,10,1,1
2020-04-06T09:55:00Z,13,1,8,10,NA,2,0,1
2020-04-06T09:55:00Z,15,10,10,10,NA,6,0,1
2020-04-06T09:55:00Z,18,2,6,7,NA,9,0,1
2020-04-06T10:00:00Z,1,0,0,4,1,3,0,1
2020-04-06T10:00:00Z,2,4,1,1,NA,10,0,1
2020-04-06T10:00:00Z,3,4,5,9,0,7,0,1
2020-04-06T10:00:00Z,4,9,10,6,NA,10,0,1
2020-04-06T10:00:00Z,8,7,7,1,NA,4,0,1
2020-04-06T10:00:00Z,9,4,2.5,6,8.5,3.5,0,2
2020-04-06T10:00:00Z,10,1,10,5,NA,5,0,1
2020-04-06T10:00:00Z,15,6.5,2,10,NA,3,0,2
2020-04-06T10:00:00Z,16,5,2,1,5,8,0,1
2020-04-06T10:05:00Z,9,0,0,10,9,2,0,1
2020-04-06T10:05:00Z,16,8,6,1,0,5,0,1
2020-04-06T10:10:00Z,2,1,10,0,NA,1,1,1
2020-04-06T10:10:00Z,3,5,0,1,8,3,0,1
2020-04-06T10:10:00Z,8,9,5,2,NA,8,0,1
2020-04-06T10:10:00Z,14,5,7,2,NA,1,0,1
2020-04-06T10:10:00Z,15,1,10,7,NA,1,0,1
2020-04-06T10:10:00Z,17,2,9,6,NA,7,0,1
2020-04-06T10:10:00Z,18,6,7,0,NA,10,0,1
2020-04-06T10:15:00Z,2,5,7,0,NA,8,0,1
2020-04-06T10:15:00Z,5,9,4,10,9,2,0,1
2020-04-06T10:15:00Z,16,4,0,7,5,4,0,1
2020-04-06T10:15:00Z,18,6,4.5,0,NA,0,0,2
2020-04-06T10:15:00Z,19,9,3,2,NA,1,0,1
2020-04-06T10:20:00Z,6,7,2,9,9,2,0,1
2020-04-06T10:20:00Z,8,4,8,10,NA,10,0,1
2020-04-06T10:20:00Z,9,5,2,8.5,5.5,5,0,2
2020-04-06T10:20:00Z,15,1,8,2,NA,2,0,1
2020-04-06T10:20:00Z,16,5,9,5.5,5,10,0,2
2020-04-06T10:20:00Z,17,2.5,6,6,NA,3,0,2
2020-04-06T10:25:00Z,1,9,2,2,9,10,0,1
2020-04-06T10:25:00Z,6,0,8,9,3,1,0,1
2020-04-06T10:25:00Z,8,3,2,8,1,9,0,1
2020-04-06T10:25:00Z,9,10,8,1,1,4,0,1
2020-04-06T10:25:00Z,10,4,0,7,NA,9,0,1
2020-04-06T10:25:00Z,15,4,9.5,6.5,NA,9,0,2
2020-04-06T10:25:00Z,16,8,0.5,1.5,8,2.5,0,2
2020-04-06T10:25:00Z,18,7,9,10,NA,3,0,1
2020-04-06T10:30:00Z,3,3,7,0,0,8,0,1
2020-04-06T10:30:00Z,6,10,3.5,6,5,8.5,0,2
2020-04-06T10:30:00Z,9,7.5,4,5.5,3,1.5,0,2
2020-04-06T10:30:00Z,10,3,1,0,NA,4,0,1
2020-04-06T10:30:00Z,16,4,2,5,2,4,0,1
2020-04-06T10:35:00Z,3,7,9,10,4,7,0,1
2020-04-06T10:35:00Z,6,3,4.5,6.5,8.5,6.5,0,2
2020-04-06T10:35:00Z,10,5,9,10,NA,2,0,1
2020-04-06T10:35:00Z,12,5,10,8,NA,1,0,1
2020-04-06T10:35:00Z,15,10,4,0,NA,1,0,1
2020-04-06T10:40:00Z,6,4.666666666666667,5.666666666666667,3.6666666666666665,4.333333333333333,6.666666666666667,0,3
2020-04-06T10:40:00Z,8,7,3,1,NA,1,0,1
2020-04-06T10:40:00Z,9,8,4,7,2,7,0,1
2020-04-06T10:40:00Z,15,4.666666666666667,3.3333333333333335,3.3333333333333335,NA,5.333333333333333,0,3
2020-04-06T10:40:00Z,17,1,5,4,NA,10,0,1
2020-04-06T10:45:00Z,1,2,9,9,6,0,0,1
2020-04-06T10:45:00Z,2,7,1,7,NA,5,0,1
2020-04-06T10:45:00Z,3,10,3,9,9,5,0,1
2020-04-06T10:45:00Z,8,2,7,7,NA,9,0,1
2020-04-06T10:45:00Z,14,8,10,0,NA,8,0,1
2020-04-06T10:45:00Z,15,4,8,8,NA,3,0,1
2020-04-06T10:45:00Z,16,8,0,10,5,4,0,1
2020-04-06T10:45:00Z,18,1,8,10,NA,8,0,1
2020-04-06T10:50:00Z,6,8,4,6,2,9,0,1
2020-04-06T10:50:00Z,9,10,6,6,2,4,0,1
2020-04-06T10:50:00Z,12,5,8,2,NA,10,0,1
2020-04-06T10:50:00Z,14,7,2.5,4,NA,3.5,0,2
2020-04-06T10:50:00Z,15,2.5,6,4.5,NA,7,0,2
2020-04-06T10:55:00Z,2,5.333333333333333,6.333333333333333,5.333333333333333,NA,8.666666666666666,0,3
2020-04-06T10:55:00Z,6,3,2,8,2,3,0,1
2020-04-06T10:55:00Z,10,7,0,9,NA,1,0,1
2020-04-06T10:55:00Z,15,7,6,7,NA,5,0,1
2020-04-06T11:00:00Z,5,10,0,1,2,2,0,1
2020-04-06T11:00:00Z,6,2.5,3.5,3,4.5,3.5,0,2
2020-04-06T11:00:00Z,8,6,9,9,NA,3,0,1
2020-04-06T11:00:00Z,10,6,10,10,NA,8,0,1
2020-04-06T11:00:00Z,11,3,10,9,5,2,0,1
2020-04-06T11:00:00Z,15,7,10,5,NA,3,0,1
2020-04-06T11:00:00Z,16,7,1,4,7,2,0,1
2020-04-06T11:00:00Z,17,10,10,6,NA,0,0,1
2020-04-06T11:00:00Z,18,8,9,9,NA,10,0,1
2020-04-06T11:00:00Z,19,6,7,3,NA,7,0,1
2020-04-06T11:05:00Z,2,6,1.3333333333333333,4.333333333333333,NA,7.666666666666667,0,3
2020-04-06T11:05:00Z,3,2,8,6,2,10,0,1
2020-04-06T11:05:00Z,8,2,10,5,NA,7,1,1
2020-04-06T11:05:00Z,12,10,6,10,NA,6,0,1
2020-04-06T11:05:00Z,14,3.5,4,4,NA,6,0,2
2020-04-06T11:05:00Z,15,4,2,7.5,NA,8,0.5,2
2020-04-06T11:10:00Z,2,5.5,9,4,NA,7,0,2
2020-04-06T11:10:00Z,3,8,7,0,1,1,0,1
2020-04-06T11:10:00Z,9,9,5,8,10,6,0,1
2020-04-06T11:10:00Z,15,0,1,10,NA,5,0,1
2020-04-06T11:10:00Z,19,10,3,1,NA,6,0,1
2020-04-06T11:15:00Z,1,1,4,4,8,8,0,1
2020-04-06T11:15:00Z,2,0,9,9,NA,5,0,1
2020-04-06T11:15:00Z,3,3,1,5,4,6.5,0,2
2020-04-06T11:15:00Z,9,6.5,4,5,8.5,4.5,0,2
2020-04-06T11:15:00Z,12,1,6,0,NA,1,0,1
2020-04-06T11:15:00Z,15,3,1,7,NA,10,0,1
2020-04-06T11:15:00Z,16,7,10,4,7,3,0,1
2020-04-06T11:20:00Z,2,7,9,4,NA,6,0,1
2020-04-06T11:20:00Z,6,6,2,4,5.5,6,0,2
2020-04-06T11:20:00Z,8,5.5,3.5,6,NA,6,0.5,2
2020-04-06T11:20:00Z,15,4,2,10,NA,7,0,1
2020-04-06T11:20:00Z,17,3,2,8,NA,1,0,1
2020-04-06T11:20:00Z,19,6,5,6,NA,4.5,0,2
2020-04-06T11:25:00Z,6,6.666666666666667,8,2.6666666666666665,2.3333333333333335,7.666666666666667,0,3
2020-04-06T11:25:00Z,9,3,1,7,10,10,0,1
2020-04-06T11:25:00Z,10,3,9,9,NA,10,1,1
2020-04-06T11:25:00Z,15,0,0,5,NA,8,0,1
2020-04-06T11:25:00Z,16,8,3,1,5,9,1,1
2020-04-06T11:30:00Z,1,10,9,7,1,6,1,1
2020-04-06T11:30:00Z,3,0,9,1,10,8,0,1
2020-04-06T11:30:00Z,5,8,9,10,10,4,0,1
2020-04-06T11:30:00Z,8,0,6,2,NA,10,1,1
2020-04-06T11:30:00Z,12,9,5,1,NA,6,1,1
2020-04-06T11:30:00Z,15,7,10,10,NA,2,0,1
2020-04-06T11:35:00Z,2,6.5,0.5,5.5,NA,5.5,0,2
2020-04-06T11:35:00Z,5,2,0,3,2,7,0,1
2020-04-06T11:35:00Z,8,3,8,8,NA,6,0,1
2020-04-06T11:35:00Z,12,5,10,6,NA,8,0,1
2020-04-06T11:35:00Z,15,7,7.5,1,NA,3,0,2
2020-04-06T11:35:00Z,19,10,9,0,NA,3,0,1
2020-04-06T11:40:00Z,1,10,10,7,9,10,0,1
2020-04-06T11:40:00Z,3,3,2,4,10,6,0,1
2020-04-06T11:40:00Z,6,10,10,7,10,2,0,1
2020-04-06T11:40:00Z,8,2,1.5,2.5,NA,8.5,1,2
2020-04-06T11:40:00Z,9,10,7,5,10,0,0,1
2020-04-06T11:40:00Z,14,0,8,0,NA,8,0,1
2020-04-06T11:40:00Z,15,10,1,10,NA,2,0,1
2020-04-06T11:45:00Z,1,4,7,10,0,0,0,1
2020-04-06T11:45:00Z,2,3,3.5,6.5,NA,8.5,0,2
2020-04-06T11:45:00Z,3,5,10,5,0,10,0,1
2020-04-06T11:45:00Z,8,5,10,1,NA,6,0,1
2020-04-06T11:45:00Z,9,1,8,6,0,3,0,1
2020-04-06T11:45:00Z,10,10,10,6,NA,0,0,1
2020-04-06T11:45:00Z,13,2,1,10,NA,10,0,1
2020-04-06T11:45:00Z,14,2,2,9,NA,6,0,1
2020-04-06T11:45:00Z,16,0,1,5,9,3,0,1
2020-04-06T11:45:00Z,18,4,2,10,NA,0,1,1
2020-04-06T11:50:00Z,2,3,10,9,NA,3,0,1
2020-04-06T11:50:00Z,3,7,4,9,10,0,0,1
2020-04-06T11:50:00Z,6,4,2,9,1,7,0,1
2020-04-06T11:50:00Z,8,8,7,8.5,NA,2,0,2
2020-04-06T11:50:00Z,14,4,10,8,NA,10,0,1
2020-04-06T11:50:00Z,15,8,6,4,NA,8.5,0,2
2020-04-06T11:50:00Z,17,9,6,3,NA,10,0,1
2020-04-06T11:55:00Z,3,4,6,6,7,8,0,1
2020-04-06T11:55:00Z,12,10,6,10,NA,2,0,1
2020-04-06T11:55:00Z,13,1,1,9,NA,10,0,1
2020-04-06T11:55:00Z,15,6,8.666666666666666,5.333333333333333,NA,1.6666666666666667,0,3
2020-04-06T11:55:00Z,16,0,10,6,0,0,0,1
2020-04-06T12:00:00Z,1,4.5,3.5,8,7,4.5,0,2
2020-04-06T12:00:00Z,8,10,1,2,NA,10,0,1
2020-04-06T12:00:00Z,10,7,10,0,NA,6,0,1
2020-04-06T12:00:00Z,14,7,10,10,NA,4,0,1
2020-04-06T12:05:00Z,2,4,0,1,NA,9,0,1
2020-04-06T12:05:00Z,4,7,2,4,NA,6,0,1
2020-04-06T12:05:00Z,8,4.5,5.5,5.5,NA,6.5,0,2
2020-04-06T12:05:00Z,9,7,4,6,7,9,0,1
2020-04-06T12:05:00Z,10,5,5,7,NA,1,0,1
2020-04-06T12:05:00Z,12,3.5,6,5,7,4,0,2
2020-04-06T12:05:00Z,14,5,1,9,NA,7,0,1
2020-04-06T12:10:00Z,3,1,5,8,9,6,0,1
2020-04-06T12:10:00Z,5,6,1,4,6,9,0,1
2020-04-06T12:10:00Z,8,6.5,3.5,3.5,NA,4,0,2
2020-04-06T12:10:00Z,15,8,9,6,NA,9,0,2
2020-04-06T12:15:00Z,1,3,1,0,7,9,0,1
2020-04-06T12:15:00Z,2,5,9.5,9,NA,1.5,0,2
2020-04-06T12:15:00Z,5,5,1,10,5,4,0,1
2020-04-06T12:15:00Z,6,8.5,1.5,5.75,9,3.75,0,4
2020-04-06T12:15:00Z,8,0.5,5,7,NA,4,0.5,2
2020-04-06T12:15:00Z,14,9,8,8,NA,3,0,1
2020-04-06T12:15:00Z,18,6,0,8,NA,9,0,1
2020-04-06T12:20:00Z,5,2,1,6,1,0,0,1
2020-04-06T12:20:00Z,6,10,6,5,2,2,0,1
2020-04-06T12:20:00Z,8,6,7,4,NA,4,0,2
2020-04-06T12:20:00Z,9,2,7,2,2,7,0,1
2020-04-06T12:20:00Z,12,10,1,10,NA,1,0,1
2020-04-06T12:20:00Z,15,6.5,9,5,NA,4.5,0,2
2020-04-06T12:25:00Z,2,1,6,2,NA,4,0,1
2020-04-06T12:25:00Z,3,10,6,6.5,5,5.5,0,2
2020-04-06T12:25:00Z,6,4,6.5,10,5,2,0,2
2020-04-06T12:25:00Z,8,2.3333333333333335,5.333333333333333,1.3333333333333333,NA,7,0,3
2020-04-06T12:25:00Z,9,10,1,2,10,6,0,1
2020-04-06T12:25:00Z,15,1,1,6,NA,10,0,1
2020-04-06T12:25:00Z,16,0,4,2,3,4,0,1
2020-04-06T12:25:00Z,17,2,10,10,NA,9,0,1
2020-04-06T12:25:00Z,18,2,10,4,NA,1,0,1
2020-04-06T12:30:00Z,2,1,3,5,NA,4,0,1
2020-04-06T12:30:00Z,3,2,6,6,1,10,0,1
2020-04-06T12:30:00Z,8,3,8,5,NA,6,0,1
2020-04-06T12:30:00Z,9,7,4.5,2,5.5,4,0,2
2020-04-06T12:30:00Z,15,4,9,3,NA,4,0,1
2020-04-06T12:30:00Z,16,9,5,5,9,0,0,1
2020-04-06T12:30:00Z,19,6,5,0,NA,0,0,1
2020-04-06T12:35:00Z,2,10,8,1,NA,1,1,1
2020-04-06T12:35:00Z,3,6,9,10,3,1,0,1
2020-04-06T12:35:00Z,6,7,10,0,10,9,0,1
2020-04-06T12:35:00Z,8,9.5,6.5,3,NA,3,0,2
2020-04-06T12:35:00Z,9,6,10,1,10,8,0,1
2020-04-06T12:35:00Z,12,9,3,0,NA,1,0,1
2020-04-06T12:35:00Z,14,4,0,5,NA,10,0,1
2020-04-06T12:35:00Z,17,6,10,1,NA,10,0,1
2020-04-06T12:40:00Z,6,8,7,10,7,6,1,1
2020-04-06T12:40:00Z,8,8.5,4.5,4.5,NA,8.5,0,2
2020-04-06T12:40:00Z,12,1,9,3,NA,5,0,1
2020-04-06T12:45:00Z,2,5,2,10,NA,8,0,1
2020-04-06T12:45:00Z,3,7,0,9,10,10,0,1
2020-04-06T12:45:00Z,6,0,9,2,9,3,0,1
2020-04-06T12:45:00Z,8,7,10,5,NA,10,0,1
2020-04-06T12:45:00Z,10,8,4,7,NA,0,0,1
2020-04-06T12:50:00Z,3,7,9,7,0,8,0,1
2020-04-06T12:50:00Z,5,0,10,10,10,10,0,1
2020-04-06T12:50:00Z,8,8,6,4,NA,6,0,1
2020-04-06T12:50:00Z,19,3,7,1,NA,1,0,1
2020-04-06T12:55:00Z,2,6,10,9,NA,1,0,1
2020-04-06T12:55:00Z,3,0,8,6.5,4,7.5,0,2
2020-04-06T12:55:00Z,5,5,6,10,0,1,0,1
2020-04-06T12:55:00Z,6,4.75,4.5,6,3.75,6.25,0.25,4
2020-04-06T12:55:00Z,14,8,8,9,NA,1,0,2
2020-04-06T12:55:00Z,15,6,0,10,NA,8,0,1
2020-04-06T13:00:00Z,3,0,8,0,6,7,0,1
2020-04-06T13:00:00Z,6,7,4,7,1,2,0,1
2020-04-06T13:00:00Z,8,7,8,2,NA,10,0,1
2020-04-06T13:00:00Z,15,1,7.5,9.5,NA,1.5,0.5,2
2020-04-06T13:00:00Z,16,4,7,9,1.5,1.5,0,2
2020-04-06T13:05:00Z,6,9,5,10,4,9,0,1
2020-04-06T13:05:00Z,15,5,5,1,NA,3,0,1
2020-04-06T13:05:00Z,16,9,3,0,3,10,0,1
2020-04-06T13:10:00Z,3,3,10,2,1,1,0,1
2020-04-06T13:10:00Z,8,8,0,3,NA,10,0,1
2020-04-06T13:10:00Z,9,4,10,3,7,4,0,1
2020-04-06T13:10:00Z,10,3,1,3,NA,4,0,1
2020-04-06T13:10:00Z,12,5,1,9,NA,10,0,1
2020-04-06T13:10:00Z,13,8,4,10,NA,0,0,1
2020-04-06T13:10:00Z,17,2,1,8,NA,4,0,1
2020-04-06T13:10:00Z,19,3,3,3,NA,10,0,1
2020-04-06T13:15:00Z,1,9,2,4,8,9,0,1
2020-04-06T13:15:00Z,6,4,8.5,10,5.5,5,0,2
2020-04-06T13:15:00Z,8,4,6,2,NA,6,0,1
2020-04-06T13:15:00Z,10,6,10,7,NA,10,0,1
2020-04-06T13:15:00Z,12,10,4,1,NA,1,0,1
2020-04-06T13:15:00Z,15,6,5,9.5,NA,5.5,0,2
2020-04-06T13:15:00Z,17,1,0,3,NA,10,0,1
2020-04-06T13:20:00Z,3,6,5.5,9.5,8,1,0,2
2020-04-06T13:20:00Z,5,6,9.5,4,10,8,0,2
2020-04-06T13:20:00Z,7,NA,4,8,NA,NA,0,1
2020-04-06T13:20:00Z,8,4,4,3,NA,7,0,2
2020-04-06T13:20:00Z,9,7,4,5,5,5,0,2
2020-04-06T13:20:00Z,14,5,6,4,NA,3,0,1
2020-04-06T13:20:00Z,16,10,2,9,10,5,0,1
2020-04-06T13:20:00Z,17,7,8,10,NA,2,0,1
2020-04-06T13:20:00Z,18,4,2,10,NA,6,0,1
2020-04-06T13:20:00Z,19,7,4,2,NA,10,0,1
2020-04-06T13:25:00Z,3,3,4.5,4.5,5.25,6.75,0,4
2020-04-06T13:25:00Z,8,10,4,5,NA,6,0,1
2020-04-06T13:25:00Z,9,5,5,8,10,7,0,1
2020-04-06T13:25:00Z,15,7.5,7.5,5.5,NA,0.5,0,2
2020-04-06T13:25:00Z,16,3,1,3,10,1,0,1
2020-04-06T13:30:00Z,2,6.5,4,5.5,NA,5,0,2
2020-04-06T13:30:00Z,3,4,5,5,7,3,1,1
2020-04-06T13:30:00Z,11,7,7,8,4,5,0,1
2020-04-06T13:30:00Z,15,9,1,10,NA,10,0,1
2020-04-06T13:30:00Z,18,6.5,5,6.5,8,5,0,2
2020-04-06T13:35:00Z,6,2.6666666666666665,3.3333333333333335,6.666666666666667,7.333333333333333,5.666666666666667,0.3333333333333333,3
2020-04-06T13:35:00Z,8,2,6,5.166666666666667,NA,5.5,0.16666666666666666,6
2020-04-06T13:35:00Z,19,8,1,10,NA,2,0,1
2020-04-06T13:40:00Z,2,0,1,5.5,NA,10,0,2
2020-04-06T13:40:00Z,6,10,0,8,6,8,0,1
2020-04-06T13:40:00Z,8,5.5,5,1.5,NA,3.5,0,2
2020-04-06T13:40:00Z,14,10,1,5,NA,10,0,1
2020-04-06T13:40:00Z,15,6,6,4,NA,6,0,1
2020-04-06T13:45:00Z,2,2,8.666666666666666,7,NA,4,0,3
2020-04-06T13:45:00Z,3,2,8,7,4,7,0,1
2020-04-06T13:45:00Z,6,6,5,8.5,4,4,0,2
2020-04-06T13:45:00Z,9,5,5,7.333333333333333,3.3333333333333335,4,0,3
2020-04-06T13:45:00Z,15,5,5.5,6.5,NA,3.5,0.5,2
2020-04-06T13:45:00Z,18,5,5,2,NA,4,0,1
2020-04-06T13:50:00Z,2,3,6,4.5,NA,10,0,2
2020-04-06T13:50:00Z,3,0,10,6,0,10,0,1
2020-04-06T13:50:00Z,8,0,0,9,NA,4,0,1
2020-04-06T13:50:00Z,15,8.5,9,5,NA,3,0,2
2020-04-06T13:55:00Z,3,9,10,5,10,0,0,1
2020-04-06T13:55:00Z,8,3.5,3,1.5,NA,5,0.5,2
2020-04-06T13:55:00Z,11,3,3,4,9,10,0,1
2020-04-06T13:55:00Z,13,10,4,5,NA,8,0,1
2020-04-06T13:55:00Z,15,5.5,5.5,3,NA,3.5,0.5,2
2020-04-06T13:55:00Z,17,6,9,10,NA,4,0,1
2020-04-06T13:55:00Z,18,3,8,9,NA,8,0,1
2020-04-06T13:55:00Z,19,3,4,8,NA,3,0,1
2020-04-06T14:00:00Z,2,10,7,5,NA,5.5,0,2
2020-04-06T14:00:00Z,3,3,2.6666666666666665,5.333333333333333,6.333333333333333,7.666666666666667,0,3
2020-04-06T14:00:00Z,4,9,8,10,NA,10,0,1
2020-04-06T14:00:00Z,6,4,5,9,0,0,0,1
2020-04-06T14:00:00Z,9,3,1,2,2,8,0,1
2020-04-06T14:00:00Z,10,7,5,10,NA,10,0,1
2020-04-06T14:00:00Z,15,4.5,4.5,6.5,NA,4,0.5,2
2020-04-06T14:00:00Z,16,8,5,8,3,7,0,1
2020-04-06T14:00:00Z,18,8,2,5,NA,4,0,1
2020-04-06T14:05:00Z,1,9,1,1,7,1,0,1
2020-04-06T14:05:00Z,2,8.5,2.5,8,NA,7.5,0,2
2020-04-06T14:05:00Z,5,10,8,7,2,0,0,1
2020-04-06T14:05:00Z,16,9,1,3,2,0,0,1
2020-04-06T14:10:00Z,1,8,10,8,7,0,0,1
2020-04-06T14:10:00Z,2,10,7,6,NA,6,0,1
2020-04-06T14:10:00Z,3,7,4,5,0,8,1,1
2020-04-06T14:10:00Z,6,7,6,4,4,3,0,1
2020-04-06T14:10:00Z,8,10,7,2,NA,1,0,1
2020-04-06T14:10:00Z,9,2,3,6,3.5,5.5,0,2
2020-04-06T14:10:00Z,14,6,5.5,3,NA,2.5,1,2
2020-04-06T14:10:00Z,15,3,2,5,NA,9,0,1
2020-04-06T14:10:00Z,19,2,4,3,NA,9,0,1
2020-04-06T14:15:00Z,1,9,3,5,9,5,1,1
2020-04-06T14:15:00Z,6,4.333333333333333,7.666666666666667,3.6666666666666665,7.333333333333333,5.333333333333333,0,3
2020-04-06T14:15:00Z,14,10,5,7,NA,1,0,1
2020-04-06T14:15:00Z,15,5,8,3,NA,4,0,1
2020-04-06T14:15:00Z,16,9,1,3.5,5.5,4.5,0,2
2020-04-06T14:15:00Z,17,1,10,9,NA,7,0,1
2020-04-06T14:20:00Z,3,10,8,6,2,1,0,1
2020-04-06T14:20:00Z,6,1,10,0,5,7,0,1
2020-04-06T14:20:00Z,8,10,4,3,NA,6,0,1
2020-04-06T14:20:00Z,9,3.3333333333333335,4.666666666666667,5.333333333333333,6,7.333333333333333,0,3
2020-04-06T14:20:00Z,10,4,7,10,NA,8,1,1
2020-04-06T14:20:00Z,19,5,10,8,NA,10,0,1
2020-04-06T14:25:00Z,1,10,7,0,0,5,0,1
2020-04-06T14:25:00Z,2,6,1,8,NA,9,0,1
2020-04-06T14:25:00Z,5,2,5,6,10,7,0,1
2020-04-06T14:25:00Z,6,5,2,9,9,7,0,1
2020-04-06T14:25:00Z,7,NA,5,5,NA,NA,1,1
2020-04-06T14:25:00Z,10,0,8,2,NA,6,1,1
2020-04-06T14:25:00Z,12,6,10,0,NA,3,0,1
2020-04-06T14:25:00Z,15,2,2.5,5.5,NA,8,0,2
2020-04-06T14:25:00Z,16,6,1,0,4,8,0,1
2020-04-06T14:30:00Z,3,3.5,6,8,8,0.5,0,2
2020-04-06T14:30:00Z,6,5,3,1,1,1,0,1
2020-04-06T14:30:00Z,8,5,3.5,6.5,NA,1,0,2
2020-04-06T14:30:00Z,9,2,8,1,4,4,1,1
2020-04-06T14:35:00Z,1,0,0,0,0,0,0,1
2020-04-06T14:35:00Z,2,0,0,0,NA,1.25,0,4
2020-04-06T14:35:00Z,3,3.75,4.5,3,3.75,2.5,1,4
2020-04-06T14:35:00Z,4,0,0.14285714285714285,0.14285714285714285,NA,1.8571428571428572,2.142857142857143,7
2020-04-06T14:35:00Z,5,10,8,9,3,6,0,1
2020-04-06T14:35:00Z,6,2.75,4.5,3.5,1.75,4.75,0.25,4
2020-04-06T14:35:00Z,8,1.2857142857142858,1.8571428571428572,2.7142857142857144,NA,3.5714285714285716,0,7
2020-04-06T14:35:00Z,9,1.6,0.2,1,1.6,3.4,0.2,5
2020-04-06T14:35:00Z,12,0,0,0,NA,0,1,1
2020-04-06T14:35:00Z,13,0,1,3.5,NA,2,0,2
2020-04-06T14:35:00Z,14,0.6666666666666666,1.6666666666666667,0.6666666666666666,NA,3.3333333333333335,0.3333333333333333,3
2020-04-06T14:35:00Z,15,0.25,0,0,NA,1,0.25,4
2020-04-06T14:35:00Z,19,2.5,0,0,NA,2,0.5,2
2020-04-06T14:40:00Z,2,3,5,5,NA,6,0,1
2020-04-06T14:40:00Z,3,3.4545454545454546,2.909090909090909,2.909090909090909,2.272727272727273,3.1818181818181817,1.0909090909090908,11
2020-04-06T14:40:00Z,4,0,1,0,NA,2,2,1
2020-04-06T14:40:00Z,5,0.5,1,3,2.5,3,0.5,2
2020-04-06T14:40:00Z,6,0,0.3333333333333333,0,0,1,0.3333333333333333,3
2020-04-06T14:40:00Z,8,0.5,0.5,1.5,NA,4,1,2
2020-04-06T14:40:00Z,9,0,0,1,0.3333333333333333,3,1,3
2020-04-06T14:40:00Z,10,0,1,2,NA,4,0,1
2020-04-06T14:40:00Z,13,1,0,3,NA,3,0,1
2020-04-06T14:40:00Z,14,9.5,6.5,4.5,NA,7,0,2
2020-04-06T14:40:00Z,15,4.333333333333333,2.3333333333333335,2.6666666666666665,NA,5,0,3
2020-04-06T14:40:00Z,16,0,0,2,1,0,1,1
2020-04-06T14:40:00Z,17,7,10,5,NA,8,0,1
2020-04-06T14:40:00Z,19,2.5,0,0,NA,2.5,0.5,2
2020-04-06T14:45:00Z,1,0,1,0,0,2,0,1
2020-04-06T14:45:00Z,2,7.5,4,6,NA,7,0,2
2020-04-06T14:45:00Z,3,3.5555555555555554,2.888888888888889,3,2.111111111111111,2.7777777777777777,0.7777777777777778,9
2020-04-06T14:45:00Z,4,0,0,0,NA,2,1,1
2020-04-06T14:45:00Z,6,0,0,0,0,1,1,1
2020-04-06T14:45:00Z,8,0,0,1.5,NA,3,0,2
2020-04-06T14:45:00Z,9,0.5555555555555556,0.7777777777777778,1.5555555555555556,1.1111111111111112,3.6666666666666665,0.1111111111111111,9
2020-04-06T14:45:00Z,12,0,0.3333333333333333,0.3333333333333333,NA,1.3333333333333333,0.3333333333333333,3
2020-04-06T14:45:00Z,14,0,0,0.5,NA,2,0,2
2020-04-06T14:45:00Z,18,2.5,0,0.5,0,2,0,2
2020-04-06T14:45:00Z,19,3,0.3333333333333333,0.6666666666666666,NA,3.6666666666666665,0,3
2020-04-06T14:50:00Z,1,1,0.5,4,3.5,0,0.5,2
2020-04-06T14:50:00Z,2,3.6,3.2,0.8,NA,0.8,0.2,5
2020-04-06T14:50:00Z,3,3.5,4.166666666666667,3,3.6666666666666665,4,0.6666666666666666,6
2020-04-06T14:50:00Z,4,0,0,1,NA,2,2,1
2020-04-06T14:50:00Z,5,0,3,0,0,1,0,1
2020-04-06T14:50:00Z,6,0,0,0.5,0,0.5,0.5,2
2020-04-06T14:50:00Z,8,0.2,2,3.6,NA,2.4,0.2,5
2020-04-06T14:50:00Z,9,1.3333333333333333,0.8333333333333334,1.3333333333333333,0.8333333333333334,3.8333333333333335,0.16666666666666666,6
2020-04-06T14:50:00Z,10,0.3333333333333333,3.6666666666666665,3.6666666666666665,NA,2.6666666666666665,0,3
2020-04-06T14:50:00Z,11,0,0,0,2,0,2,1
2020-04-06T14:50:00Z,12,0.5,0,0,NA,0.5,1,2
2020-04-06T14:50:00Z,13,0,0,4,NA,3,0,1
2020-04-06T14:50:00Z,14,1,0,0,NA,3,1,1
2020-04-06T14:50:00Z,15,1,0,1,NA,2,0,1
2020-04-06T14:50:00Z,19,3,0,0,NA,4,1,1
2020-04-06T14:55:00Z,2,0,0,1,NA,1,0,2
2020-04-06T14:55:00Z,3,2.857142857142857,2.5714285714285716,3.2857142857142856,1.7142857142857142,3.2857142857142856,1.1428571428571428,7
2020-04-06T14:55:00Z,5,0,1,1,1,2,1,1
2020-04-06T14:55:00Z,6,2,6,2,9,7,1,1
2020-04-06T14:55:00Z,8,1.2,0.2,3.4,NA,2.8,0,5
2020-04-06T14:55:00Z,9,1,1.1666666666666667,1,0.16666666666666666,2.5,0,6
2020-04-06T14:55:00Z,10,0,0.3333333333333333,3.3333333333333335,NA,3.6666666666666665,0.3333333333333333,3
2020-04-06T14:55:00Z,13,1,4.5,7,NA,4.5,0,2
2020-04-06T14:55:00Z,14,6,10,0,NA,7,0,1
2020-04-06T14:55:00Z,15,2.3333333333333335,3.8333333333333335,4.333333333333333,NA,7.166666666666667,0.16666666666666666,6
2020-04-06T14:55:00Z,16,2,2,10,10,3,0,1
2020-04-06T14:55:00Z,18,5,4,3,NA,3,0,1
2020-04-06T14:55:00Z,19,4,0,0,NA,2,0,1
2020-04-06T15:00:00Z,2,2.75,1.75,5,NA,2.75,0.25,4
2020-04-06T15:00:00Z,3,3.875,2.625,3,2.25,3.25,1.125,8
2020-04-06T15:00:00Z,4,0,0,0,NA,2,3,1
2020-04-06T15:00:00Z,5,0.5,1.5,0.5,0,1,0,2
2020-04-06T15:00:00Z,8,1,1,1,NA,2.5,0,2
2020-04-06T15:00:00Z,9,1,0.25,0.75,0.25,3.75,0.25,4
2020-04-06T15:00:00Z,13,0,0,3,NA,1,1,1
2020-04-06T15:00:00Z,14,1,2,1,NA,2.5,0.25,4
2020-04-06T15:00:00Z,15,0,0,0,NA,2,2,1
2020-04-06T15:00:00Z,16,0,0,1,0,0,1.5,2
2020-04-06T15:00:00Z,19,2,0,0,NA,3,1,1
2020-04-06T15:05:00Z,2,1.25,2.5,1.5,NA,1,0,4
2020-04-06T15:05:00Z,3,3.2857142857142856,2.7142857142857144,2.4285714285714284,2.2857142857142856,2.857142857142857,1,7
2020-04-06T15:05:00Z,4,0,0,0,7,1,2,1
2020-04-06T15:05:00Z,5,2,1,2,0,7,0,1
2020-04-06T15:05:00Z,6,3.75,3.75,2.75,1.75,3.25,0.25,4
2020-04-06T15:05:00Z,8,0,0.2,2,NA,3.4,0.2,5
2020-04-06T15:05:00Z,9,0,0.25,0.75,0.25,2.75,0.25,4
2020-04-06T15:05:00Z,10,1,1,4,NA,4,1,1
2020-04-06T15:05:00Z,11,2,7,4,7,6,0,1
2020-04-06T15:05:00Z,12,0,0,0,NA,0.5,1,2
2020-04-06T15:05:00Z,16,0,0,1,1,0,0,1
2020-04-06T15:05:00Z,17,1,4.5,4,NA,3.5,0.5,2
2020-04-06T15:05:00Z,18,5,6,8,NA,3,0,1
2020-04-06T15:10:00Z,1,0,1,0,1,0,0,1
2020-04-06T15:10:00Z,2,3.3333333333333335,2,2.6666666666666665,NA,3.6666666666666665,0.6666666666666666,3
2020-04-06T15:10:00Z,3,3.3333333333333335,3,2.6666666666666665,2,2.3333333333333335,0.3333333333333333,3
2020-04-06T15:10:00Z,4,0,0,0,NA,2,1,1
2020-04-06T15:10:00Z,8,0.3333333333333333,3.6666666666666665,5,NA,7.333333333333333,0,3
2020-04-06T15:10:00Z,9,0,0.25,0.75,0,3,0,4
2020-04-06T15:10:00Z,10,0.3333333333333333,0.6666666666666666,2.6666666666666665,NA,4,0.3333333333333333,3
2020-04-06T15:10:00Z,11,1,0,0,3,1,0,1
2020-04-06T15:10:00Z,14,6,6,10,NA,4,0,1
2020-04-06T15:10:00Z,15,1,2.6666666666666665,1.3333333333333333,NA,3.6666666666666665,0.3333333333333333,3
2020-04-06T15:10:00Z,16,5,7,7,4,3,0,1
2020-04-06T15:10:00Z,19,3.3333333333333335,0,0,NA,2.6666666666666665,0.3333333333333333,3
2020-04-06T15:15:00Z,2,0,0,0,NA,1,1,1
2020-04-06T15:15:00Z,3,3.2,2.8,3.6,1.8,2.8,0.8,5
2020-04-06T15:15:00Z,5,3,4,8,4,7,0,1
2020-04-06T15:15:00Z,6,1.75,3,1.75,1.25,2.75,0.25,4
2020-04-06T15:15:00Z,8,0,0,2,NA,3,0,3
2020-04-06T15:15:00Z,10,0,0,3,NA,3,0,1
2020-04-06T15:15:00Z,12,4.5,2,3.5,NA,2,1.5,2
2020-04-06T15:15:00Z,14,1,0.5,0.5,NA,3,1,2
2020-04-06T15:15:00Z,15,2.2,2,0.2,NA,2,0,5
2020-04-06T15:15:00Z,16,8,5,7,10,3,0,1
2020-04-06T15:15:00Z,18,6,7,8,NA,5,0,1
2020-04-06T15:15:00Z,19,7.333333333333333,7,6.666666666666667,NA,4,0,3
2020-04-06T15:20:00Z,2,0,0.5,0,NA,0.5,0.5,2
2020-04-06T15:20:00Z,3,4,2.6666666666666665,3.6666666666666665,2.6666666666666665,4.333333333333333,0.6666666666666666,6
2020-04-06T15:20:00Z,5,0,1,0,0,0,1,1
2020-04-06T15:20:00Z,6,1.5,5.5,9.5,2.5,5,0,2
2020-04-06T15:20:00Z,8,3.3333333333333335,0.6666666666666666,4.333333333333333,NA,5,0.3333333333333333,3
2020-04-06T15:20:00Z,9,0.75,0.25,1.25,0.5,2.75,0,4
2020-04-06T15:20:00Z,10,4,0,1,NA,7,0,1
2020-04-06T15:20:00Z,12,0,1,0,NA,0,1,1
2020-04-06T15:20:00Z,13,0,1,3,NA,2,0,1
2020-04-06T15:20:00Z,14,1,0,1,NA,2,0,1
2020-04-06T15:20:00Z,15,3.6666666666666665,1,3.3333333333333335,NA,1.6666666666666667,0.3333333333333333,3
2020-04-06T15:20:00Z,16,0,0,0,1,0,0,1
2020-04-06T15:20:00Z,18,3,0,0,NA,1,0,1
2020-04-06T15:20:00Z,19,3,0,0,NA,3,0,1
2020-04-06T15:25:00Z,2,9,10,2,NA,9,0,1
2020-04-06T15:25:00Z,3,4.5,2.5,2.25,2,3.5,1,4
2020-04-06T15:25:00Z,4,0,0,0,NA,2,2,1
2020-04-06T15:25:00Z,6,0,0,0,1,1,1,1
2020-04-06T15:25:00Z,8,4.333333333333333,3,2.1666666666666665,NA,4.666666666666667,0.16666666666666666,6
2020-04-06T15:25:00Z,9,4.2,2.4,2,1.6,5,0,5
2020-04-06T15:25:00Z,13,0,0,5,NA,3,1,1
2020-04-06T15:25:00Z,14,4,0.3333333333333333,3,NA,3.6666666666666665,0,3
2020-04-06T15:25:00Z,15,1,6,0,NA,9,0,1
2020-04-06T15:25:00Z,18,1,5,1,NA,3,0,1
2020-04-06T15:25:00Z,19,10,8,7,NA,4,0,1
2020-04-06T15:30:00Z,1,6,6,9,7,2.5,0,2
2020-04-06T15:30:00Z,2,3.3333333333333335,3,0.3333333333333333,NA,4,0,3
2020-04-06T15:30:00Z,3,4,4.4,4.2,3.6,4,0.4,5
2020-04-06T15:30:00Z,4,0,0,0,NA,2,2,2
2020-04-06T15:30:00Z,5,0,2,0,1,0,0,1
2020-04-06T15:30:00Z,6,0,0,0.5,0,1.5,0.5,2
2020-04-06T15:30:00Z,8,0.75,0,2.25,7,3.25,0,4
2020-04-06T15:30:00Z,9,0.25,2.25,1.25,1.5,2.5,0.25,4
2020-04-06T15:30:00Z,10,0,1,3,NA,5,0,1
2020-04-06T15:30:00Z,15,0.3333333333333333,0.3333333333333333,0.3333333333333333,NA,1.3333333333333333,0,3
2020-04-06T15:30:00Z,17,8,10,4,NA,9,0,1
2020-04-06T15:30:00Z,19,7,2,9,NA,5,0,1
2020-04-06T15:35:00Z,2,6,10,5,NA,6,0,2
2020-04-06T15:35:00Z,3,2.5,3.5,3.25,2.25,3,0.75,4
2020-04-06T15:35:00Z,4,0,0,0,NA,2,2,1
2020-04-06T15:35:00Z,5,10,1,0,5,1,0,1
2020-04-06T15:35:00Z,6,4.333333333333333,2,5,4,3,0,3
2020-04-06T15:35:00Z,9,3.3333333333333335,3.3333333333333335,2.3333333333333335,0.3333333333333333,4,0,3
2020-04-06T15:35:00Z,12,0,0,0,NA,1,0.5,2
2020-04-06T15:35:00Z,14,7,0,9,NA,3,0,1
2020-04-06T15:35:00Z,15,1.6666666666666667,1,0.6666666666666666,NA,2,0,3
2020-04-06T15:35:00Z,19,5.5,3.5,1.5,NA,5,0,2
2020-04-06T15:40:00Z,1,1,0,0,0,0,0,1
2020-04-06T15:40:00Z,3,3.4,2.8,2.6,2.6,2.2,1,5
2020-04-06T15:40:00Z,5,0,3,0,1,1,0,1
2020-04-06T15:40:00Z,6,3.3333333333333335,5.666666666666667,6.666666666666667,3,6,0.3333333333333333,3
2020-04-06T15:40:00Z,8,1.6666666666666667,2.1666666666666665,3.3333333333333335,NA,3.8333333333333335,0.3333333333333333,6
2020-04-06T15:40:00Z,10,1.3333333333333333,2.6666666666666665,4,NA,6.333333333333333,0.6666666666666666,3
2020-04-06T15:40:00Z,12,2.5,2,3,NA,4,0,2
2020-04-06T15:40:00Z,15,0,1,0,NA,1,0,1
2020-04-06T15:40:00Z,16,0,0,1,2,0,0,1
2020-04-06T15:40:00Z,19,3,1,0,NA,2,2,1
2020-04-06T15:45:00Z,1,4,0,8,2,5,0,1
2020-04-06T15:45:00Z,2,6.5,4.5,6,NA,5.5,0,2
2020-04-06T15:45:00Z,3,3.3333333333333335,2.6666666666666665,2.6666666666666665,1.6666666666666667,3.6666666666666665,1,3
2020-04-06T15:45:00Z,4,0,0,0,NA,1.5,2.5,2
2020-04-06T15:45:00Z,6,6.666666666666667,3,1,6.666666666666667,8.333333333333334,0,3
2020-04-06T15:45:00Z,8,0.5,0,2,NA,2.5,0.25,4
2020-04-06T15:45:00Z,9,0,2,2,0,4,0,1
2020-04-06T15:45:00Z,11,5,8,4,2,8,0,1
2020-04-06T15:45:00Z,12,1,1,0,NA,1,1,1
2020-04-06T15:45:00Z,14,0,1,0,NA,2,0,1
2020-04-06T15:45:00Z,15,1,0.5,3,NA,3,0,2
2020-04-06T15:45:00Z,19,2.5,0,1,NA,3,0,2
2020-04-06T15:50:00Z,1,6.5,5.5,5.5,2.5,8,0,2
2020-04-06T15:50:00Z,3,3.3333333333333335,3,3.3333333333333335,1.3333333333333333,3.3333333333333335,0.6666666666666666,3
2020-04-06T15:50:00Z,4,0.5,0,0.5,NA,1.5,1.5,2
2020-04-06T15:50:00Z,5,0,2,0,1,1,0,1
2020-04-06T15:50:00Z,6,0,1,0,0,1,0,1
2020-04-06T15:50:00Z,8,0.5,0,1.5,NA,3,0,2
2020-04-06T15:50:00Z,9,0,2,0,0,3,0,1
2020-04-06T15:50:00Z,10,4,2,6,NA,4,0,2
2020-04-06T15:50:00Z,12,1,0,0,NA,1,1,1
2020-04-06T15:50:00Z,13,0,1,5,NA,2,0,1
2020-04-06T15:50:00Z,14,4,3.5,4.5,NA,1,0.5,2
2020-04-06T15:50:00Z,15,0.5,0,0.5,NA,1,0,2
2020-04-06T15:50:00Z,16,0,0,2,2,1,0,1
2020-04-06T15:50:00Z,18,6.666666666666667,0.3333333333333333,6.333333333333333,NA,1.6666666666666667,0,3
2020-04-06T15:50:00Z,19,9,1,5,NA,5,0,1
2020-04-06T15:55:00Z,1,0,2,8,3,1,0,1
2020-04-06T15:55:00Z,2,0,0,0,NA,0,1,1
2020-04-06T15:55:00Z,3,3,3,3,1,3,1,1
2020-04-06T15:55:00Z,4,0,0.3333333333333333,3.6666666666666665,NA,2.3333333333333335,1.3333333333333333,3
2020-04-06T15:55:00Z,6,0,0,0,0,0,0,1
2020-04-06T15:55:00Z,8,4.333333333333333,3.3333333333333335,2.6666666666666665,NA,6,0,3
2020-04-06T15:55:00Z,9,0.5,0.5,1.5,0.5,2,0.5,2
2020-04-06T15:55:00Z,11,7,10,4,3,3,0,1
2020-04-06T15:55:00Z,15,2,6,6,NA,4,0,1
2020-04-06T15:55:00Z,19,2,0,0,NA,2,1,1
2020-04-06T16:00:00Z,1,0.5,0,0,0.5,0,0.5,2
2020-04-06T16:00:00Z,2,2,1.6666666666666667,1.6666666666666667,NA,2.5,0.3333333333333333,6
2020-04-06T16:00:00Z,3,2.8181818181818183,3.3636363636363638,3.090909090909091,2.5454545454545454,3.6363636363636362,0.5454545454545454,11
2020-04-06T16:00:00Z,4,1,1,0,NA,2,1,1
2020-04-06T16:00:00Z,5,0.8,3.5,0.5,2.2,0.6,0.2,10
2020-04-06T16:00:00Z,6,1.75,0.375,1.125,1.25,1.25,0,8
2020-04-06T16:00:00Z,8,0.18181818181818182,0.36363636363636365,2.272727272727273,NA,3.272727272727273,0.2727272727272727,11
2020-04-06T16:00:00Z,9,0.16666666666666666,0.16666666666666666,1.25,0.3333333333333333,2.75,0,12
2020-04-06T16:00:00Z,10,0,0.25,3,NA,4.75,0,4
2020-04-06T16:00:00Z,11,6,10,10,3,1,0,1
2020-04-06T16:00:00Z,12,0.5,0.5,0,NA,0.5,1,2
2020-04-06T16:00:00Z,13,0.5,0.5,4.5,NA,1,0,2
2020-04-06T16:00:00Z,14,2.25,0.75,2,NA,1.5,0.25,4
2020-04-06T16:00:00Z,15,1.5,3,2.5,NA,2.25,0,4
2020-04-06T16:00:00Z,16,0.5,0,1,0,0,0.5,2
2020-04-06T16:00:00Z,18,2.5,0.5,0.5,NA,2,0.5,2
2020-04-06T16:00:00Z,19,3,0,0,NA,3.3333333333333335,0.6666666666666666,3
2020-04-06T16:05:00Z,1,0,0,0,0,0,0,1
2020-04-06T16:05:00Z,2,1.2222222222222223,0.8888888888888888,3.2222222222222223,NA,3.2222222222222223,0.3333333333333333,9
2020-04-06T16:05:00Z,3,3,3.2857142857142856,3.238095238095238,2.7142857142857144,3.761904761904762,0.47619047619047616,21
2020-04-06T16:05:00Z,4,0,0.6666666666666666,0.3333333333333333,NA,1.3333333333333333,0.6666666666666666,3
2020-04-06T16:05:00Z,5,0.5,1.8333333333333333,0.5,0.5,1.1666666666666667,0.16666666666666666,6
2020-04-06T16:05:00Z,6,1.5,1.9,1.1,1.5,1.6,0.1,10
2020-04-06T16:05:00Z,8,0.391304347826087,0.21739130434782608,2,NA,2.8260869565217392,0.21739130434782608,23
2020-04-06T16:05:00Z,9,0.1111111111111111,0.1111111111111111,0.8888888888888888,0.05555555555555555,3.2222222222222223,0.16666666666666666,18
2020-04-06T16:05:00Z,10,0.42857142857142855,0.42857142857142855,2.142857142857143,NA,3.7142857142857144,0.14285714285714285,7
2020-04-06T16:05:00Z,11,0,0.5,0,2,1,0,2
2020-04-06T16:05:00Z,12,1,0,0,NA,0,1,1
2020-04-06T16:05:00Z,13,0.5,0.75,4.75,NA,2.25,0.5,4
2020-04-06T16:05:00Z,14,0,0.6,0.2,NA,2,0,5
2020-04-06T16:05:00Z,15,0.625,0.375,0.875,NA,1.5,0,8
2020-04-06T16:05:00Z,16,0,0.3333333333333333,0.6666666666666666,0,0,0,3
2020-04-06T16:05:00Z,17,0,1,1,NA,0,0,1
2020-04-06T16:05:00Z,18,1.75,0,0.375,NA,2,0.25,8
2020-04-06T16:05:00Z,19,3,0.4,0.2,NA,3,0.4,5
2020-04-06T16:10:00Z,1,0,1,0,0,1,0,1
2020-04-06T16:10:00Z,2,0.25,1.25,0.5,NA,1,0,8
2020-04-06T16:10:00Z,3,3.3333333333333335,3.0952380952380953,3.238095238095238,2.4761904761904763,3.1904761904761907,0.3333333333333333,21
2020-04-06T16:10:00Z,4,0.25,0,0,NA,1.5,0,4
2020-04-06T16:10:00Z,5,0.3333333333333333,1.3333333333333333,0.3333333333333333,0,0.3333333333333333,0,3
2020-04-06T16:10:00Z,6,0.3,0.5,0.1,0.3,1,0,10
2020-04-06T16:10:00Z,8,1,0.8461538461538461,1.5384615384615385,NA,3,0.3076923076923077,13
2020-04-06T16:10:00Z,9,0.08,0.2,1.12,0.24,3.28,0.16,25
2020-04-06T16:10:00Z,10,0.3076923076923077,0,3.076923076923077,NA,3.923076923076923,0,13
2020-04-06T16:10:00Z,11,0.14285714285714285,0.2857142857142857,0.7142857142857143,2.2857142857142856,1.2857142857142858,0.2857142857142857,7
2020-04-06T16:10:00Z,12,1,5,5,NA,0.5,0.5,2
2020-04-06T16:10:00Z,13,0.6666666666666666,0,4.333333333333333,NA,2.3333333333333335,0,3
2020-04-06T16:10:00Z,14,0.6,0,0,NA,2,0.4,5
2020-04-06T16:10:00Z,15,1,0.6,0.8666666666666667,NA,1.4,0.2,15
2020-04-06T16:10:00Z,16,0,0.2,0.8,0,0.2,0,5
2020-04-06T16:10:00Z,17,0.5,0,0,NA,0,0,2
2020-04-06T16:10:00Z,18,1.7142857142857142,0.42857142857142855,0,NA,1.7142857142857142,0.14285714285714285,7
2020-04-06T16:10:00Z,19,3.142857142857143,0,0.2857142857142857,NA,2.857142857142857,0.14285714285714285,7
2020-04-06T16:15:00Z,1,1,4,4,0,2,0.3333333333333333,3
2020-04-06T16:15:00Z,2,0.2222222222222222,0.3333333333333333,0.2222222222222222,NA,0.5555555555555556,0.3333333333333333,9
2020-04-06T16:15:00Z,3,3.260869565217391,2.739130434782609,3,2.0434782608695654,3,0.5652173913043478,23
2020-04-06T16:15:00Z,4,0,0,1.5,NA,2,0.5,2
2020-04-06T16:15:00Z,5,0.14285714285714285,2.142857142857143,0.42857142857142855,0.2857142857142857,1.2857142857142858,0.14285714285714285,7
2020-04-06T16:15:00Z,6,0.5714285714285714,1.1428571428571428,1.5714285714285714,1.5714285714285714,2.2857142857142856,0.14285714285714285,7
2020-04-06T16:15:00Z,8,0.3888888888888889,0.3888888888888889,1.7222222222222223,NA,3.111111111111111,0.2777777777777778,18
2020-04-06T16:15:00Z,9,0.6363636363636364,1.1363636363636365,1.5,0.7727272727272727,3,0.36363636363636365,22
2020-04-06T16:15:00Z,10,0.4,0.4,3.2,NA,4.4,0.8,5
2020-04-06T16:15:00Z,11,0.5,0,0.5,2,1.5,0,2
2020-04-06T16:15:00Z,12,0.5,0,0,NA,0.5,0,2
2020-04-06T16:15:00Z,13,0.2,1.8,3.4,NA,3.6,0,5
2020-04-06T16:15:00Z,14,3,2.75,0.75,NA,3.5,0,4
2020-04-06T16:15:00Z,15,1.25,1,0.875,0,2,0.25,8
2020-04-06T16:15:00Z,16,0.25,0.25,2.75,2.25,1.5,0,4
2020-04-06T16:15:00Z,17,0,0,0,NA,0,0,1
2020-04-06T16:15:00Z,18,2,0.25,0.25,NA,2.25,0,4
2020-04-06T16:15:00Z,19,3.5555555555555554,0.4444444444444444,0.6666666666666666,1,3.5555555555555554,0.2222222222222222,9
2020-04-06T16:20:00Z,1,0,0,0,0,0,0,1
2020-04-06T16:20:00Z,2,1.0909090909090908,0.5454545454545454,1.4545454545454546,NA,2.3636363636363638,0.36363636363636365,11
2020-04-06T16:20:00Z,3,3.4375,2.75,2.6875,2,3.6875,0.6875,16
2020-04-06T16:20:00Z,4,0.5,0,0.5,NA,2,0,2
2020-04-06T16:20:00Z,5,1.3333333333333333,3,1.6666666666666667,0.6666666666666666,3.6666666666666665,0.3333333333333333,3
2020-04-06T16:20:00Z,6,0.6923076923076923,1.1538461538461537,0.7692307692307693,0.9230769230769231,0.9230769230769231,0.23076923076923078,13
2020-04-06T16:20:00Z,8,0.6666666666666666,1.3888888888888888,2.0555555555555554,NA,3.1666666666666665,0.16666666666666666,18
2020-04-06T16:20:00Z,9,0.35,0.05,1,0.35,3.1,0.15,20
2020-04-06T16:20:00Z,10,0,0.25,2.875,NA,3.75,0.5,8
2020-04-06T16:20:00Z,11,0,0,0,3,0,0,1
2020-04-06T16:20:00Z,12,1,0.5,0.5,NA,2,0.5,2
2020-04-06T16:20:00Z,13,0.6666666666666666,0,4,NA,1.6666666666666667,0,3
2020-04-06T16:20:00Z,14,0.14285714285714285,0.2857142857142857,0.2857142857142857,NA,1.5714285714285714,0.14285714285714285,7
2020-04-06T16:20:00Z,15,2,2.090909090909091,3.090909090909091,3,2.909090909090909,0.45454545454545453,11
2020-04-06T16:20:00Z,16,0.2,0.4,0.4,0.2,0,0.4,5
2020-04-06T16:20:00Z,17,0.5,0.5,1,NA,0.5,0.5,2
2020-04-06T16:20:00Z,18,1.6666666666666667,0.1111111111111111,0.7777777777777778,NA,3.111111111111111,0,9
2020-04-06T16:20:00Z,19,3.2857142857142856,0.42857142857142855,0.5714285714285714,NA,3.142857142857143,0.14285714285714285,7
2020-04-06T16:25:00Z,1,2.5,0.5,5.5,5.5,0,0,2
2020-04-06T16:25:00Z,2,0.8333333333333334,0.3333333333333333,0.16666666666666666,NA,1.5,0.5,6
2020-04-06T16:25:00Z,3,3.8,3.2,2.5,2,3.6,0.8,10
2020-04-06T16:25:00Z,4,0.2,0.4,0.4,0,2.2,0.8,5
2020-04-06T16:25:00Z,5,0.16666666666666666,2.3333333333333335,0.6666666666666666,0.16666666666666666,1,0.16666666666666666,6
2020-04-06T16:25:00Z,6,0.42857142857142855,0.14285714285714285,0.42857142857142855,0.14285714285714285,1.1428571428571428,0.14285714285714285,7
2020-04-06T16:25:00Z,8,0.2777777777777778,0.4444444444444444,2.111111111111111,NA,2.7222222222222223,0.2222222222222222,18
2020-04-06T16:25:00Z,9,0.15789473684210525,0.42105263157894735,1.3157894736842106,0.21052631578947367,3.263157894736842,0.2631578947368421,19
2020-04-06T16:25:00Z,10,0.3333333333333333,0.1111111111111111,3.3333333333333335,NA,4.222222222222222,0.1111111111111111,9
2020-04-06T16:25:00Z,11,0.5,0.6666666666666666,1.8333333333333333,3,2.5,0,6
2020-04-06T16:25:00Z,12,0.6666666666666666,1.3333333333333333,2.6666666666666665,NA,5.333333333333333,0.3333333333333333,3
2020-04-06T16:25:00Z,13,0.4,0.2,3.8,NA,2.2,0.2,5
2020-04-06T16:25:00Z,14,0.14285714285714285,0.2857142857142857,0.2857142857142857,NA,2.142857142857143,0.2857142857142857,7
2020-04-06T16:25:00Z,15,0.25,0.5,0,NA,0.75,0.25,4
2020-04-06T16:25:00Z,16,1,0,1,0,0,0,1
2020-04-06T16:25:00Z,17,0,0,0,NA,0,0,1
2020-04-06T16:25:00Z,18,4.5,1.5,2.5,NA,3.5,0.25,4
2020-04-06T16:25:00Z,19,4,1.25,0.375,NA,3.375,0.375,8
2020-04-06T16:30:00Z,1,2,0,0,1,0,0,1
2020-04-06T16:30:00Z,2,1.2,0.5,0.8,NA,0.8,0.1,10
2020-04-06T16:30:00Z,3,3.111111111111111,3,3.2777777777777777,2.2222222222222223,2.888888888888889,0.6111111111111112,18
2020-04-06T16:30:00Z,4,0,0.5,0,4.5,2,0.75,4
2020-04-06T16:30:00Z,5,0.5,2.25,0.25,0.25,1,0.5,4
2020-04-06T16:30:00Z,6,0.36363636363636365,0,0.18181818181818182,0.18181818181818182,0.9090909090909091,0.18181818181818182,11
2020-04-06T16:30:00Z,7,NA,3,3,NA,NA,0,1
2020-04-06T16:30:00Z,8,0.1111111111111111,0.2777777777777778,2,NA,3.111111111111111,0.05555555555555555,18
2020-04-06T16:30:00Z,9,0.8125,0.5625,1.6875,1.5,3.0625,0.25,16
2020-04-06T16:30:00Z,10,0.4,0.2,3.2,NA,4.2,0.2,5
2020-04-06T16:30:00Z,11,0.3333333333333333,0.6666666666666666,0.3333333333333333,0.6666666666666666,0.3333333333333333,0.3333333333333333,3
2020-04-06T16:30:00Z,12,7,8,6,NA,4,0,1
2020-04-06T16:30:00Z,13,0,0,4,NA,2.25,0.25,4
2020-04-06T16:30:00Z,14,0.25,0,0.75,NA,2.75,0.5,4
2020-04-06T16:30:00Z,15,0.5,0,0,NA,1.5,0,2
2020-04-06T16:30:00Z,16,0,1,2,0,0,0,1
2020-04-06T16:30:00Z,17,0,1,0,NA,1,0,1
2020-04-06T16:30:00Z,18,9,1,10,NA,10,0,1
2020-04-06T16:30:00Z,19,2.4285714285714284,1.7142857142857142,0.42857142857142855,NA,3.2857142857142856,0,7
2020-04-06T16:35:00Z,1,5,2,8,8,8,0,1
2020-04-06T16:35:00Z,2,0,0.42857142857142855,0.42857142857142855,NA,0.7142857142857143,0.14285714285714285,7
2020-04-06T16:35:00Z,3,2.6,2.8,2.9,2.3,3.5,0.5,10
2020-04-06T16:35:00Z,4,0.5,0.75,2.25,NA,1,0.75,4
2020-04-06T16:35:00Z,5,0.5,2,0,0,0.5,0,2
2020-04-06T16:35:00Z,6,0.35714285714285715,0.14285714285714285,0.2857142857142857,0.5,1.5,0.14285714285714285,14
2020-04-06T16:35:00Z,8,0.7368421052631579,0.6842105263157895,2.1578947368421053,NA,3.263157894736842,0.3157894736842105,19
2020-04-06T16:35:00Z,9,0.75,0.75,1.1875,1.1875,3.125,0.125,16
2020-04-06T16:35:00Z,12,0,0,0,NA,1,0,1
2020-04-06T16:35:00Z,13,0.6,0.4,3.4,1,2,0,5
2020-04-06T16:35:00Z,14,0,0,0,NA,2,0,2
2020-04-06T16:35:00Z,15,0.4,0.1,0.2,NA,0.9,0.2,10
2020-04-06T16:35:00Z,16,0,0,1,0.6666666666666666,0,0.3333333333333333,3
2020-04-06T16:35:00Z,18,1.6666666666666667,0.3333333333333333,0.3333333333333333,NA,1.8333333333333333,0.16666666666666666,6
2020-04-06T16:35:00Z,19,2.6666666666666665,2.3333333333333335,0.4444444444444444,NA,4.222222222222222,0.4444444444444444,9
2020-04-06T16:40:00Z,1,0.3333333333333333,0.3333333333333333,0.3333333333333333,0.3333333333333333,0.3333333333333333,0,3
2020-04-06T16:40:00Z,2,0.2,0,0.6,NA,0.4,0,5
2020-04-06T16:40:00Z,3,3.066666666666667,2.6666666666666665,3.066666666666667,1.9333333333333333,3.2666666666666666,0.8,15
2020-04-06T16:40:00Z,5,1,2,0,0,1,0,2
2020-04-06T16:40:00Z,6,0.3,0.5,0.2,0.2,0.9,0.1,10
2020-04-06T16:40:00Z,8,0.25,0.85,1.95,NA,2.75,0.25,20
2020-04-06T16:40:00Z,9,0.16666666666666666,0.08333333333333333,1.1666666666666667,0.08333333333333333,2.5833333333333335,0.25,12
2020-04-06T16:40:00Z,10,0.3333333333333333,0.3333333333333333,2,NA,4,0.3333333333333333,3
2020-04-06T16:40:00Z,11,0,0,0,1,1,1,1
2020-04-06T16:40:00Z,12,3,6,4,NA,0,0,1
2020-04-06T16:40:00Z,13,0,0,5.5,NA,2,0,2
2020-04-06T16:40:00Z,14,1.75,1.25,0,NA,2.25,0.25,4
2020-04-06T16:40:00Z,15,0.4,0.3,0.5,NA,1.6,0,10
2020-04-06T16:40:00Z,16,0.3333333333333333,0,1.6666666666666667,0,0,0.6666666666666666,3
2020-04-06T16:40:00Z,18,1,1,0,NA,2,0,1
2020-04-06T16:40:00Z,19,4.75,1.5,1.5,NA,4,0.25,4
2020-04-06T16:45:00Z,2,1.4444444444444444,1.1111111111111112,1.8888888888888888,NA,2.2222222222222223,0.2222222222222222,9
2020-04-06T16:45:00Z,3,3.3333333333333335,3.0833333333333335,3.0833333333333335,2.25,2.75,0.6666666666666666,12
2020-04-06T16:45:00Z,4,0.3333333333333333,0,0,NA,2.6666666666666665,0,3
2020-04-06T16:45:00Z,5,0.3333333333333333,1.3333333333333333,0,0,1.3333333333333333,0.6666666666666666,3
2020-04-06T16:45:00Z,6,0.8571428571428571,1.2857142857142858,0.8571428571428571,0.5714285714285714,1.1428571428571428,0.5714285714285714,7
2020-04-06T16:45:00Z,8,0.6666666666666666,0.6666666666666666,2.2,NA,3.533333333333333,0.26666666666666666,15
2020-04-06T16:45:00Z,9,0.2,0.2,1,0,2.8,0,5
2020-04-06T16:45:00Z,10,0.16666666666666666,0.16666666666666666,3.1666666666666665,4,3.8333333333333335,0,6
2020-04-06T16:45:00Z,11,0.6666666666666666,0,0.3333333333333333,1.6666666666666667,0,1,3
2020-04-06T16:45:00Z,12,0,0,2,NA,1,0,1
2020-04-06T16:45:00Z,13,0.2,0,4,NA,1.8,0.2,5
2020-04-06T16:45:00Z,14,0,0.5,0,7,1.25,0.25,4
2020-04-06T16:45:00Z,15,0.1,0.5,0.2,NA,0.8,0.4,10
2020-04-06T16:45:00Z,16,0,1,1,0,1,0,1
2020-04-06T16:45:00Z,18,2.4,0,0.2,8,2.4,0.4,5
2020-04-06T16:45:00Z,19,3.4285714285714284,0.2857142857142857,0.14285714285714285,NA,3.142857142857143,0.2857142857142857,7
2020-04-06T16:50:00Z,1,0,0,0,0,0,0,1
2020-04-06T16:50:00Z,2,0.25,0.25,0.375,10,1,0,8
2020-04-06T16:50:00Z,3,3.2222222222222223,2.888888888888889,3.2222222222222223,2.3333333333333335,3.3333333333333335,0.4444444444444444,9
2020-04-06T16:50:00Z,5,1,2,1,1,2,1,1
2020-04-06T16:50:00Z,6,2.3,1,2.2,1.3,2.7,0.2,10
2020-04-06T16:50:00Z,8,0.3333333333333333,0.16666666666666666,1.6666666666666667,NA,3.0833333333333335,0.16666666666666666,12
2020-04-06T16:50:00Z,9,1.6428571428571428,0.7857142857142857,1.3571428571428572,1.5,3.7142857142857144,0.42857142857142855,14
2020-04-06T16:50:00Z,10,0.25,0.25,3.25,NA,4.25,0.25,4
2020-04-06T16:50:00Z,11,0.3333333333333333,0.3333333333333333,0,1.3333333333333333,1.3333333333333333,0,3
2020-04-06T16:50:00Z,13,0.6,0,4.6,NA,2.4,0.2,5
2020-04-06T16:50:00Z,14,0.5,0.5,0,NA,2.5,0,2
2020-04-06T16:50:00Z,15,1.25,0.375,0.5,NA,1.625,0.125,8
2020-04-06T16:50:00Z,16,0,0,0,0,0,0,1
2020-04-06T16:50:00Z,18,2,0.2,0.4,NA,2.6,0.2,5
2020-04-06T16:50:00Z,19,2.6666666666666665,0,0.3333333333333333,NA,2.3333333333333335,0,3
2020-04-06T16:55:00Z,1,0,0,0,1,1,1,1
2020-04-06T16:55:00Z,2,0.2,0.2,0.2,NA,1,0,5
2020-04-06T16:55:00Z,3,3.5384615384615383,4.3076923076923075,3.1538461538461537,2.769230769230769,2.769230769230769,0.6923076923076923,13
2020-04-06T16:55:00Z,4,0,0,0,NA,3,2,1
2020-04-06T16:55:00Z,5,0.3333333333333333,1.6666666666666667,0,0.3333333333333333,1,0.3333333333333333,3
2020-04-06T16:55:00Z,6,0.5,0,0.5,0.5,1.5,1,2
2020-04-06T16:55:00Z,8,1,0.45454545454545453,2.090909090909091,NA,3.4545454545454546,0.2727272727272727,11
2020-04-06T16:55:00Z,9,0.5555555555555556,1.1111111111111112,1.5555555555555556,2,3,0,9
2020-04-06T16:55:00Z,10,0.3333333333333333,0.3333333333333333,3,9,4.5,0.3333333333333333,6
2020-04-06T16:55:00Z,11,1,0.5,0.5,3,1.5,0,2
2020-04-06T16:55:00Z,13,0,0,4,NA,3,1,1
2020-04-06T16:55:00Z,14,0.5,0.25,0.5,NA,1.25,0,4
2020-04-06T16:55:00Z,15,0.2857142857142857,0,0.14285714285714285,NA,0.7142857142857143,0.2857142857142857,7
2020-04-06T16:55:00Z,16,1,1.6,1,1,1.6,0.2,5
2020-04-06T16:55:00Z,19,4.333333333333333,1,0.3333333333333333,9,5,0.3333333333333333,3
2020-04-06T17:00:00Z,2,1.3636363636363635,1.6363636363636365,1.9090909090909092,10,1.8181818181818181,0.09090909090909091,11
2020-04-06T17:00:00Z,3,3.6,2.8,3.6,2,3,0.5,10
2020-04-06T17:00:00Z,4,1,0,0,3,4,0,1
2020-04-06T17:00:00Z,5,0.75,1.5,0.25,0.75,1.25,0.25,4
2020-04-06T17:00:00Z,6,1,0.5,0.6666666666666666,0.5,0.8333333333333334,0.3333333333333333,6
2020-04-06T17:00:00Z,8,0.09090909090909091,0.2727272727272727,2,NA,3.272727272727273,0.36363636363636365,11
2020-04-06T17:00:00Z,9,1.1,1.1,0.9,1.3,2.6,0.3,10
2020-04-06T17:00:00Z,10,0.16666666666666666,0.3333333333333333,3,NA,3.8333333333333335,0.3333333333333333,6
2020-04-06T17:00:00Z,11,1,1,1,3,0,0,1
2020-04-06T17:00:00Z,13,0,0,3,NA,2,0,1
2020-04-06T17:00:00Z,14,0.2,0.4,0.2,NA,2,0.4,5
2020-04-06T17:00:00Z,15,2.1666666666666665,1.6666666666666667,1.8333333333333333,NA,2.6666666666666665,0,6
2020-04-06T17:00:00Z,16,1.2,0.2,1.8,0.6,0.4,0.2,5
2020-04-06T17:00:00Z,18,2.5,0.5,0,NA,2,0.5,2
2020-04-06T17:00:00Z,19,3.25,1.125,0.5,NA,3.375,0.25,8
2020-04-06T17:05:00Z,2,0,0,1,NA,3,0,1
2020-04-06T17:05:00Z,3,3.125,2.8125,3,2.25,3.1875,0.5,16
2020-04-06T17:05:00Z,4,0,0.3333333333333333,0,NA,1.6666666666666667,0.3333333333333333,3
2020-04-06T17:05:00Z,5,1.5,1.5,1,3,0.8333333333333334,0.16666666666666666,6
2020-04-06T17:05:00Z,6,1.5,3,1,3,5.5,0,2
2020-04-06T17:05:00Z,8,0.125,0.25,1.875,NA,3.25,0,8
2020-04-06T17:05:00Z,9,0.75,2,1.75,2,3.5,0,4
2020-04-06T17:05:00Z,11,0.3333333333333333,0.6666666666666666,0,2,0.6666666666666666,0,3
2020-04-06T17:05:00Z,12,0,0,0,NA,1.25,1,4
2020-04-06T17:05:00Z,13,0,0.5,4,NA,2,0.5,2
2020-04-06T17:05:00Z,14,1,0,0,NA,3,0,1
2020-04-06T17:05:00Z,15,0.2,0.4,0.2,NA,1,0.2,5
2020-04-06T17:05:00Z,16,0.6666666666666666,2.6666666666666665,3.6666666666666665,0.6666666666666666,3,0,3
2020-04-06T17:05:00Z,18,2,1,0,NA,0,0,1
2020-04-06T17:05:00Z,19,2.6666666666666665,0.16666666666666666,0.16666666666666666,NA,3.1666666666666665,0.3333333333333333,6
2020-04-06T17:10:00Z,1,0.5,2.5,2.5,3,5,0.5,2
2020-04-06T17:10:00Z,2,0,0.3333333333333333,0.3333333333333333,NA,1.3333333333333333,0.3333333333333333,3
2020-04-06T17:10:00Z,3,3.75,2.875,3.375,2.875,3.125,0.5,8
2020-04-06T17:10:00Z,4,0,0,0.6666666666666666,NA,2,1.6666666666666667,3
2020-04-06T17:10:00Z,5,0,2,0,0,1,0,1
2020-04-06T17:10:00Z,6,1.2,2.2,1.2,0,2.4,0.4,5
2020-04-06T17:10:00Z,8,0.5,0.75,2.75,NA,3.25,0.375,8
2020-04-06T17:10:00Z,9,1.1,0.5,1,1.1,3.8,0.2,10
2020-04-06T17:10:00Z,10,0,1,3,NA,3.5,0,2
2020-04-06T17:10:00Z,11,0.5,0,0,2,2,0,2
2020-04-06T17:10:00Z,13,0,0,6,NA,3,0,1
2020-04-06T17:10:00Z,14,1,0.8333333333333334,0,NA,2.6666666666666665,0,6
2020-04-06T17:10:00Z,15,0.25,1,0.625,NA,1.625,0.25,8
2020-04-06T17:10:00Z,16,2.25,2.5,1.75,0,1,0.25,4
2020-04-06T17:10:00Z,18,2,0,0,NA,2,0,1
2020-04-06T17:10:00Z,19,6,7,6.333333333333333,3,6,0,3
2020-04-06T17:15:00Z,2,0.5,1,0.8333333333333334,NA,2,0.16666666666666666,6
2020-04-06T17:15:00Z,3,3.3333333333333335,3.5,3.3333333333333335,2.6666666666666665,3.3333333333333335,1,12
2020-04-06T17:15:00Z,4,4,6,7,NA,10,0,1
2020-04-06T17:15:00Z,5,0,2.3333333333333335,0,0,0.3333333333333333,0.3333333333333333,3
2020-04-06T17:15:00Z,6,2.2,0.8,1.6,1.4,2.2,0,5
2020-04-06T17:15:00Z,8,0.5,0.5,1.5,NA,2.75,0.25,8
2020-04-06T17:15:00Z,9,1.875,1.75,1.875,1.125,3.75,0.375,8
2020-04-06T17:15:00Z,10,2.3333333333333335,3.3333333333333335,3.3333333333333335,NA,6.333333333333333,0,3
2020-04-06T17:15:00Z,11,0.5,0.5,0,2.5,1,0,2
2020-04-06T17:15:00Z,12,2,3.3333333333333335,0,NA,2,0.3333333333333333,3
2020-04-06T17:15:00Z,13,0,0.5,4.5,NA,2.5,0.5,2
2020-04-06T17:15:00Z,14,0.5,0,0,NA,1.75,0,4
2020-04-06T17:15:00Z,15,0.625,1,0.875,NA,1.5,0,8
2020-04-06T17:15:00Z,16,0,0,2,0,0,0,1
2020-04-06T17:15:00Z,18,2.3333333333333335,0,1,NA,2,0.3333333333333333,3
2020-04-06T17:15:00Z,19,3.2,0,0.2,NA,3.2,0.2,5
2020-04-06T17:20:00Z,2,0,0.25,0,7,1.5,0,4
2020-04-06T17:20:00Z,3,3.1,2.7,4,1.6,2.7,0.6,10
2020-04-06T17:20:00Z,5,0,4,0,0,0,1,1
2020-04-06T17:20:00Z,6,2.3333333333333335,2.3333333333333335,1.4444444444444444,1.3333333333333333,1.8888888888888888,0.2222222222222222,9
2020-04-06T17:20:00Z,8,1.1666666666666667,0.08333333333333333,1.8333333333333333,NA,3.1666666666666665,0.3333333333333333,12
2020-04-06T17:20:00Z,9,1.25,1.25,1.75,0.125,4.125,0.5,8
2020-04-06T17:20:00Z,10,0,0,3,NA,4,0,3
2020-04-06T17:20:00Z,11,1,1,0,3,2,0,1
2020-04-06T17:20:00Z,12,0.6666666666666666,0,0,NA,1.3333333333333333,0.3333333333333333,3
2020-04-06T17:20:00Z,13,0,0.3333333333333333,3.6666666666666665,NA,2,0.6666666666666666,3
2020-04-06T17:20:00Z,14,0.2,0.2,0.4,NA,3.4,0.2,5
2020-04-06T17:20:00Z,15,0,0,1.5,NA,0.5,0,2
2020-04-06T17:20:00Z,16,0.3333333333333333,0.3333333333333333,1.6666666666666667,0,0,0.3333333333333333,3
2020-04-06T17:20:00Z,18,2,0.6666666666666666,0,NA,1.3333333333333333,0.3333333333333333,3
2020-04-06T17:20:00Z,19,2.5,2.3333333333333335,0.5,NA,2.3333333333333335,0.3333333333333333,6
2020-04-06T17:25:00Z,1,5,1,3.5,1.5,4.5,0,2
2020-04-06T17:25:00Z,2,0.75,1.25,3.25,NA,1.75,0,4
2020-04-06T17:25:00Z,3,4.818181818181818,2.3636363636363638,4.090909090909091,3.1818181818181817,3.4545454545454546,0.45454545454545453,11
2020-04-06T17:25:00Z,4,0,0,0,NA,1,1,1
2020-04-06T17:25:00Z,5,0,3,0,0,1,0.5,2
2020-04-06T17:25:00Z,6,1.8333333333333333,1.3333333333333333,1.8333333333333333,1.8333333333333333,3,0,6
2020-04-06T17:25:00Z,8,2.2,1,2,NA,4.6,0,5
2020-04-06T17:25:00Z,9,0,0.2222222222222222,0.8888888888888888,0.1111111111111111,3.2222222222222223,0.1111111111111111,9
2020-04-06T17:25:00Z,10,3,8,7,NA,4.5,0,2
2020-04-06T17:25:00Z,11,0,0,0,3,2,0,1
2020-04-06T17:25:00Z,13,0,1,4,NA,2,1,1
2020-04-06T17:25:00Z,14,3.1666666666666665,2.1666666666666665,3.3333333333333335,NA,3.5,0.16666666666666666,6
2020-04-06T17:25:00Z,15,0.5,0,1,NA,1.5,0,2
2020-04-06T17:25:00Z,17,9,6,2.5,NA,4.5,0.5,2
2020-04-06T17:25:00Z,19,3,0,0,NA,3,0,2
2020-04-06T17:30:00Z,1,0,0,0,0,0,0.5,2
2020-04-06T17:30:00Z,2,2.2,2.2,2,NA,0.8,0.2,5
2020-04-06T17:30:00Z,3,4,2.142857142857143,3.7142857142857144,2.4285714285714284,2.4285714285714284,0.5714285714285714,7
2020-04-06T17:30:00Z,4,0,0,1,NA,3,0,1
2020-04-06T17:30:00Z,5,0,2,0,0,1,0,2
2020-04-06T17:30:00Z,6,0,0,1,0,1,0,1
2020-04-06T17:30:00Z,8,2.2222222222222223,1.7777777777777777,3,NA,3.2222222222222223,0.2222222222222222,9
2020-04-06T17:30:00Z,9,1.4285714285714286,1,1.7142857142857142,1.1428571428571428,3.4285714285714284,0.14285714285714285,7
2020-04-06T17:30:00Z,10,0,0,3.25,NA,3.5,0.25,4
2020-04-06T17:30:00Z,13,0,0,4,NA,2,0,1
2020-04-06T17:30:00Z,14,1.25,2.25,0,NA,1.75,0.25,4
2020-04-06T17:30:00Z,15,1,0,0,NA,1,0,1
2020-04-06T17:30:00Z,16,2.75,2,1.75,2.5,1.75,0.25,4
2020-04-06T17:30:00Z,18,2,0,0,NA,2,0.3333333333333333,3
2020-04-06T17:30:00Z,19,4,1.8,0.4,NA,4.4,0.2,5
2020-04-06T17:35:00Z,2,0.2,0,0.4,NA,1,0.2,5
2020-04-06T17:35:00Z,3,2.875,3,3.5,3.375,3.625,0.5,8
2020-04-06T17:35:00Z,4,0.3333333333333333,0,0.6666666666666666,NA,1.6666666666666667,1.6666666666666667,3
2020-04-06T17:35:00Z,6,3.3333333333333335,1.6666666666666667,1.5,1.1666666666666667,2.8333333333333335,0,6
2020-04-06T17:35:00Z,8,0.5555555555555556,0.1111111111111111,2,10,2.6666666666666665,0,9
2020-04-06T17:35:00Z,9,2.5,0.25,1.75,2.5,5,0,4
2020-04-06T17:35:00Z,10,0,1,3,NA,4,0,1
2020-04-06T17:35:00Z,12,1.5,0.5,3,NA,5,0,2
2020-04-06T17:35:00Z,13,0,1,4.5,NA,0.5,0,2
2020-04-06T17:35:00Z,14,1,0,0,NA,0,0,1
2020-04-06T17:35:00Z,15,0,0.6666666666666666,0.6666666666666666,NA,1,0.3333333333333333,3
2020-04-06T17:35:00Z,17,2,0,10,NA,4,0,1
2020-04-06T17:35:00Z,18,3,0,0.5,NA,2,0,2
2020-04-06T17:35:00Z,19,4,3.5,4,NA,2.5,0.25,4
2020-04-06T17:40:00Z,1,7,0,6,3,10,0,1
2020-04-06T17:40:00Z,2,0,0,0.5,NA,1,0.5,2
2020-04-06T17:40:00Z,3,3.5,4.25,3.75,4.75,2.5,0.25,4
2020-04-06T17:40:00Z,5,4,0.5,2,3,3.5,0.5,2
2020-04-06T17:40:00Z,6,0,0,0,0,0.75,0.25,4
2020-04-06T17:40:00Z,8,0,0.16666666666666666,2.5,NA,2.6666666666666665,0.16666666666666666,6
2020-04-06T17:40:00Z,9,0.125,0.25,1.25,0.25,3,0,8
2020-04-06T17:40:00Z,10,0,0,2.3333333333333335,NA,4,0.3333333333333333,3
2020-04-06T17:40:00Z,15,3.3333333333333335,3.3333333333333335,1.6666666666666667,NA,4,0.3333333333333333,3
2020-04-06T17:40:00Z,16,2.3333333333333335,2.3333333333333335,2.6666666666666665,2.6666666666666665,1,0,3
2020-04-06T17:40:00Z,17,1,1,0,NA,1,0,1
2020-04-06T17:40:00Z,18,2.3333333333333335,0.3333333333333333,0.3333333333333333,NA,1.3333333333333333,0,3
2020-04-06T17:40:00Z,19,3,0,1,NA,3,0,1
2020-04-06T17:45:00Z,1,4,10,0,10,4,0,1
2020-04-06T17:45:00Z,2,4,3.5,8,NA,2.5,0,2
2020-04-06T17:45:00Z,3,4.75,3.5,2.5,3,2.75,0.5,4
2020-04-06T17:45:00Z,4,0,1,0,NA,3,0,1
2020-04-06T17:45:00Z,5,0.3333333333333333,4,2,0.6666666666666666,1.3333333333333333,0.3333333333333333,3
2020-04-06T17:45:00Z,6,0,0,0.6666666666666666,0,0.6666666666666666,0,3
2020-04-06T17:45:00Z,8,0.16666666666666666,0.5,2.1666666666666665,1,3.1666666666666665,0,6
2020-04-06T17:45:00Z,9,2.3333333333333335,1.3333333333333333,2.3333333333333335,3.3333333333333335,4,0,3
2020-04-06T17:45:00Z,10,0,0.5,3,NA,3.5,0,2
2020-04-06T17:45:00Z,11,0.5,0,0.5,2.5,1,0,2
2020-04-06T17:45:00Z,12,1,0,1,NA,2,1,1
2020-04-06T17:45:00Z,13,0,0,5,NA,2,1,1
2020-04-06T17:45:00Z,14,1,0,1,NA,1,0,1
2020-04-06T17:45:00Z,15,6,10,9,NA,1,0,1
2020-04-06T17:45:00Z,16,0,0.5,1,0,0,0,2
2020-04-06T17:45:00Z,18,1.3333333333333333,0.6666666666666666,0,NA,2.3333333333333335,0,3
2020-04-06T17:45:00Z,19,3,0.3333333333333333,0.3333333333333333,0,2.3333333333333335,0.3333333333333333,3
2020-04-06T17:50:00Z,1,0,0,0,0,0,1,1
2020-04-06T17:50:00Z,2,0.25,0,0.75,NA,1,0,4
2020-04-06T17:50:00Z,3,2,3.5,3,1.5,2,0,2
2020-04-06T17:50:00Z,4,9,8,6,NA,8,0,1
2020-04-06T17:50:00Z,5,0,2,0,0.5,1,1,2
2020-04-06T17:50:00Z,6,3.75,7,4.75,4.75,3.25,0,4
2020-04-06T17:50:00Z,8,1.1666666666666667,1.3333333333333333,2.1666666666666665,NA,2.5,0,6
2020-04-06T17:50:00Z,9,0.4,1.2,1.6,1.2,2.6,0.2,5
2020-04-06T17:50:00Z,10,3.3333333333333335,1.6666666666666667,5.333333333333333,NA,4.333333333333333,0,3
2020-04-06T17:50:00Z,11,0,1,0,3,3,0,1
2020-04-06T17:50:00Z,13,0,0,5,NA,2,0,1
2020-04-06T17:50:00Z,14,0,0,0.5,NA,2.5,0.5,2
2020-04-06T17:50:00Z,15,1.4,0.7,2,NA,2.3,0.2,10
2020-04-06T17:50:00Z,16,4.5,2.5,5,4.5,5,0,2
2020-04-06T17:50:00Z,17,0,0,0,NA,0,0,1
2020-04-06T17:50:00Z,19,3,0,0,NA,2.5,0.5,2
2020-04-06T17:55:00Z,1,0,1,1,0,8,1,1
2020-04-06T17:55:00Z,2,0,0,2,NA,1,0,1
2020-04-06T17:55:00Z,3,2.5,3.5,3,1.3333333333333333,4.833333333333333,0.3333333333333333,6
2020-04-06T17:55:00Z,4,9,4,7,NA,10,0,1
2020-04-06T17:55:00Z,5,1,1,0.5,0,1,0,2
2020-04-06T17:55:00Z,6,2.5,3.75,3,1.5,4.25,0,4
2020-04-06T17:55:00Z,8,1.25,1.625,3.5,NA,3.875,0.25,8
2020-04-06T17:55:00Z,9,0,0.5,1.5,0,3,0,2
2020-04-06T17:55:00Z,10,0.2857142857142857,0.5714285714285714,2.857142857142857,NA,4,0.14285714285714285,7
2020-04-06T17:55:00Z,11,1.3333333333333333,3.3333333333333335,2.3333333333333335,4,3.3333333333333335,0.6666666666666666,3
2020-04-06T17:55:00Z,12,0,0.5,0,NA,1.5,0,2
2020-04-06T17:55:00Z,13,0,0,4,NA,2,0,3
2020-04-06T17:55:00Z,14,0.5,1,0,NA,1.5,0,2
2020-04-06T17:55:00Z,15,2.625,1.625,3.125,NA,2.5,0.125,8
2020-04-06T17:55:00Z,16,3,3.5,4.5,5,4.5,0.5,2
2020-04-06T17:55:00Z,17,1,8,10,NA,0,0,1
2020-04-06T17:55:00Z,18,2.3333333333333335,2.3333333333333335,1.6666666666666667,NA,2,0,3
2020-04-06T18:00:00Z,2,1.3333333333333333,0.3333333333333333,3.3333333333333335,NA,3.6666666666666665,0.3333333333333333,3
2020-04-06T18:00:00Z,3,3.3333333333333335,2.6666666666666665,2.6666666666666665,2.3333333333333335,2.6666666666666665,0,3
2020-04-06T18:00:00Z,4,0.5,0,0,NA,2,0,2
2020-04-06T18:00:00Z,5,1,2,0,0,0,1,1
2020-04-06T18:00:00Z,6,1,0.5,3,1,3,0.5,2
2020-04-06T18:00:00Z,8,0,0,1.6666666666666667,NA,2.6666666666666665,0,3
2020-04-06T18:00:00Z,9,0.2857142857142857,0.2857142857142857,1.1428571428571428,0.14285714285714285,2.7142857142857144,0.2857142857142857,7
2020-04-06T18:00:00Z,10,0,0,3,NA,5,0,1
2020-04-06T18:00:00Z,11,2,4,2,4,6,0.5,2
2020-04-06T18:00:00Z,12,7,10,3,NA,9,0,1
2020-04-06T18:00:00Z,13,0,0,3.3333333333333335,NA,1.3333333333333333,0,3
2020-04-06T18:00:00Z,14,0,0.5,0.5,NA,2.5,0.5,2
2020-04-06T18:00:00Z,15,2.6666666666666665,3.3333333333333335,1,NA,2.6666666666666665,0,3
2020-04-06T18:00:00Z,16,0,0,0.5,0,0.5,0,2
2020-04-06T18:00:00Z,18,2,0.3333333333333333,0,NA,1.6666666666666667,0,3
2020-04-06T18:05:00Z,1,0.5,0,0.5,0,0,0,2
2020-04-06T18:05:00Z,2,2,2.3333333333333335,2,NA,4.333333333333333,0.3333333333333333,3
2020-04-06T18:05:00Z,3,3.5,7,2.5,5,6.5,0.5,2
2020-04-06T18:05:00Z,4,0,0.6666666666666666,0.3333333333333333,NA,2,0.6666666666666666,3
2020-04-06T18:05:00Z,5,1,2,0,0,0.5,1,2
2020-04-06T18:05:00Z,6,2.6666666666666665,0,3.6666666666666665,3,3,0.3333333333333333,3
2020-04-06T18:05:00Z,8,1.8,2.6,4,NA,2.2,0.4,5
2020-04-06T18:05:00Z,9,0.5,2,2.5,2.25,2.75,0,4
2020-04-06T18:05:00Z,10,1,0,3,NA,4,0,1
2020-04-06T18:05:00Z,11,0,0,0,3,0,1,1
2020-04-06T18:05:00Z,12,0.5,0,0.5,NA,1.5,1,2
2020-04-06T18:05:00Z,14,0,1,0,NA,1,1,1
2020-04-06T18:05:00Z,15,5.5,4,1.5,NA,3,0,2
2020-04-06T18:05:00Z,16,0,0,2,0,0,1,1
2020-04-06T18:05:00Z,18,1,0,0,NA,3,0,1
2020-04-06T18:10:00Z,2,5,2,1.5,NA,2.5,0,2
2020-04-06T18:10:00Z,3,4,3,4,1,1,1,1
2020-04-06T18:10:00Z,4,0,0,0,NA,2,0,1
2020-04-06T18:10:00Z,6,0.3333333333333333,0.3333333333333333,1,0.3333333333333333,1.3333333333333333,0.6666666666666666,3
2020-04-06T18:10:00Z,8,4,2.2,4.4,NA,5.4,0,5
2020-04-06T18:10:00Z,9,0.5,1,1,0,2.5,0,2
2020-04-06T18:10:00Z,11,0,1,0.5,2.5,1.5,0.5,2
2020-04-06T18:10:00Z,12,0,0,1,NA,0,0,1
2020-04-06T18:10:00Z,14,2,3,0.5,NA,6,0,2
2020-04-06T18:10:00Z,15,3,10,4,NA,6,1,1
2020-04-06T18:10:00Z,19,3,0,1,NA,3,0,1
2020-04-06T18:15:00Z,2,1,0,1,NA,1,0,1
2020-04-06T18:15:00Z,3,3.6666666666666665,4.666666666666667,3.6666666666666665,2.3333333333333335,4,0.3333333333333333,3
2020-04-06T18:15:00Z,4,0,0,0,NA,3,0,1
2020-04-06T18:15:00Z,5,0,2,0,0,0.5,0,2
2020-04-06T18:15:00Z,6,0,0.25,0.25,0.5,0.5,0.25,4
2020-04-06T18:15:00Z,8,0.4,0,2.2,NA,2.8,0,5
2020-04-06T18:15:00Z,9,5,0,2,7,2,1,1
2020-04-06T18:15:00Z,10,0,0,3.5,NA,4,0,2
2020-04-06T18:15:00Z,13,0,0,3,NA,2,0,1
2020-04-06T18:15:00Z,14,0.5,0,0.5,NA,2,0.5,2
2020-04-06T18:15:00Z,15,0.3333333333333333,0,0.6666666666666666,NA,0.6666666666666666,0.6666666666666666,3
2020-04-06T18:15:00Z,16,6,8,8,10,1,0,1
2020-04-06T18:15:00Z,17,9,3,5,NA,4,0,1
2020-04-06T18:15:00Z,18,3,10,10,NA,4,0,1
2020-04-06T18:15:00Z,19,4,1,0,8,4,0,1
2020-04-06T18:20:00Z,2,2.6666666666666665,0.6666666666666666,3,NA,2.3333333333333335,0,3
2020-04-06T18:20:00Z,3,5,3.5,2.25,1.5,1.75,0.5,4
2020-04-06T18:20:00Z,4,9,3,6,NA,4,0,1
2020-04-06T18:20:00Z,5,3.5,7.5,9.5,3,4.5,0,2
2020-04-06T18:20:00Z,8,0.3333333333333333,0,2.3333333333333335,NA,2,0,3
2020-04-06T18:20:00Z,9,0.5,0.5,0.5,0,2.5,0,2
2020-04-06T18:20:00Z,10,0,0,4,NA,3,0,1
2020-04-06T18:20:00Z,12,0,0,0,NA,1.5,0.5,2
2020-04-06T18:20:00Z,14,7,6,0,NA,5,0,1
2020-04-06T18:20:00Z,15,2.75,2.25,3.25,NA,4,0,4
2020-04-06T18:20:00Z,18,1,0,0,NA,2,1,1
2020-04-06T18:25:00Z,2,2.5,5,3,NA,0.5,0.5,2
2020-04-06T18:25:00Z,3,3.6,2.4,4.8,4.2,4.6,0.2,5
2020-04-06T18:25:00Z,5,0,2,0,0,0,0,1
2020-04-06T18:25:00Z,6,0.4,0.4,2,1.4,2.4,0.2,5
2020-04-06T18:25:00Z,8,0.5,1,3.8333333333333335,NA,3.6666666666666665,0.16666666666666666,6
2020-04-06T18:25:00Z,9,1.3333333333333333,2.1666666666666665,3.6666666666666665,1.6666666666666667,3.5,0.16666666666666666,6
2020-04-06T18:25:00Z,10,0,0.5,3,NA,2.5,0,2
2020-04-06T18:25:00Z,11,1,1,0,1,0,0,1
2020-04-06T18:25:00Z,12,4.5,5,2.5,NA,4,1,2
2020-04-06T18:25:00Z,13,0,0,5,NA,2,0,2
2020-04-06T18:25:00Z,14,1,0,0,NA,1,0,2
2020-04-06T18:25:00Z,15,2,1.25,3,NA,1,0.25,4
2020-04-06T18:25:00Z,16,2,0,3,10,3,0,1
2020-04-06T18:25:00Z,17,1,0,0,NA,0,0,2
2020-04-06T18:25:00Z,19,3,0.3333333333333333,3,NA,3.6666666666666665,0,3
2020-04-06T18:30:00Z,2,2.5,2.5,3.25,NA,4.25,0.5,4
2020-04-06T18:30:00Z,3,5,6.333333333333333,6.333333333333333,7.333333333333333,3,0,3
2020-04-06T18:30:00Z,4,0,0,1,NA,1,0,1
2020-04-06T18:30:00Z,5,0,2,0,1,2,1,1
2020-04-06T18:30:00Z,6,0,0,0,1,0,0,1
2020-04-06T18:30:00Z,8,3,6,7,NA,2,0,1
2020-04-06T18:30:00Z,9,1.25,0.5,2,0.25,4.5,0,4
2020-04-06T18:30:00Z,10,5,6.5,4,NA,6.5,0,2
2020-04-06T18:30:00Z,13,0,0,4.5,NA,2.5,0,2
2020-04-06T18:30:00Z,14,5.333333333333333,6.333333333333333,4.666666666666667,NA,1.6666666666666667,0.3333333333333333,3
2020-04-06T18:30:00Z,15,4.75,3,4.75,NA,3.25,0,4
2020-04-06T18:30:00Z,16,7,0,1,7,4,0,1
2020-04-06T18:30:00Z,18,2.5,0.5,0.5,NA,2,0,2
2020-04-06T18:30:00Z,19,4,0,0,NA,3,0,1
2020-04-06T18:35:00Z,2,7,10,1,NA,9,0,1
2020-04-06T18:35:00Z,3,2,2,3,3,3,1,1
2020-04-06T18:35:00Z,4,0,0,1,NA,2,0.5,2
2020-04-06T18:35:00Z,5,0,3,1,0,2,0,1
2020-04-06T18:35:00Z,8,0.25,0,2.5,NA,3.25,0.25,4
2020-04-06T18:35:00Z,9,0.75,0.25,2.5,3.25,2.5,0.25,4
2020-04-06T18:35:00Z,10,0,0,3,NA,4,1,1
2020-04-06T18:35:00Z,11,0,0,0,1,1,0,1
2020-04-06T18:35:00Z,12,0,0,1,NA,0,0,1
2020-04-06T18:35:00Z,14,3.3333333333333335,1.3333333333333333,3,NA,4.666666666666667,0,3
2020-04-06T18:35:00Z,15,5,1.5,5,NA,1,0.5,2
2020-04-06T18:35:00Z,16,0,1,0,0,0,0,1
2020-04-06T18:35:00Z,17,1,1,0,NA,0,0,1
2020-04-06T18:35:00Z,18,3.5,4,2.5,NA,3,0,2
2020-04-06T18:40:00Z,2,5,0.5,5,NA,1.5,0,2
2020-04-06T18:40:00Z,4,0,0.5,0.5,NA,1.5,0,2
2020-04-06T18:40:00Z,6,1.75,1.25,2.5,1.75,2.75,0.5,4
2020-04-06T18:40:00Z,8,0.25,0.25,1.75,NA,2.5,0.25,4
2020-04-06T18:40:00Z,9,0,0,1,1,2.5,0,2
2020-04-06T18:40:00Z,10,0,1,4,NA,3,0,1
2020-04-06T18:40:00Z,15,3.3333333333333335,5.333333333333333,2.3333333333333335,NA,4,0.3333333333333333,3
2020-04-06T18:40:00Z,19,2,2.25,0,NA,3.5,0,4
2020-04-06T18:45:00Z,2,0,0.5,0,NA,0.5,0,2
2020-04-06T18:45:00Z,3,3,3,3,2,2,1,1
2020-04-06T18:45:00Z,6,3.3333333333333335,3.3333333333333335,3.3333333333333335,3.6666666666666665,2,0.3333333333333333,3
2020-04-06T18:45:00Z,8,0,0.3333333333333333,1.6666666666666667,NA,2.6666666666666665,0.3333333333333333,3
2020-04-06T18:45:00Z,9,4.4,2.2,5.2,4,2.4,0,5
2020-04-06T18:45:00Z,10,0,0,2,NA,4,1,1
2020-04-06T18:45:00Z,11,1,2,0,2,2,0,1
2020-04-06T18:45:00Z,12,0,0,0,NA,1,1,1
2020-04-06T18:45:00Z,15,5,3.5,3.5,NA,4,0,2
2020-04-06T18:45:00Z,17,5,2,0,NA,0,0,1
2020-04-06T18:45:00Z,18,3.6666666666666665,0.6666666666666666,3.3333333333333335,NA,4.666666666666667,0.3333333333333333,3
2020-04-06T18:45:00Z,19,2,0,0,NA,3,1,1
2020-04-06T18:50:00Z,3,2.3333333333333335,4.166666666666667,3.5,2.3333333333333335,3.5,0.5,6
2020-04-06T18:50:00Z,6,3,3,4.5,1.5,5,0,2
2020-04-06T18:50:00Z,8,1.25,1.5,3.5,NA,4.75,0,4
2020-04-06T18:50:00Z,9,6,10,5,3,2,0,1
2020-04-06T18:50:00Z,10,0,0,3.6666666666666665,NA,4,0.3333333333333333,3
2020-04-06T18:50:00Z,13,0,0,5,NA,2,0,1
2020-04-06T18:50:00Z,15,1.25,2,2.75,NA,1.75,0,4
2020-04-06T18:50:00Z,16,2,8,5,3,2,0,1
2020-04-06T18:50:00Z,18,1,0,0,NA,2,0,1
2020-04-06T18:50:00Z,19,6,2.5,1,NA,4,0,2
2020-04-06T18:55:00Z,3,3,3,3.5,2.5,2.5,0,2
2020-04-06T18:55:00Z,6,0,0,0.3333333333333333,0,0.6666666666666666,0.3333333333333333,3
2020-04-06T18:55:00Z,8,0,0,1,NA,3.5,0,2
2020-04-06T18:55:00Z,9,7.5,5.5,2.5,5,6.5,0,2
2020-04-06T18:55:00Z,10,0,0,2,NA,5,0,2
2020-04-06T18:55:00Z,12,0,0,0,NA,1,1,1
2020-04-06T18:55:00Z,13,0,0,4,NA,1,0,1
2020-04-06T18:55:00Z,14,0,1,0,NA,2,0,1
2020-04-06T18:55:00Z,15,0,0,0,NA,2,0,1
2020-04-06T18:55:00Z,16,2.5,6,5,6,9.5,0,2
2020-04-06T18:55:00Z,17,0,1,0,NA,0,1,1
2020-04-06T18:55:00Z,19,6,0.5,6.5,NA,8.5,0,2
2020-04-06T19:00:00Z,2,2.2,1.4,1.6,4,3,0.4,5
2020-04-06T19:00:00Z,4,6,4,9,NA,10,0,1
2020-04-06T19:00:00Z,6,3.3333333333333335,0.3333333333333333,0.6666666666666666,2.6666666666666665,1.6666666666666667,0,3
2020-04-06T19:00:00Z,8,4.5,3,6,NA,6,0.5,2
2020-04-06T19:00:00Z,9,3,2,3.5,2.5,2.5,0,2
2020-04-06T19:00:00Z,10,0,1,3,NA,3,0,1
2020-04-06T19:00:00Z,12,1,0,0,NA,2,1,1
2020-04-06T19:00:00Z,13,5,7,0,NA,9,0,1
2020-04-06T19:00:00Z,15,0,10,7,NA,0,0,1
2020-04-06T19:00:00Z,16,0,0,1,0,0,0,1
2020-04-06T19:00:00Z,18,2,1,0,NA,3,0,1
2020-04-06T19:00:00Z,19,3,0,0,NA,4,0,1
2020-04-06T19:05:00Z,1,0,4,0,5,10,0,1
2020-04-06T19:05:00Z,2,0.5,0,0,NA,1,0,2
2020-04-06T19:05:00Z,3,3.3333333333333335,3.3333333333333335,3.3333333333333335,2.3333333333333335,3.3333333333333335,1.3333333333333333,3
2020-04-06T19:05:00Z,4,10,5,6,NA,4,0,1
2020-04-06T19:05:00Z,6,2,8,10,7,7,0,1
2020-04-06T19:05:00Z,8,4.5,2.5,5.5,NA,6.5,0,2
2020-04-06T19:05:00Z,9,0,0.5,0.5,0,2.5,0.5,2
2020-04-06T19:05:00Z,10,0,0,3,NA,5,0,1
2020-04-06T19:05:00Z,11,0,0,0.5,1,1.5,0,2
2020-04-06T19:05:00Z,12,0,0,0,NA,2,0,1
2020-04-06T19:05:00Z,14,1,3.3333333333333335,2.3333333333333335,NA,1.6666666666666667,0.3333333333333333,3
2020-04-06T19:05:00Z,16,0,1,1,0,0,0,1
2020-04-06T19:05:00Z,18,5,1.5,0.5,NA,5.5,0.5,2
2020-04-06T19:05:00Z,19,4,0.5,0,NA,2.5,0,2
2020-04-06T19:10:00Z,2,0,0,5,NA,1.5,0,2
2020-04-06T19:10:00Z,3,5.5,4.5,5,6,5,0.5,2
2020-04-06T19:10:00Z,4,6,10,2,NA,10,0,1
2020-04-06T19:10:00Z,5,0,1,0,0,1,0,1
2020-04-06T19:10:00Z,6,0.75,2.75,2.5,1.25,2,0,4
2020-04-06T19:10:00Z,8,0.5,0.5,2.5,NA,2.5,0,2
2020-04-06T19:10:00Z,9,5,7,9,5,10,0,1
2020-04-06T19:10:00Z,12,0,1,0,NA,1,0,1
2020-04-06T19:10:00Z,14,5,4,10,NA,9,0,1
2020-04-06T19:10:00Z,15,6,4.75,5.75,NA,7.5,0.25,4
2020-04-06T19:10:00Z,18,4.5,4,3.5,NA,5.5,0,2
2020-04-06T19:10:00Z,19,4,0,7,NA,7,0,1
2020-04-06T19:15:00Z,1,1,10,9,9,4,0,1
2020-04-06T19:15:00Z,2,2,4,0.5,NA,2.5,0.5,2
2020-04-06T19:15:00Z,3,10,5,9,7,8,0,1
2020-04-06T19:15:00Z,5,3.5,7,7,8.5,4.5,0,2
2020-04-06T19:15:00Z,6,0.5,0.5,0.5,0,1,0.5,2
2020-04-06T19:15:00Z,8,5,4.5,4.5,NA,5.5,0,2
2020-04-06T19:15:00Z,9,2.5,0.5,3.5,4,2,0.5,2
2020-04-06T19:15:00Z,10,2,0,2,NA,4,0,1
2020-04-06T19:15:00Z,12,4,4,4,NA,1,0,1
2020-04-06T19:15:00Z,15,0.5,0,0.5,NA,1.5,0.5,2
2020-04-06T19:15:00Z,16,0,0,0,0,0,1,1
2020-04-06T19:15:00Z,17,8,5,10,NA,8,0,1
2020-04-06T19:15:00Z,18,0,0,4,NA,4,0,1
2020-04-06T19:15:00Z,19,3.5,1,5,NA,3.5,0,2
2020-04-06T19:20:00Z,1,8,9,4,7,1,0,1
2020-04-06T19:20:00Z,2,4,7,5.5,NA,7.5,0,2
2020-04-06T19:20:00Z,3,6,2.6666666666666665,2,8,2.3333333333333335,0.3333333333333333,3
2020-04-06T19:20:00Z,5,1.75,3.25,1.75,1.75,2.75,0.25,4
2020-04-06T19:20:00Z,6,1,0,4.5,5,5,0,2
2020-04-06T19:20:00Z,8,0,0,1.5,NA,3.5,0,2
2020-04-06T19:20:00Z,9,0,0,0,0,3,0,1
2020-04-06T19:20:00Z,10,1,0,3,NA,3,0,1
2020-04-06T19:20:00Z,14,1,0,1,NA,2,0,1
2020-04-06T19:20:00Z,15,0.5,0.5,0,NA,1,0,2
2020-04-06T19:20:00Z,16,0.5,0,0,0.5,0.5,0.5,2
2020-04-06T19:25:00Z,2,4,6,10,NA,10,0,1
2020-04-06T19:25:00Z,3,2.5,4,6,3,8,0,2
2020-04-06T19:25:00Z,8,8.5,3.5,6,NA,6.5,0,2
2020-04-06T19:25:00Z,9,0.5,0,5,1,4.5,0,2
2020-04-06T19:25:00Z,10,4.5,3.5,6,NA,2,0.5,2
2020-04-06T19:25:00Z,12,1,0,1,NA,0.5,0.5,2
2020-04-06T19:25:00Z,13,0,0,6,NA,1,0,1
2020-04-06T19:25:00Z,15,0,2,0,NA,0,1,1
2020-04-06T19:25:00Z,16,0,1,0,0,0,0,1
2020-04-06T19:25:00Z,18,1,0,5,NA,5,0,1
2020-04-06T19:25:00Z,19,3,0,0,NA,3,0,1
2020-04-06T19:30:00Z,1,6,1,1,8,3,0,1
2020-04-06T19:30:00Z,6,1.3333333333333333,3,5.333333333333333,0.6666666666666666,2.3333333333333335,0.3333333333333333,3
2020-04-06T19:30:00Z,8,0,0,2,NA,2,0,2
2020-04-06T19:30:00Z,9,0,0,0.5,0,3.5,0.5,2
2020-04-06T19:30:00Z,10,10,5,10,NA,1,0,1
2020-04-06T19:30:00Z,11,7,6,5,4,0,0,1
2020-04-06T19:30:00Z,12,4,8,3,NA,9,0,1
2020-04-06T19:30:00Z,14,1.3333333333333333,2,1.3333333333333333,NA,2,0,3
2020-04-06T19:30:00Z,15,3.3333333333333335,0.6666666666666666,3,NA,4,0.3333333333333333,3
2020-04-06T19:30:00Z,16,6,7,5,0,7,0,1
2020-04-06T19:30:00Z,18,2,0,0,NA,2,1,1
2020-04-06T19:35:00Z,2,0,0,1,NA,2,0,1
2020-04-06T19:35:00Z,3,3,2,2,2,3,1,1
2020-04-06T19:35:00Z,5,0,1.5,0,0,0.5,0,2
2020-04-06T19:35:00Z,10,0,7,7,NA,10,0,1
2020-04-06T19:35:00Z,13,7,1,1,NA,6,1,1
2020-04-06T19:35:00Z,14,8,4,9,NA,3,0,1
2020-04-06T19:35:00Z,17,5,9,1,NA,2,0,1
2020-04-06T19:35:00Z,19,6,10,1,NA,6,0,1
2020-04-06T19:40:00Z,2,5.5,4,2.5,NA,2,0,2
2020-04-06T19:40:00Z,3,3.5,3.5,4,0.5,2.5,0.5,2
2020-04-06T19:40:00Z,5,3,6,0.5,5,5.5,0,2
2020-04-06T19:40:00Z,6,7,0,9,8,5,0,1
2020-04-06T19:40:00Z,8,0,0,2.5,NA,4,0.5,2
2020-04-06T19:40:00Z,9,0,2.6666666666666665,4.333333333333333,2,5.666666666666667,0.6666666666666666,3
2020-04-06T19:40:00Z,10,10,8,10,NA,7,0,1
2020-04-06T19:40:00Z,12,5.5,5,4,NA,3,0,2
2020-04-06T19:40:00Z,13,2.6666666666666665,1,6,NA,2.6666666666666665,0,3
2020-04-06T19:40:00Z,15,0,1,0,NA,2,0,1
2020-04-06T19:40:00Z,19,1,0,0,NA,2,1,1
2020-04-06T19:45:00Z,1,4.5,1,3.5,5,4,0,2
2020-04-06T19:45:00Z,2,5,3,9,NA,8,0,1
2020-04-06T19:45:00Z,3,3.5,4.5,4,3,3,0,2
2020-04-06T19:45:00Z,6,2.5,4,9,8.5,1.5,0,2
2020-04-06T19:45:00Z,8,5,6.5,7,NA,2,0,2
2020-04-06T19:45:00Z,9,10,4,10,8,3,0,1
2020-04-06T19:45:00Z,18,1,1,0,NA,2,0,1
2020-04-06T19:45:00Z,19,2,0,1,NA,3,0,1
2020-04-06T19:50:00Z,2,6,9,7,NA,7,0,2
2020-04-06T19:50:00Z,3,3,3,4,3,2,1,1
2020-04-06T19:50:00Z,6,0,7,8,4,4,0,1
2020-04-06T19:50:00Z,8,2,3.3333333333333335,4.333333333333333,NA,3,0.3333333333333333,3
2020-04-06T19:50:00Z,12,0,1,0,NA,3,1,1
2020-04-06T19:50:00Z,14,6,8,7,NA,0,0,1
2020-04-06T19:50:00Z,15,0,0,0,NA,1,0,1
2020-04-06T19:50:00Z,18,4,0,0,NA,1,1,1
2020-04-06T19:55:00Z,2,6,6,7,NA,0,0,1
2020-04-06T19:55:00Z,3,0,5,10,9,0,0,1
2020-04-06T19:55:00Z,6,2.5,6.5,5.5,4.5,7,0.5,2
2020-04-06T19:55:00Z,8,0.5,0,2,NA,3,0.5,2
2020-04-06T19:55:00Z,9,8.5,2.5,6.5,3,4.5,0.5,2
2020-04-06T19:55:00Z,13,7.5,2.5,4.5,NA,5,0,2
2020-04-06T19:55:00Z,15,2.5,4.5,5,NA,5,0,2
2020-04-06T19:55:00Z,16,3,9,0,1,3,0,1
2020-04-06T19:55:00Z,19,10,10,7,NA,7,0,1
2020-04-06T20:00:00Z,2,3.25,3.25,2.75,NA,2.25,0.5,4
2020-04-06T20:00:00Z,3,4,2,3,2,4,0,1
2020-04-06T20:00:00Z,5,3,9,9,2,9,0,1
2020-04-06T20:00:00Z,6,0,0,0,0,2,1,1
2020-04-06T20:00:00Z,8,1,0,1,NA,5,0,1
2020-04-06T20:00:00Z,9,2.6666666666666665,4.333333333333333,3,4.666666666666667,2.6666666666666665,0,3
2020-04-06T20:00:00Z,10,0,0,1,NA,5,0,1
2020-04-06T20:00:00Z,12,0,0,0,NA,1,1,1
2020-04-06T20:00:00Z,13,0,0,4,NA,2,0,1
2020-04-06T20:00:00Z,15,3.6666666666666665,5.666666666666667,5.666666666666667,NA,6,0.3333333333333333,3
2020-04-06T20:00:00Z,16,5,8,3,3,8,0,1
2020-04-06T20:00:00Z,17,0,0,0,NA,1,0,1
2020-04-06T20:00:00Z,19,3.5,0.5,0,NA,2.75,0.25,4
2020-04-06T20:05:00Z,2,0,0,0,NA,2,0,1
2020-04-06T20:05:00Z,3,0.5,5,7,5.5,7.5,0,2
2020-04-06T20:05:00Z,4,0,0,0,NA,1,0,1
2020-04-06T20:05:00Z,5,1,6,5,2,0,0,1
2020-04-06T20:05:00Z,8,1.5,8.5,4.5,NA,5.5,0.5,2
2020-04-06T20:05:00Z,9,6,2.3333333333333335,3.3333333333333335,4.666666666666667,5,0.3333333333333333,3
2020-04-06T20:05:00Z,14,0,0,0,NA,2,0,1
2020-04-06T20:05:00Z,15,3.3333333333333335,1.3333333333333333,3.6666666666666665,NA,4.333333333333333,0,3
2020-04-06T20:05:00Z,16,0,0,0,0,0,0,1
2020-04-06T20:05:00Z,17,1,0,1,NA,0,0,1
2020-04-06T20:10:00Z,3,3,3,3,0,3,1,1
2020-04-06T20:10:00Z,5,7.5,4.5,7,7.5,3.5,0.5,2
2020-04-06T20:10:00Z,8,8,10,9,NA,1,0,1
2020-04-06T20:10:00Z,9,2,0,1,0,3,0,1
2020-04-06T20:10:00Z,10,5,9,7,NA,10,0,1
2020-04-06T20:10:00Z,12,0,0,0,NA,1,0,1
2020-04-06T20:10:00Z,14,0,1,1,NA,1,0,1
2020-04-06T20:10:00Z,15,10,4,10,NA,10,0,1
2020-04-06T20:10:00Z,18,3,0,0,NA,1,0,1
2020-04-06T20:10:00Z,19,2,0,0,NA,4,1,1
2020-04-06T20:15:00Z,12,3,10,6,NA,9,0,1
2020-04-06T20:15:00Z,14,1,0,0,NA,2,1,1
2020-04-06T20:15:00Z,16,0,0,1,0,0,1,1
2020-04-06T20:15:00Z,18,2,0,8,NA,6,0,1
2020-04-06T20:20:00Z,2,10,5,4,NA,5,0,1
2020-04-06T20:20:00Z,3,6,6.5,8.5,4.5,3,0,2
2020-04-06T20:20:00Z,8,3.5,7.5,7,NA,4,0,2
2020-04-06T20:20:00Z,10,1,0,3,NA,4,1,1
2020-04-06T20:20:00Z,11,0,0,0,1,1,0,1
2020-04-06T20:20:00Z,16,0,0,0,0,1,0,1
2020-04-06T20:25:00Z,2,2,4,5,NA,2,0,1
2020-04-06T20:25:00Z,4,7,0,8,NA,2,0,1
2020-04-06T20:25:00Z,5,2,0,6,3,6,1,1
2020-04-06T20:25:00Z,12,8,9,2,NA,0,0,1
2020-04-06T20:25:00Z,14,3.6666666666666665,3.3333333333333335,3.3333333333333335,NA,2.6666666666666665,0,3
2020-04-06T20:25:00Z,15,8,3,6,NA,3,0,1
2020-04-06T20:25:00Z,18,2,9,0,NA,4,0,1
2020-04-06T20:30:00Z,3,5.5,3,6.5,2,4,0,2
2020-04-06T20:30:00Z,5,10,10,4,10,6,0,1
2020-04-06T20:30:00Z,6,0,0,1,0,0,0,1
2020-04-06T20:30:00Z,8,5.5,8.5,7,NA,10,0,2
2020-04-06T20:30:00Z,9,1.5,5.5,5,7.5,5.5,0,2
2020-04-06T20:30:00Z,12,1,4,2,NA,10,0,1
2020-04-06T20:30:00Z,15,2,0,1,NA,2,0,1
2020-04-06T20:30:00Z,17,2,10,0,NA,0,0,1
2020-04-06T20:35:00Z,1,10,3,10,7,10,0,1
2020-04-06T20:35:00Z,3,2,3,3,2,3,1,1
2020-04-06T20:35:00Z,6,7,0,6,1,10,0,1
2020-04-06T20:35:00Z,8,5,6,0,NA,7,0,1
2020-04-06T20:35:00Z,15,1,0,1,NA,1,0,1
2020-04-06T20:35:00Z,16,10,10,3,4,0,0,1
2020-04-06T20:40:00Z,3,5.333333333333333,3.6666666666666665,3.3333333333333335,2.6666666666666665,4.666666666666667,0,3
2020-04-06T20:40:00Z,5,8,0,1,7,0,0,1
2020-04-06T20:40:00Z,6,4.666666666666667,3.6666666666666665,4.333333333333333,4.333333333333333,4.666666666666667,0,3
2020-04-06T20:40:00Z,8,2,4,5,NA,4,0,2
2020-04-06T20:40:00Z,12,3,2,10,NA,2,0,1
2020-04-06T20:40:00Z,15,5.5,5,1,NA,7,0,2
2020-04-06T20:40:00Z,16,4,2,0,3,10,0,1
2020-04-06T20:45:00Z,1,1,0,0,0,0,1,1
2020-04-06T20:45:00Z,2,9,10,10,NA,10,0,1
2020-04-06T20:45:00Z,3,5,3,3,1,2,0,1
2020-04-06T20:45:00Z,5,0,2,0.5,0,1,0.5,2
2020-04-06T20:45:00Z,6,5,5,1.5,2.5,3.5,0,2
2020-04-06T20:45:00Z,8,2.5,7,6.5,NA,5,0,2
2020-04-06T20:45:00Z,9,5,10,7,1,0,0,1
2020-04-06T20:45:00Z,14,7,3,2,NA,4,0,1
2020-04-06T20:45:00Z,16,8.5,4,4.5,8.5,4.5,0,2
2020-04-06T20:45:00Z,19,2,0,1,NA,3,0,1
2020-04-06T20:50:00Z,8,4.666666666666667,3.3333333333333335,4,NA,6,0.3333333333333333,3
2020-04-06T20:50:00Z,10,4,5.666666666666667,6.666666666666667,NA,6.666666666666667,0,3
2020-04-06T20:50:00Z,11,10,5,7,0,10,0,1
2020-04-06T20:50:00Z,12,4,3,4,NA,2,0,1
2020-04-06T20:50:00Z,14,9,2,0,NA,10,0,1
2020-04-06T20:50:00Z,15,0.6666666666666666,0.6666666666666666,0,NA,0.6666666666666666,0,3
2020-04-06T20:50:00Z,17,8,7,9,NA,10,0,1
2020-04-06T20:55:00Z,3,5,8,7,8,2,0,1
2020-04-06T20:55:00Z,14,10,4,0,NA,8,0,1
2020-04-06T20:55:00Z,15,3,7,6,NA,7.5,0,2
2020-04-06T20:55:00Z,16,7,6,7,5,10,0,1
2020-04-06T20:55:00Z,19,9,8,4,NA,9,1,1
2020-04-06T21:00:00Z,3,10,5,7,10,6,0,1
2020-04-06T21:00:00Z,8,0,0,6,NA,1,0,1
2020-04-06T21:00:00Z,9,7,1,5,4,7,0,1
2020-04-06T21:00:00Z,13,1,4,8,NA,5,0,1
2020-04-06T21:00:00Z,14,2,0,2,NA,10,0,1
2020-04-06T21:00:00Z,15,5,3,7,NA,4.5,0,2
2020-04-06T21:05:00Z,3,5.6,5.2,2.6,9,3.2,0.2,5
2020-04-06T21:05:00Z,5,5,8.5,9.5,6.5,6,0,2
2020-04-06T21:05:00Z,8,2,2.3333333333333335,6.333333333333333,NA,5.333333333333333,0.3333333333333333,3
2020-04-06T21:05:00Z,9,9,7,6,2,2,0,1
2020-04-06T21:05:00Z,15,4,4.5,5.25,NA,6.75,0,4
2020-04-06T21:05:00Z,17,5,9,0,NA,7,0,1
2020-04-06T21:10:00Z,2,4.333333333333333,4.666666666666667,8.666666666666666,3,6,0,3
2020-04-06T21:10:00Z,5,5,9,6,4,6.5,0,2
2020-04-06T21:10:00Z,6,7,7,5.333333333333333,5,2.6666666666666665,0,3
2020-04-06T21:10:00Z,8,2,3.5,3,NA,5.5,0.5,2
2020-04-06T21:10:00Z,9,3.5,6.5,3,2.5,7.5,0,2
2020-04-06T21:10:00Z,14,0,1,1,NA,2,0,1
2020-04-06T21:10:00Z,15,3,1,4,NA,9,0,1
2020-04-06T21:15:00Z,3,10,0,1,4,4,0,1
2020-04-06T21:15:00Z,6,0,0,1,0,1,0,1
2020-04-06T21:15:00Z,8,3,3,4,NA,6,0,1
2020-04-06T21:15:00Z,10,4,8,2,NA,9,0,1
2020-04-06T21:15:00Z,14,10,9,10,NA,5,0,1
2020-04-06T21:15:00Z,15,4,5,6.5,NA,2.5,0,2
2020-04-06T21:15:00Z,19,6,4,6,NA,7,0.5,2
2020-04-06T21:20:00Z,2,4.5,5.5,1.5,NA,7,0,2
2020-04-06T21:20:00Z,5,1,3,2,2.5,1,0,2
2020-04-06T21:20:00Z,6,5,3,3,5.333333333333333,1.3333333333333333,0,3
2020-04-06T21:20:00Z,8,3.5,3,7.5,NA,2.5,0.5,2
2020-04-06T21:20:00Z,9,7,10,5,2,2,0,1
2020-04-06T21:20:00Z,13,4.5,5.5,5.5,NA,6.5,0,2
2020-04-06T21:20:00Z,18,4,0,2,NA,2,0,1
2020-04-06T21:25:00Z,3,3,3,4,2,3,1,1
2020-04-06T21:25:00Z,4,9,3,8,NA,6,0,1
2020-04-06T21:25:00Z,5,4,7,9,1,5,0,1
2020-04-06T21:25:00Z,6,6,6,4,3,7,0,1
2020-04-06T21:25:00Z,18,4,9,10,NA,9,0,1
2020-04-06T21:25:00Z,19,7,0,8,NA,8,0,1
2020-04-06T21:30:00Z,2,6,3,9,NA,8,0,1
2020-04-06T21:30:00Z,3,4,8.5,6.5,6,1,0,2
2020-04-06T21:30:00Z,6,10,5,1,8,4,0,1
2020-04-06T21:30:00Z,9,3.6666666666666665,3,5.666666666666667,7.666666666666667,8,0,3
2020-04-06T21:30:00Z,10,2,6.5,3.5,NA,9.5,0,2
2020-04-06T21:30:00Z,16,1,6,10,4,3,0,1
2020-04-06T21:30:00Z,17,9,9,9,NA,10,0,1
2020-04-06T21:35:00Z,1,4,10,4,7,4,0,1
2020-04-06T21:35:00Z,3,0,5,10,0,4,0,1
2020-04-06T21:35:00Z,6,4,2,1,0,10,0,1
2020-04-06T21:35:00Z,8,1,4.5,5,NA,6,0,2
2020-04-06T21:35:00Z,9,6.5,6.5,2.5,9.5,9.5,0.5,2
2020-04-06T21:35:00Z,11,2,10,4,1,5,0,1
2020-04-06T21:35:00Z,15,0,4,2,NA,5,0,1
2020-04-06T21:40:00Z,2,2,1,9,NA,10,0,1
2020-04-06T21:40:00Z,3,3.5,4.5,0.5,2.5,2,0,2
2020-04-06T21:40:00Z,8,2.3333333333333335,1,0.6666666666666666,NA,3,0,3
2020-04-06T21:40:00Z,9,1,0,7,6,1,0,1
2020-04-06T21:40:00Z,13,9,1,9,NA,10,0,1
2020-04-06T21:40:00Z,14,3,0,4,NA,2,1,1
2020-04-06T21:40:00Z,15,2,0,1,NA,2,0,1
2020-04-06T21:40:00Z,16,10,10,6,4,9,0,1
2020-04-06T21:40:00Z,18,2,0,0,NA,1,0,1
2020-04-06T21:45:00Z,1,4,3,7,8,10,0,1
2020-04-06T21:45:00Z,2,5,4.5,2,NA,2,0,2
2020-04-06T21:45:00Z,3,6.5,3.5,3,4,1.5,1,2
2020-04-06T21:45:00Z,6,9.5,7.5,4.5,5.5,2.5,0,2
2020-04-06T21:45:00Z,8,10,10,0,NA,3,1,1
2020-04-06T21:45:00Z,14,4,2,9,NA,5,0,1
2020-04-06T21:45:00Z,15,5,5.5,7.5,NA,6,0,2
2020-04-06T21:50:00Z,8,2.75,6.25,4.75,NA,5.25,0,4
2020-04-06T21:50:00Z,9,0,9,3,5,3,1,1
2020-04-06T21:50:00Z,12,10,8,3,NA,6,0,1
2020-04-06T21:50:00Z,14,9,4,9,NA,10,1,1
2020-04-06T21:50:00Z,15,5.5,6.5,3,NA,9.5,0,2
2020-04-06T21:50:00Z,18,5,1,3.5,NA,1,0,2
2020-04-06T21:55:00Z,2,0,0,0,NA,0,1,1
2020-04-06T21:55:00Z,3,6,3,3.5,6,6.5,0,2
2020-04-06T21:55:00Z,9,9,10,3,10,0,0,1
2020-04-06T21:55:00Z,15,5.5,9,6,NA,5.5,1,2
2020-04-06T22:00:00Z,1,4.5,8.5,5.5,3,6,0.5,2
2020-04-06T22:00:00Z,2,8,8,10,NA,9,0,1
2020-04-06T22:00:00Z,3,6,0,7,6,4,0,1
2020-04-06T22:00:00Z,6,0,1,0,0,1,0,1
2020-04-06T22:00:00Z,8,3,5,4,NA,4,0,4
2020-04-06T22:00:00Z,9,0,8,5,6,6,0,1
2020-04-06T22:00:00Z,11,0,9,3,10,5,0,1
2020-04-06T22:00:00Z,14,4.5,0,3.5,NA,2.5,0.5,2
2020-04-06T22:00:00Z,15,4,2,7,NA,4,0,1
2020-04-06T22:00:00Z,18,2,10,8,NA,9,0,1
2020-04-06T22:05:00Z,2,7,9,8,NA,10,0,1
2020-04-06T22:05:00Z,3,0,1,6,10,1,0,1
2020-04-06T22:05:00Z,5,7,2,9,10,9,0,1
2020-04-06T22:05:00Z,8,0,0,3,NA,3,0,1
2020-04-06T22:05:00Z,9,3,7,10,2,2,0,1
2020-04-06T22:05:00Z,10,4,8,4,NA,1,0,1
2020-04-06T22:05:00Z,12,7,0,7,NA,9,0,1
2020-04-06T22:05:00Z,13,6,6,0,NA,9,0,1
2020-04-06T22:05:00Z,14,0,4,8,NA,10,0,1
2020-04-06T22:05:00Z,15,7.333333333333333,1.6666666666666667,4.666666666666667,NA,6.666666666666667,0,3
2020-04-06T22:05:00Z,18,2,1,1,NA,3,0,1
2020-04-06T22:10:00Z,2,4,0.5,2,NA,4.5,0,2
2020-04-06T22:10:00Z,3,0,8,10,0,1,0,1
2020-04-06T22:10:00Z,6,7.5,7.5,5,5,10,0,2
2020-04-06T22:10:00Z,9,10,8,7,9,6,1,1
2020-04-06T22:10:00Z,10,6,10,6,NA,1,0,1
2020-04-06T22:10:00Z,13,4,6,9,NA,2,0,1
2020-04-06T22:10:00Z,18,2,3.5,4,NA,7.5,0,2
2020-04-06T22:15:00Z,1,5,8,8,6,10,0,1
2020-04-06T22:15:00Z,2,2,0,10,NA,10,0,1
2020-04-06T22:15:00Z,6,2,0,2,6,4,0,1
2020-04-06T22:15:00Z,8,1.5,4.5,5,NA,7,0,2
2020-04-06T22:15:00Z,15,9,10,7,NA,5,0,1
2020-04-06T22:15:00Z,16,7,6,10,2,10,0,1
2020-04-06T22:20:00Z,1,3,9,10,0,10,0,1
2020-04-06T22:20:00Z,2,6,5,6,NA,7,0.3333333333333333,3
2020-04-06T22:20:00Z,3,3.6666666666666665,6.666666666666667,5,7.333333333333333,6.666666666666667,0,3
2020-04-06T22:20:00Z,5,0,0,1,0,1,0,1
2020-04-06T22:20:00Z,8,7,2,7.333333333333333,NA,7,0,3
2020-04-06T22:20:00Z,9,2,8,6,5,9,0,1
2020-04-06T22:20:00Z,10,10,3,0,NA,8,0,1
2020-04-06T22:20:00Z,14,0,1,0,NA,1,0,1
2020-04-06T22:20:00Z,15,0,0,0,NA,0,0,1
2020-04-06T22:20:00Z,18,6,4,4.5,NA,5.5,1,2
2020-04-06T22:25:00Z,1,7,0,9,9,4,0,1
2020-04-06T22:25:00Z,6,5.5,2,9.5,8.5,2,0,2
2020-04-06T22:25:00Z,8,0,0,2,NA,3,1,1
2020-04-06T22:25:00Z,15,6,10,0,NA,1,0,1
2020-04-06T22:30:00Z,3,10,7,4,6,10,0,1
2020-04-06T22:30:00Z,6,4,4,6,9,6,0,1
2020-04-06T22:30:00Z,11,10,6,0,8,5,0,1
2020-04-06T22:30:00Z,15,9.5,9,8,NA,9.5,0,2
2020-04-06T22:30:00Z,17,10,4,0,NA,5,0,1
2020-04-06T22:35:00Z,2,10,7,4,NA,3,0,1
2020-04-06T22:35:00Z,5,1,2,1,7,10,0,1
2020-04-06T22:35:00Z,6,2,5.5,8,7.5,9.5,0,2
2020-04-06T22:35:00Z,8,8,10,10,NA,10,0,1
2020-04-06T22:35:00Z,9,4,0,10,5,8,0,1
2020-04-06T22:35:00Z,10,1.5,5.5,6.5,NA,6.5,0.5,2
2020-04-06T22:35:00Z,14,6.5,3,3,NA,4,0,2
2020-04-06T22:35:00Z,16,3.5,4,3.5,1.5,6,0,2
2020-04-06T22:40:00Z,5,4,0,9,8,4,0,1
2020-04-06T22:40:00Z,6,6,0,5,10,6,0,1
2020-04-06T22:40:00Z,8,1,6,10,NA,0,0,1
2020-04-06T22:40:00Z,9,0,10,6,10,5,1,1
2020-04-06T22:40:00Z,10,10,6,7,NA,4,1,1
2020-04-06T22:40:00Z,12,2,4,1,NA,8,0,1
2020-04-06T22:40:00Z,13,9,2,10,NA,7,0,1
2020-04-06T22:40:00Z,16,7,7.5,2,5,6.5,0,2
2020-04-06T22:45:00Z,1,9,8,6,3,5,0,1
2020-04-06T22:45:00Z,5,2,2,8,4,9,0,1
2020-04-06T22:45:00Z,6,7,10,10,2,4,0,1
2020-04-06T22:45:00Z,9,9,5,3,8,5,0,1
2020-04-06T22:45:00Z,12,3,2,3,NA,10,0,1
2020-04-06T22:45:00Z,18,4,7,6,NA,9,0,1
2020-04-06T22:50:00Z,2,10,1,8,NA,10,0,1
2020-04-06T22:50:00Z,3,3.5,9,0.5,7,6.5,0,2
2020-04-06T22:50:00Z,5,0.5,1.5,0,0,0.5,0.5,2
2020-04-06T22:50:00Z,6,6.5,6.5,6,9,6,0,2
2020-04-06T22:50:00Z,8,6,6,4,NA,3,0,1
2020-04-06T22:50:00Z,14,9,10,3,NA,2,0,1
2020-04-06T22:50:00Z,15,3,7,5,NA,9.5,0,2
2020-04-06T22:50:00Z,16,0,6,4,1,3,0,1
2020-04-06T22:50:00Z,18,6,5.666666666666667,4.333333333333333,NA,5.666666666666667,0.3333333333333333,3
2020-04-06T22:55:00Z,2,8,2,2,NA,4,0,2
2020-04-06T22:55:00Z,5,1,8,9,5,3,0,1
2020-04-06T22:55:00Z,6,9,10,7,6,2,0,1
2020-04-06T22:55:00Z,8,10,8,4,NA,4,0,1
2020-04-06T22:55:00Z,9,9,10,5,8,5,0,1
2020-04-06T22:55:00Z,19,3.5,4,8.5,NA,4.5,0,2
2020-04-06T23:00:00Z,2,5,4,8,NA,4,0,1
2020-04-06T23:00:00Z,3,8,10,8,10,10,0,1
2020-04-06T23:00:00Z,10,6,6,7,NA,2,0,1
2020-04-06T23:00:00Z,13,1,1,4,NA,3,2,1
2020-04-06T23:00:00Z,14,8,3,10,NA,8,1,1
2020-04-06T23:00:00Z,16,3,2,10,10,5,0,1
2020-04-06T23:05:00Z,3,10,9,5,5,6,0,1
2020-04-06T23:05:00Z,8,0,4,1,NA,10,0,1
2020-04-06T23:05:00Z,9,3,5.5,9,5,7,0.5,2
2020-04-06T23:05:00Z,14,4,1,1,NA,6,0,1
2020-04-06T23:05:00Z,15,3,8,0,NA,0,0,1
2020-04-06T23:10:00Z,2,8,6,6,NA,0,0,1
2020-04-06T23:10:00Z,3,5.666666666666667,2.3333333333333335,3.6666666666666665,3,2.3333333333333335,0,3
2020-04-06T23:10:00Z,9,0,8.5,2.5,6.5,5,0,2
2020-04-06T23:10:00Z,10,3,5,9,NA,10,0,1
2020-04-06T23:10:00Z,15,10,1,7,NA,8.5,0,2
2020-04-06T23:10:00Z,18,6,4,3,NA,7,0,1
2020-04-06T23:15:00Z,2,9,9,7,NA,5,0,1
2020-04-06T23:15:00Z,6,10,0,3,5,5,0,1
2020-04-06T23:15:00Z,8,8,4,10,NA,5,0,1
2020-04-06T23:15:00Z,11,10,10,4,0,10,0,1
2020-04-06T23:15:00Z,13,8,2,9,NA,1,1,1
2020-04-06T23:15:00Z,14,5,8,1,NA,2,0,1
2020-04-06T23:15:00Z,18,2,0,0,NA,2,0,1
2020-04-06T23:15:00Z,19,0,0,10,NA,10,0,1
2020-04-06T23:20:00Z,6,3,6,10,10,1,0,1
2020-04-06T23:20:00Z,9,7,5.25,4.5,10,4.25,0.25,4
2020-04-06T23:20:00Z,11,0,4,6,0,10,1,1
2020-04-06T23:20:00Z,14,7,10,9,NA,0,0,1
2020-04-06T23:20:00Z,16,0,0,9,9,9,0,1
2020-04-06T23:20:00Z,18,9,9,5,NA,7,0,1
2020-04-06T23:20:00Z,19,5,6.5,8,5,8,0,2
2020-04-06T23:25:00Z,5,6.5,3,5,4.5,8.5,0,2
2020-04-06T23:25:00Z,9,4,6,9.5,3,3.5,0,2
2020-04-06T23:25:00Z,14,0,0,0,NA,2,0,1
2020-04-06T23:25:00Z,15,5,1,3,NA,8,0,1
2020-04-06T23:30:00Z,4,10,10,4,NA,6,0,1
2020-04-06T23:30:00Z,8,7.333333333333333,2.3333333333333335,4,NA,7.666666666666667,0,3
2020-04-06T23:30:00Z,14,4,1,4,NA,3,0,1
2020-04-06T23:30:00Z,15,6,0,4,NA,3,0,1
2020-04-06T23:30:00Z,16,4.5,8.5,7,4.5,9,0,2
2020-04-06T23:35:00Z,1,1,1,0,1,6,0,1
2020-04-06T23:35:00Z,6,5,8.333333333333334,4.666666666666667,7.666666666666667,3.6666666666666665,0,3
2020-04-06T23:35:00Z,8,7.5,3.5,3.5,NA,5,0,2
2020-04-06T23:35:00Z,15,2,3,8,NA,10,0,1
2020-04-06T23:40:00Z,1,10,1,5,10,5,0,1
2020-04-06T23:40:00Z,3,1,4,10,10,3,0,1
2020-04-06T23:40:00Z,5,4.5,6.5,5,6,2.5,0,2
2020-04-06T23:40:00Z,6,8,2,5,1,7,0,1
2020-04-06T23:40:00Z,8,6,4,10,NA,0,0,1
2020-04-06T23:40:00Z,9,7,7.5,0.5,8,7,0,2
2020-04-06T23:40:00Z,13,7,4,2,NA,8,0,1
2020-04-06T23:40:00Z,19,2,4,6,NA,7,0,1
2020-04-06T23:45:00Z,2,1,10,6,NA,4,0,1
2020-04-06T23:45:00Z,3,2,1.5,0.5,1,8,0,2
2020-04-06T23:45:00Z,4,6,6,9,NA,1,0,1
2020-04-06T23:45:00Z,6,9,5,1,8,8,0,1
2020-04-06T23:45:00Z,9,5,3,8,10,8,0,1
2020-04-06T23:45:00Z,17,7,2,10,NA,0,0,1
2020-04-06T23:50:00Z,2,2,1,1,NA,10,0,1
2020-04-06T23:50:00Z,5,4,5.5,8,6.5,8.5,0,2
2020-04-06T23:50:00Z,8,9.333333333333334,6.666666666666667,6,NA,5.333333333333333,0,3
2020-04-06T23:50:00Z,9,4,3,9,6,8,0,1
2020-04-06T23:50:00Z,13,6,4,9,NA,0,0,1
2020-04-06T23:50:00Z,15,2,8,3,NA,1,0,1
2020-04-06T23:55:00Z,2,7,2,6,NA,10,0,1
2020-04-06T23:55:00Z,8,2,1.5,8,NA,5,0,2
2020-04-06T23:55:00Z,9,7,9,10,10,6,0,1
2020-04-06T23:55:00Z,10,0,10,3,NA,3,0,1
2020-04-06T23:55:00Z,13,6,7,10,NA,2,0,1
2020-04-06T23:55:00Z,15,5,1,1,6,4.5,0.5,2
2020-04-07T00:00:00Z,1,3,4,10,10,0,0,1
2020-04-07T00:00:00Z,2,9,5,2,NA,0,0,1
2020-04-07T00:00:00Z,3,4,10,10,10,9,0,1
2020-04-07T00:00:00Z,6,3,0,3,5,2,0,1
2020-04-07T00:00:00Z,8,7.5,5.5,5,NA,6.5,0,2
2020-04-07T00:00:00Z,9,4,8,5.5,5,0.5,0,2
2020-04-07T00:00:00Z,11,4,10,10,8,9,0,1
2020-04-07T00:00:00Z,15,5.666666666666667,7.333333333333333,6.666666666666667,NA,5,0,3
2020-04-07T00:05:00Z,2,8,10,8,NA,10,0,1
2020-04-07T00:05:00Z,3,7,1,3,7,9,0,1
2020-04-07T00:05:00Z,5,9,10,10,0,5,0,1
2020-04-07T00:05:00Z,8,10,1,4,NA,10,0,1
2020-04-07T00:05:00Z,9,5.5,4.5,9.5,2.5,6,0,2
2020-04-07T00:05:00Z,13,1,7,6,NA,10,0,1
2020-04-07T00:05:00Z,14,3.6666666666666665,6,3.3333333333333335,NA,5.666666666666667,0,3
2020-04-07T00:05:00Z,15,8,10,2,NA,1,0,1
2020-04-07T00:05:00Z,16,5,7,0,4,4,0,1
2020-04-07T00:05:00Z,18,6.5,1.5,5,NA,6,0,2
2020-04-07T00:05:00Z,19,4.5,9,3,NA,0.5,0,2
2020-04-07T00:10:00Z,5,7,8,1,10,8,0,1
2020-04-07T00:10:00Z,9,6,0,7,0,6,0,1
2020-04-07T00:10:00Z,12,5,6,2,NA,7,1,1
2020-04-07T00:10:00Z,19,2,8,1,NA,10,0,1
2020-04-07T00:15:00Z,4,9,7,0,NA,10,0,1
2020-04-07T00:15:00Z,6,1,5,3.5,2.5,4,0,2
2020-04-07T00:15:00Z,15,4,10,2,7,0,0,1
2020-04-07T00:15:00Z,17,8,5,7,NA,2.5,0.5,2
2020-04-07T00:15:00Z,18,5,0,2,NA,7,1,1
2020-04-07T00:15:00Z,19,3,0,5,NA,10,0,1
2020-04-07T00:20:00Z,5,2,10,2,7,10,1,1
2020-04-07T00:20:00Z,8,8,10,3,NA,9,0,1
2020-04-07T00:20:00Z,9,7,8,1,5,9,0,1
2020-04-07T00:20:00Z,14,10,3,1,NA,3,0,1
2020-04-07T00:20:00Z,15,6,10,6,NA,8,0,1
2020-04-07T00:25:00Z,2,5,3,3.3333333333333335,NA,3.3333333333333335,0.3333333333333333,3
2020-04-07T00:25:00Z,8,2.75,6.75,5.25,NA,6.5,0.25,4
2020-04-07T00:25:00Z,9,3.75,5.25,2.75,4.5,8.75,0,4
2020-04-07T00:25:00Z,15,8,9,10,NA,10,0,1
2020-04-07T00:25:00Z,16,9,9,7,3,9,0,1
2020-04-07T00:25:00Z,18,5.5,6,4,NA,5,0,2
2020-04-07T00:30:00Z,4,8,7,3,NA,6,1,1
2020-04-07T00:30:00Z,5,6,7.5,3.5,6.5,2,0,2
2020-04-07T00:30:00Z,9,9,5,9,3,8.5,0,2
2020-04-07T00:30:00Z,10,10,9,6,NA,0,0,1
2020-04-07T00:30:00Z,11,10,9,7,7,5,0,1
2020-04-07T00:30:00Z,14,3,8,8,5,2,1,1
2020-04-07T00:30:00Z,15,3,9,10,NA,10,0,1
2020-04-07T00:30:00Z,17,4,0,9,NA,0,0,1
2020-04-07T00:35:00Z,2,7.5,9,4,NA,1,0.5,2
2020-04-07T00:35:00Z,5,8,8,9,5,9,0,1
2020-04-07T00:35:00Z,6,0,10,4,6,3,0,1
2020-04-07T00:35:00Z,8,3.5,10,1.5,NA,9,0.5,2
2020-04-07T00:35:00Z,10,3,1,10,NA,0,0,1
2020-04-07T00:35:00Z,15,1,0,1,NA,1,0,1
2020-04-07T00:35:00Z,18,1,3,2,NA,7,0,1
2020-04-07T00:40:00Z,4,3,2,0,NA,0,0,1
2020-04-07T00:40:00Z,9,5,7.5,3,7.5,3.5,0,2
2020-04-07T00:40:00Z,12,7.5,4.5,3,NA,9,0,2
2020-04-07T00:45:00Z,2,9,6,1,NA,5,0,1
2020-04-07T00:45:00Z,3,0,1,9,4,0,0,1
2020-04-07T00:45:00Z,5,7,1,6,10,9,0,1
2020-04-07T00:45:00Z,6,9,0,8,1,10,0,1
2020-04-07T00:45:00Z,8,5,3,10,NA,1,0,1
2020-04-07T00:45:00Z,9,4,10,5,7,10,0,1
2020-04-07T00:45:00Z,10,8,4,6,NA,9,1,1
2020-04-07T00:45:00Z,18,6,4,1,NA,10,0,1
2020-04-07T00:45:00Z,19,3,6,1,NA,4,1,1
2020-04-07T00:50:00Z,3,4,5.5,3,6.5,6.5,0.5,2
2020-04-07T00:50:00Z,6,6.5,4,8,7,9,0,2
2020-04-07T00:50:00Z,8,9,9,4,NA,1,0,1
2020-04-07T00:50:00Z,9,6,1.5,4.5,4,7,0,2
2020-04-07T00:50:00Z,12,1,6,1.5,NA,3,0,2
2020-04-07T00:50:00Z,14,10,3,3,NA,9,0,1
2020-04-07T00:50:00Z,15,8,10,4,NA,9,0,1
2020-04-07T00:50:00Z,16,0,8,2,0,1,0,1
2020-04-07T00:50:00Z,18,0,5,6,NA,10,0,1
2020-04-07T00:55:00Z,1,5,9,10,4,5,0,1
2020-04-07T00:55:00Z,8,7,4.666666666666667,8.333333333333334,NA,9,0,3
2020-04-07T00:55:00Z,11,5,10,8,1,2,0,1
2020-04-07T00:55:00Z,14,0,5,8,NA,2,0,1
2020-04-07T00:55:00Z,16,0,10,8,5,3,0,1
2020-04-07T00:55:00Z,19,9.333333333333334,5.333333333333333,5.666666666666667,NA,5.333333333333333,0,3
2020-04-07T01:00:00Z,2,10,3,6,NA,4,0,1
2020-04-07T01:00:00Z,3,7,8,7,9,5,1,1
2020-04-07T01:00:00Z,6,10,6,0,10,8,0,1
2020-04-07T01:00:00Z,10,2,7,5,NA,5,0,1
2020-04-07T01:00:00Z,15,5,7,10,NA,10,0,1
2020-04-07T01:00:00Z,18,9,2,6,NA,2,0,1
2020-04-07T01:05:00Z,1,10,5,7,10,6,0,1
2020-04-07T01:05:00Z,3,10,3,7,6,2,0,1
2020-04-07T01:05:00Z,4,0,9,9,NA,6,0,1
2020-04-07T01:05:00Z,9,4,6.5,3.5,6.5,6.5,0,2
2020-04-07T01:05:00Z,12,5,7,5,NA,2,0,1
2020-04-07T01:05:00Z,14,10,2,10,NA,9,0,1
2020-04-07T01:05:00Z,15,3,6,3,NA,7,1,1
2020-04-07T01:05:00Z,16,3.5,7.5,6.5,4,4.5,0,2
2020-04-07T01:10:00Z,1,10,8,10,9,1,0,1
2020-04-07T01:10:00Z,3,9,3,1,3,2,0,1
2020-04-07T01:10:00Z,5,6,9,7,4,6,0,2
2020-04-07T01:10:00Z,6,9,1,6,5,6,0,2
2020-04-07T01:10:00Z,8,6,3,9,NA,7,0,1
2020-04-07T01:10:00Z,15,7,5.333333333333333,5.333333333333333,NA,3.3333333333333335,0,3
2020-04-07T01:10:00Z,19,4,7,0,NA,0,0,1
2020-04-07T01:15:00Z,1,9,6,7,10,10,0,1
2020-04-07T01:15:00Z,2,9,4,2,NA,5,0,1
2020-04-07T01:15:00Z,5,10,10,8,1,4,0,1
2020-04-07T01:15:00Z,8,4,8,7,NA,6.333333333333333,0,3
2020-04-07T01:15:00Z,10,0,8,6,NA,10,0,1
2020-04-07T01:15:00Z,11,1,4,4,3,4,0,1
2020-04-07T01:15:00Z,15,10,6,6,NA,0,0,1
2020-04-07T01:15:00Z,16,3,3,1,3,2,0,1
2020-04-07T01:15:00Z,18,3,3,9,NA,9,0,1
2020-04-07T01:20:00Z,3,7.5,8,3.5,10,2.5,0,2
2020-04-07T01:20:00Z,8,6,5,10,NA,1,0,1
2020-04-07T01:20:00Z,10,3,4,4,NA,2,0,1
2020-04-07T01:25:00Z,3,9,4,10,4,7,0,1
2020-04-07T01:25:00Z,5,0,7,8,3,10,0,1
2020-04-07T01:25:00Z,11,1,0,6,8,4,0,1
2020-04-07T01:25:00Z,14,8,5,6,NA,5,0,1
2020-04-07T01:25:00Z,19,4,5,7,NA,2,0,1
2020-04-07T01:30:00Z,4,4,10,2,NA,5,0,1
2020-04-07T01:30:00Z,6,8,3,7,8.5,5.5,0.5,2
2020-04-07T01:30:00Z,11,0,8,0,5,3,0,1
2020-04-07T01:30:00Z,15,7,0,8,NA,8,1,1
2020-04-07T01:30:00Z,17,3,10,1,NA,1,0,1
2020-04-07T01:35:00Z,1,8,10,7,2,10,0,1
2020-04-07T01:35:00Z,3,0,3,10,7,7,0,1
2020-04-07T01:35:00Z,12,10,10,8,NA,8,0,1
2020-04-07T01:35:00Z,14,8,5,7,NA,8,0,1
2020-04-07T01:40:00Z,8,3,6,6,NA,10,1,1
2020-04-07T01:40:00Z,12,4,8,0,NA,9,0,1
2020-04-07T01:40:00Z,14,8,10,9,NA,2,0,1
2020-04-07T01:40:00Z,15,2,6,6,NA,2,0,1
2020-04-07T01:45:00Z,6,10,6,9,5,4,0,1
2020-04-07T01:45:00Z,8,6,7,3,NA,2,1,1
2020-04-07T01:45:00Z,9,0,2,7,8,8,0,1
2020-04-07T01:45:00Z,10,9.5,6,7.5,NA,7,0,2
2020-04-07T01:45:00Z,15,6,4,6,NA,2.5,0,2
2020-04-07T01:45:00Z,16,10,7,10,9,6,0,1
2020-04-07T01:45:00Z,19,8,0,2,NA,7,0,1
2020-04-07T01:50:00Z,1,3,5,9,9,10,0,1
2020-04-07T01:50:00Z,2,7,5,3,NA,5,1,1
2020-04-07T01:50:00Z,10,10,8,10,NA,2,0,1
2020-04-07T01:50:00Z,13,2.5,0.5,7,NA,1,0,2
2020-04-07T01:50:00Z,15,10,1,0,NA,9,0,1
2020-04-07T01:55:00Z,3,0,8,7,2,10,0,1
2020-04-07T01:55:00Z,6,1,0,0,1,1,0,1
2020-04-07T01:55:00Z,8,6,4.5,1.5,NA,3.5,0,2
2020-04-07T01:55:00Z,9,3,2,10,6,3,0,1
2020-04-07T01:55:00Z,14,9,9,1,NA,4,0,1
2020-04-07T01:55:00Z,19,3,5,8,NA,2,0,1
2020-04-07T02:00:00Z,1,6,0,0,10,1,0,1
2020-04-07T02:00:00Z,2,7,0,10,NA,10,0,1
2020-04-07T02:00:00Z,6,4,2.5,8,4.5,6.5,0,2
2020-04-07T02:00:00Z,8,7,10,8,NA,2,0,1
2020-04-07T02:00:00Z,9,1,2,2,1,7,0,1
2020-04-07T02:00:00Z,10,0,10,0,NA,3,0,1
2020-04-07T02:00:00Z,15,7,5,7.5,NA,1.5,0,2
2020-04-07T02:05:00Z,2,9.5,7.5,8,NA,7.5,0,2
2020-04-07T02:05:00Z,3,10,9,9,9,10,0,1
2020-04-07T02:05:00Z,6,3,6,5,2,10,0,1
2020-04-07T02:05:00Z,8,1,8,1,NA,0,0,1
2020-04-07T02:05:00Z,15,5,7,1,NA,1,0,1
2020-04-07T02:10:00Z,3,9,6,4,0,5,0,1
2020-04-07T02:10:00Z,6,1,3,10,2,10,0,1
2020-04-07T02:10:00Z,8,3,10,2,NA,4,0,1
2020-04-07T02:10:00Z,10,3,10,8,NA,4,0,1
2020-04-07T02:10:00Z,12,2,0,10,NA,8,0,1
2020-04-07T02:10:00Z,13,4,9,6,NA,0,0,1
2020-04-07T02:10:00Z,15,2.6666666666666665,8,5,NA,8,0,3
2020-04-07T02:10:00Z,16,7,10,8,7,7,0,1
2020-04-07T02:10:00Z,19,6,0,7,NA,5,0,1
2020-04-07T02:15:00Z,8,6,4,4,NA,4,0,1
2020-04-07T02:15:00Z,11,9,3,10,7,1,0,1
2020-04-07T02:15:00Z,14,6,10,1,NA,10,0,1
2020-04-07T02:20:00Z,6,10,8,6,2,1,0,1
2020-04-07T02:20:00Z,8,7.666666666666667,6.333333333333333,5.666666666666667,NA,8.333333333333334,0,3
2020-04-07T02:20:00Z,9,4,7,4,10,1,0,1
2020-04-07T02:20:00Z,13,4,4,10,NA,7,1,1
2020-04-07T02:20:00Z,14,9,9,8,NA,9,0,1
2020-04-07T02:20:00Z,15,8,3,2,NA,10,0,1
2020-04-07T02:20:00Z,16,6,2,8,9,1,0,1
2020-04-07T02:25:00Z,6,6,9,7.5,4.5,5.5,0,2
2020-04-07T02:25:00Z,8,8,4,4,NA,5,0,1
2020-04-07T02:25:00Z,9,10,9,6,10,0,0,1
2020-04-07T02:25:00Z,10,10,10,4,NA,10,0,1
2020-04-07T02:25:00Z,15,2,5,3.5,NA,6,0,2
2020-04-07T02:25:00Z,17,10,3,0,NA,5,0,1
2020-04-07T02:30:00Z,2,7,3,2,NA,6,0,1
2020-04-07T02:30:00Z,4,6,3,4,NA,6,0,1
2020-04-07T02:30:00Z,11,5,3,8,9,4,0,1
2020-04-07T02:30:00Z,15,5,2,8,NA,3,0,1
2020-04-07T02:35:00Z,3,8.5,4,6,5,6,0.5,2
2020-04-07T02:35:00Z,4,2,5,9,NA,2,0,1
2020-04-07T02:35:00Z,6,8.5,2.5,1.5,7.5,6,0,2
2020-04-07T02:35:00Z,15,6,6,7,NA,5.5,0,2
2020-04-07T02:40:00Z,2,7,5,5.5,NA,2,0.5,2
2020-04-07T02:40:00Z,3,2,9,1,6,8,0,1
2020-04-07T02:40:00Z,11,9,6,7,6,7,0,1
2020-04-07T02:40:00Z,12,7,6,5,NA,7,0,1
2020-04-07T02:40:00Z,14,7.5,8.5,5,NA,2.5,0,2
2020-04-07T02:40:00Z,15,5,3,4,NA,5,0,1
2020-04-07T02:40:00Z,19,2,8,4,NA,0,0,1
2020-04-07T02:45:00Z,1,1,9,0,2,7,0,1
2020-04-07T02:45:00Z,6,6,5,9,2,3,0,1
2020-04-07T02:45:00Z,8,1,8,9,NA,10,0,1
2020-04-07T02:45:00Z,9,9,1,3,10,4,0,1
2020-04-07T02:45:00Z,13,1,10,8,NA,1,0,1
2020-04-07T02:45:00Z,15,8,5,3,NA,5,0,1
2020-04-07T02:45:00Z,16,9,6,5,5,5,0,1
2020-04-07T02:45:00Z,17,5,5,5,NA,10,0,1
2020-04-07T02:45:00Z,19,5,0,7,NA,4,0,1
2020-04-07T02:50:00Z,1,8,6,9,3,10,0,1
2020-04-07T02:50:00Z,3,6,8,2,10,2,0,1
2020-04-07T02:50:00Z,5,7,8,1,5,5,0,1
2020-04-07T02:50:00Z,8,4,1,9,NA,4,0,1
2020-04-07T02:50:00Z,9,2.5,7,3,7.5,6,0,2
2020-04-07T02:50:00Z,13,1,4,9,NA,9,0,1
2020-04-07T02:50:00Z,15,7,10,5,NA,6,0,1
2020-04-07T02:50:00Z,19,5.5,9.5,6,NA,5,0,2
2020-04-07T02:55:00Z,1,1,7,6,3,1,0,1
2020-04-07T02:55:00Z,5,4,2,10,2,7,0,1
2020-04-07T02:55:00Z,6,8,4,7,7,10,0,1
2020-04-07T02:55:00Z,8,9.5,1,8.5,NA,8.5,0,2
2020-04-07T02:55:00Z,10,9,6,4,NA,3,0,1
2020-04-07T02:55:00Z,11,0,5,10,9,10,0,1
2020-04-07T02:55:00Z,16,3,10,6,2,9,0,1
2020-04-07T03:00:00Z,2,9,7,10,NA,3,0,1
2020-04-07T03:00:00Z,6,5.5,6,3,9,5.5,0,2
2020-04-07T03:00:00Z,8,5,6,2,NA,2,0,1
2020-04-07T03:00:00Z,14,9,10,1,NA,1,0,1
2020-04-07T03:00:00Z,17,10,8,10,NA,0,0,1
2020-04-07T03:05:00Z,6,8,6,7,5,0,0,1
2020-04-07T03:05:00Z,13,2,10,7,NA,3,0,1
2020-04-07T03:05:00Z,15,3,10,8,NA,8,0,1
2020-04-07T03:05:00Z,18,8.5,2.5,6.5,NA,1,0,2
2020-04-07T03:10:00Z,2,1,1,3,NA,10,0,1
2020-04-07T03:10:00Z,8,6,9,8,NA,6,0,1
2020-04-07T03:10:00Z,12,2,10,3,NA,7,0,1
2020-04-07T03:10:00Z,13,0,10,8,NA,0,0,1
2020-04-07T03:10:00Z,14,7,7,2,NA,10,0,1
2020-04-07T03:10:00Z,15,4.666666666666667,5,9.333333333333334,NA,4,0.3333333333333333,3
2020-04-07T03:10:00Z,19,0,4,0,NA,7,0,1
2020-04-07T03:15:00Z,1,9,4,8,6,4,0,1
2020-04-07T03:15:00Z,2,6.5,4.5,7,NA,7.5,0,2
2020-04-07T03:15:00Z,6,1,9,8,8,4,0,2
2020-04-07T03:15:00Z,8,5,4,8.5,NA,6,0,2
2020-04-07T03:15:00Z,14,7,1,8,NA,0,0,1
2020-04-07T03:15:00Z,16,10,3,8,6,7,0,1
2020-04-07T03:20:00Z,3,10,4,6,5,10,0,1
2020-04-07T03:20:00Z,6,4,10,1,6,9,1,1
2020-04-07T03:20:00Z,8,10,6,0,NA,5,0,1
2020-04-07T03:20:00Z,9,4,8,0,5,5,0,1
2020-04-07T03:20:00Z,10,6,6,0,NA,0,0,1
2020-04-07T03:20:00Z,15,2,5,6,NA,3,0,1
2020-04-07T03:20:00Z,18,4.5,6.5,6.5,NA,3.5,0,2
2020-04-07T03:20:00Z,19,4.5,7,9,NA,6,0,2
2020-04-07T03:25:00Z,2,2,10,8,NA,8,0,1
2020-04-07T03:25:00Z,3,9,6,10,3,8,0,1
2020-04-07T03:25:00Z,4,0,3,10,NA,4,0,1
2020-04-07T03:25:00Z,5,0,2,0,0,1,0,1
2020-04-07T03:25:00Z,8,10,7,9,NA,7,1,1
2020-04-07T03:25:00Z,9,1.5,9,8.5,4,1.5,0,2
2020-04-07T03:25:00Z,11,3,1,4,9,4,0,1
2020-04-07T03:25:00Z,12,10,4,9,NA,4,0,1
2020-04-07T03:25:00Z,15,1,5,7,NA,10,0,1
2020-04-07T03:25:00Z,16,0,3,7,2,8,0,1
2020-04-07T03:25:00Z,18,6,10,3,NA,5,0,1
2020-04-07T03:25:00Z,19,7,6.5,8.5,NA,6,0,2
2020-04-07T03:30:00Z,8,7,1,9,NA,10,0,1
2020-04-07T03:30:00Z,9,8,10,9,7,6,0,1
2020-04-07T03:30:00Z,10,1,8,10,NA,0,0,1
2020-04-07T03:30:00Z,12,10,10,6,NA,8,0,1
2020-04-07T03:30:00Z,18,8,10,3,NA,3,0,1
2020-04-07T03:35:00Z,6,9,0,4,7,5,0,1
2020-04-07T03:35:00Z,9,8.5,8,7,2,7,0,2
2020-04-07T03:35:00Z,11,9,0,5,4,3,0,1
2020-04-07T03:35:00Z,12,7,2,1,NA,9,0,1
2020-04-07T03:35:00Z,15,4,5.333333333333333,3,NA,7,0,3
2020-04-07T03:35:00Z,16,10,2,2,3,7,0,1
2020-04-07T03:40:00Z,2,1.6666666666666667,7,3.6666666666666665,NA,7.666666666666667,0,3
2020-04-07T03:40:00Z,4,1,3,1,NA,10,0,1
2020-04-07T03:40:00Z,5,1,0,4,10,4,0,1
2020-04-07T03:40:00Z,6,5,6,6,9,7,0,1
2020-04-07T03:40:00Z,8,9,3,4,NA,0,0,1
2020-04-07T03:40:00Z,9,6,4,3.5,3,3.5,0,2
2020-04-07T03:40:00Z,10,7,4,6,NA,5,0,1
2020-04-07T03:40:00Z,14,8,2,10,NA,10,0,1
2020-04-07T03:40:00Z,15,9,4,1,NA,3,0,1
2020-04-07T03:40:00Z,16,10,8,7,9,9,1,1
2020-04-07T03:45:00Z,8,6,4,7,NA,10,0,1
2020-04-07T03:45:00Z,9,7,7,5,1,7,0,1
2020-04-07T03:45:00Z,18,6,6,7,NA,10,0,1
2020-04-07T03:50:00Z,1,5,5.5,8,5.5,3,0.5,2
2020-04-07T03:50:00Z,2,2,10,10,NA,8,0,1
2020-04-07T03:50:00Z,3,10,8,10,3,0,0,1
2020-04-07T03:50:00Z,6,4,7.333333333333333,3.6666666666666665,8.333333333333334,8,0,3
2020-04-07T03:50:00Z,9,4.75,7,5.25,6,5.75,0.25,4
2020-04-07T03:50:00Z,11,6,5,9,1,8,0,1
2020-04-07T03:50:00Z,14,8,0,8,NA,10,0,1
2020-04-07T03:50:00Z,17,9,9,6,NA,10,1,1
2020-04-07T03:55:00Z,2,6,0,7,NA,10,0,1
2020-04-07T03:55:00Z,3,7,7.5,3.5,4.5,2.5,0,2
2020-04-07T03:55:00Z,5,3,9,5,10,5,0,1
2020-04-07T03:55:00Z,9,5,7,1,4,10,0,1
2020-04-07T03:55:00Z,10,3,9,0,NA,10,0,1
2020-04-07T03:55:00Z,13,2,7,4,NA,8,0,1
2020-04-07T03:55:00Z,14,9,1,6,NA,10,0,1
2020-04-07T03:55:00Z,17,0,5,0,NA,3,0,1
2020-04-07T03:55:00Z,18,1,2,5,NA,5,0,1
2020-04-07T04:00:00Z,2,6,4,0,NA,0,0,1
2020-04-07T04:00:00Z,3,1,1,10,7,5,0,1
2020-04-07T04:00:00Z,8,1,8,5,NA,9,0,1
2020-04-07T04:00:00Z,11,8,10,9,10,10,0,1
2020-04-07T04:00:00Z,17,6,4.5,7.5,NA,1,0.5,2
2020-04-07T04:05:00Z,2,3,10,6,NA,6,0,1
2020-04-07T04:05:00Z,3,1,9,1,10,10,0,1
2020-04-07T04:05:00Z,4,5,6,9,NA,1,0,1
2020-04-07T04:05:00Z,6,4,8,10,0,9,0,1
2020-04-07T04:05:00Z,9,7,8,6,7,4,0,1
2020-04-07T04:05:00Z,11,7,6,3,4,0,0,1
2020-04-07T04:05:00Z,12,2,10,5,NA,9,0,1
2020-04-07T04:05:00Z,15,5.5,4.5,9,NA,7.5,0.5,2
2020-04-07T04:05:00Z,19,5.5,6,3,NA,3.5,0,2
2020-04-07T04:10:00Z,2,0,5.5,8.5,NA,10,0,2
2020-04-07T04:10:00Z,3,10,10,6,8,5,0,1
2020-04-07T04:10:00Z,9,10,5,2,10,10,0,1
2020-04-07T04:15:00Z,2,10,1,7,NA,6,0,1
2020-04-07T04:15:00Z,3,3,2,6,5,10,0,1
2020-04-07T04:15:00Z,6,6,10,8,8,4,0,1
2020-04-07T04:15:00Z,16,9,7.5,3,5,5.5,0,2
2020-04-07T04:20:00Z,3,6.5,1,6,6,9.5,0,2
2020-04-07T04:20:00Z,6,6,3,6,1,10,0,1
2020-04-07T04:20:00Z,8,6,8,3,NA,8,0.5,2
2020-04-07T04:20:00Z,9,10,0,0,10,4,0,1
2020-04-07T04:20:00Z,12,1,9,3,NA,9,0,1
2020-04-07T04:20:00Z,15,1,3,9,NA,7,1,1
2020-04-07T04:25:00Z,3,2,2,2,10,8,0,1
2020-04-07T04:25:00Z,4,3,9,1,NA,1,0,1
2020-04-07T04:25:00Z,6,5,2,7,2,10,0,1
2020-04-07T04:25:00Z,8,9,7,9,NA,2,0,1
2020-04-07T04:25:00Z,9,3,7,3,4,10,0,1
2020-04-07T04:25:00Z,10,6,4,10,NA,6,0,1
2020-04-07T04:25:00Z,14,1,10,9,NA,10,0,1
2020-04-07T04:25:00Z,18,0,6,3,NA,8,0,1
2020-04-07T04:30:00Z,2,9,5,9,NA,5,0,1
2020-04-07T04:30:00Z,6,3.5,4.5,6.25,3.75,2,0,4
2020-04-07T04:30:00Z,8,2,8,6,NA,9,0,1
2020-04-07T04:30:00Z,14,6,9,1,NA,6,0,1
2020-04-07T04:30:00Z,15,1,2,1,NA,10,0,1
2020-04-07T04:35:00Z,1,10,10,4,9,3,0,1
2020-04-07T04:35:00Z,2,5.5,5.5,3.5,NA,7.5,0,2
2020-04-07T04:35:00Z,6,1.5,5,8,6.5,8,0.5,2
2020-04-07T04:35:00Z,9,10,10,10,2,7,0,1
2020-04-07T04:35:00Z,15,5,7,10,NA,1,0,1
2020-04-07T04:35:00Z,18,4,9,10,NA,10,0,1
2020-04-07T04:35:00Z,19,8,8,1,NA,4,0,1
2020-04-07T04:40:00Z,2,0,8,0,NA,9,0,1
2020-04-07T04:40:00Z,3,10,1.5,6.5,7,2,0,2
2020-04-07T04:40:00Z,4,10,6,0,NA,4,0,1
2020-04-07T04:40:00Z,6,6.666666666666667,4.333333333333333,4,3,8.333333333333334,0,3
2020-04-07T04:40:00Z,8,5,0,5,NA,4,0,1
2020-04-07T04:40:00Z,9,3.5,5,3.5,3,10,0,2
2020-04-07T04:40:00Z,11,0,1,4,6,9,0,1
2020-04-07T04:45:00Z,4,7,8,3,NA,7,0,1
2020-04-07T04:45:00Z,9,6,4,3,4,10,0,1
2020-04-07T04:45:00Z,10,7,3,10,NA,5,0,1
2020-04-07T04:45:00Z,13,3,3,3,NA,9,0,1
2020-04-07T04:45:00Z,16,4,0,7,0,10,0,1
2020-04-07T04:50:00Z,1,9,1,4,1,2,0,1
2020-04-07T04:50:00Z,3,1.5,4,9.5,5,2,0.5,2
2020-04-07T04:50:00Z,6,9,7,3,7,10,0,1
2020-04-07T04:50:00Z,9,1.5,1,2.5,4,7,0.5,2
2020-04-07T04:50:00Z,15,10,7,3,NA,10,0,1
2020-04-07T04:55:00Z,1,10,10,2,3,10,0,1
2020-04-07T04:55:00Z,5,2,10,10,4,4,0,1
2020-04-07T04:55:00Z,6,3,5,6,10,2,0,1
2020-04-07T04:55:00Z,9,5,4,5,3,8.5,0,2
2020-04-07T04:55:00Z,12,3,7,4,NA,3,0,1
2020-04-07T04:55:00Z,14,8,8,9,NA,2,0,1
2020-04-07T05:00:00Z,8,3,10,10,NA,9,0,1
2020-04-07T05:00:00Z,9,7,5.666666666666667,6,8.333333333333334,7.333333333333333,0,3
2020-04-07T05:00:00Z,13,10,6,6,NA,4,0,1
2020-04-07T05:00:00Z,15,7.666666666666667,4,1,NA,5,0,3
2020-04-07T05:00:00Z,18,7,1,9,NA,5,0,1
2020-04-07T05:00:00Z,19,10,4,7,NA,8,1,1
2020-04-07T05:05:00Z,5,10,9,7,5,0,0,1
2020-04-07T05:05:00Z,6,7,8,5.666666666666667,1,5.333333333333333,0,3
2020-04-07T05:05:00Z,9,3,8,9,2,10,0,1
2020-04-07T05:05:00Z,18,10,2,10,NA,5,0,1
2020-04-07T05:10:00Z,3,3,6,0,10,10,0,1
2020-04-07T05:10:00Z,6,3,10,10,4,7,0,1
2020-04-07T05:10:00Z,8,6,7.5,5.5,7,5.5,0,2
2020-04-07T05:10:00Z,11,9,4,1,4,4,0,1
2020-04-07T05:10:00Z,19,0,3,8,NA,4,0,1
2020-04-07T05:15:00Z,2,5,8,1.5,NA,4.5,0,2
2020-04-07T05:15:00Z,6,3,3,10,6,3,0,1
2020-04-07T05:15:00Z,9,7,4,2,1,8,0,1
2020-04-07T05:15:00Z,10,9,8,5,NA,3,0,1
2020-04-07T05:15:00Z,15,4,4,5,NA,10,1,1
2020-04-07T05:20:00Z,1,6,4,10,10,2,0,1
2020-04-07T05:20:00Z,5,3,0,5,10,8,0,1
2020-04-07T05:20:00Z,9,4,3,0,0,1,0,1
2020-04-07T05:20:00Z,18,3,7,2,NA,0,1,1
2020-04-07T05:25:00Z,1,1,0,3,10,9,0,1
2020-04-07T05:25:00Z,2,2,4,9,NA,4,0,1
2020-04-07T05:25:00Z,3,0,8,1,6,2,1,1
2020-04-07T05:25:00Z,4,5,4,2,NA,10,0,1
2020-04-07T05:25:00Z,15,5.5,6,7,NA,6,0,2
2020-04-07T05:30:00Z,2,9.5,4,5,NA,8,0,2
2020-04-07T05:30:00Z,4,2,3,7,NA,9,0,1
2020-04-07T05:30:00Z,5,6.333333333333333,6.666666666666667,7.333333333333333,4.666666666666667,1.3333333333333333,0,3
2020-04-07T05:30:00Z,6,5,3,8,8,7,0,1
2020-04-07T05:30:00Z,9,5,5,6,3,2,0,2
2020-04-07T05:30:00Z,12,8,6,6,NA,6.5,0,2
2020-04-07T05:30:00Z,14,9,4,0,NA,8,0,1
2020-04-07T05:30:00Z,16,5,1,9,8,6,1,1
2020-04-07T05:30:00Z,18,3,3,4,NA,8,0,1
2020-04-07T05:30:00Z,19,10,3,4,NA,7,0,1
2020-04-07T05:35:00Z,5,3.5,6.5,7,5.5,5.5,1,2
2020-04-07T05:35:00Z,8,2,0,4,NA,10,0,1
2020-04-07T05:35:00Z,9,10,8,5,10,0,0,1
2020-04-07T05:35:00Z,11,2,1,0,4,2,0,1
2020-04-07T05:35:00Z,13,3,10,5,NA,0,0,1
2020-04-07T05:35:00Z,15,4.5,5.5,4.5,NA,7,0,2
2020-04-07T05:35:00Z,16,3,2,2,6,10,0,1
2020-04-07T05:35:00Z,17,1,8,10,2,10,0,1
2020-04-07T05:35:00Z,18,9,4,9,NA,10,0,1
2020-04-07T05:40:00Z,2,7,7,10,NA,0,0,1
2020-04-07T05:40:00Z,3,3,8,0,3,3,0,1
2020-04-07T05:40:00Z,6,10,5,4,7,2,0,1
2020-04-07T05:40:00Z,8,10,0,1,NA,6,1,1
2020-04-07T05:40:00Z,11,10,0,1,7,6,0,1
2020-04-07T05:40:00Z,19,0,5,7,NA,3,0,1
2020-04-07T05:45:00Z,2,6.5,5,3.5,NA,8,0,2
2020-04-07T05:45:00Z,3,5,3,7,10,4,0,1
2020-04-07T05:45:00Z,8,2,10,3,NA,8,0,1
2020-04-07T05:45:00Z,9,9,0,5,8,7,0,1
2020-04-07T05:45:00Z,10,1,9,9,NA,9,0,1
2020-04-07T05:45:00Z,11,10,8,0,6,3,0,1
2020-04-07T05:45:00Z,12,5,5,10,NA,9,0,1
2020-04-07T05:45:00Z,14,3,10,9,NA,9,0,1
2020-04-07T05:45:00Z,15,9,1,5,NA,1,0,1
2020-04-07T05:50:00Z,1,10,4,9,10,7,0,1
2020-04-07T05:50:00Z,2,5,7,5.5,NA,6,0,2
2020-04-07T05:50:00Z,3,8.5,4.5,5,1.5,6.5,0,2
2020-04-07T05:55:00Z,3,5.5,7.5,4,9,4,0,2
2020-04-07T05:55:00Z,5,10,4,10,9,10,0,1
2020-04-07T05:55:00Z,8,5,3,3,NA,10,0,1
2020-04-07T05:55:00Z,15,4.666666666666667,4.666666666666667,7,NA,5.666666666666667,0,3
2020-04-07T05:55:00Z,16,8,7,1,10,4,0,1
2020-04-07T06:00:00Z,6,4,10,8,0,6,0,1
2020-04-07T06:00:00Z,8,0,2,9,NA,7,0,1
2020-04-07T06:00:00Z,16,8,10,7,4,7,0,1
2020-04-07T06:05:00Z,2,3,6,0,NA,4,0,1
2020-04-07T06:05:00Z,9,2,6,4,7,5,1,1
2020-04-07T06:05:00Z,15,5,0,7,NA,6.5,0,2
2020-04-07T06:05:00Z,16,9,9,10,0,8,0,1
2020-04-07T06:10:00Z,2,8,6,0,NA,10,0,1
2020-04-07T06:10:00Z,3,1,2,1,2,8,0,1
2020-04-07T06:10:00Z,8,7,10,1,NA,10,0,1
2020-04-07T06:10:00Z,9,2,10,0,6,7,0,1
2020-04-07T06:10:00Z,16,0,3,10,10,3,0,1
2020-04-07T06:10:00Z,18,2,4,1,NA,2,0,1
2020-04-07T06:15:00Z,3,10,0,8,3,1,0,1
2020-04-07T06:15:00Z,8,4.5,1,5,NA,7.5,0,2
2020-04-07T06:15:00Z,15,9,5,8,NA,4,0,1
2020-04-07T06:15:00Z,16,8,1,9,3,2,0,1
2020-04-07T06:15:00Z,17,8.5,2.5,8.5,NA,7,0,2
2020-04-07T06:20:00Z,2,6,1,10,NA,10,0,1
2020-04-07T06:20:00Z,3,3,0,3,8,4,0,1
2020-04-07T06:20:00Z,6,3,3,8,4,1,0,1
2020-04-07T06:20:00Z,8,1,5,1,NA,8,0,1
2020-04-07T06:20:00Z,9,7,5,7,7.5,6.5,0,2
2020-04-07T06:20:00Z,15,0,2,10,NA,10,0,1
2020-04-07T06:20:00Z,18,8,4,9,NA,2,0,1
2020-04-07T06:25:00Z,1,5,5,4,5,6,0,1
2020-04-07T06:25:00Z,3,7,0,4,10,10,1,1
2020-04-07T06:25:00Z,4,0,1,10,NA,4,0,1
2020-04-07T06:25:00Z,5,2,10,1,3,3,0,1
2020-04-07T06:25:00Z,6,4,8,0,10,10,0,1
2020-04-07T06:25:00Z,9,3.5,1,6.5,0.5,6.5,0,2
2020-04-07T06:25:00Z,18,0,5,3,NA,1,0,1
2020-04-07T06:25:00Z,19,6,7,6.5,NA,5,0,2
2020-04-07T06:30:00Z,1,4.5,3.5,0.5,5.5,6.5,0.5,2
2020-04-07T06:30:00Z,2,3,4.5,7,NA,6.5,0,2
2020-04-07T06:30:00Z,5,3,7,0,3,2,0,1
2020-04-07T06:30:00Z,8,5,2,1,NA,1,0,1
2020-04-07T06:30:00Z,12,9,5,7,NA,10,0,1
2020-04-07T06:30:00Z,15,1.5,6,2,NA,5.5,0,2
2020-04-07T06:30:00Z,19,1,2,6,NA,4,0,1
2020-04-07T06:35:00Z,8,2,1,4,NA,1,0,1
2020-04-07T06:35:00Z,10,4,4,4,NA,10,0,1
2020-04-07T06:35:00Z,12,4,5,4,NA,10,0,1
2020-04-07T06:35:00Z,17,2,0,7,NA,5,1,1
2020-04-07T06:40:00Z,10,9,6,4,NA,1,0,1
2020-04-07T06:40:00Z,11,7,10,7,6,1,1,1
2020-04-07T06:40:00Z,15,9.5,6,5,NA,7,0,2
2020-04-07T06:40:00Z,16,4,3.5,4.5,5,5,0,2
2020-04-07T06:45:00Z,4,10,2,2,NA,2,0,1
2020-04-07T06:45:00Z,8,4.333333333333333,7,7.333333333333333,NA,6,0,3
2020-04-07T06:45:00Z,11,2,10,6,0,1,0,1
2020-04-07T06:45:00Z,12,2,2,7,NA,7,0,1
2020-04-07T06:45:00Z,13,9,3,6,NA,10,0,1
2020-04-07T06:50:00Z,2,4,10,6.5,NA,6,0,2
2020-04-07T06:50:00Z,3,10,6,10,9,2,0,1
2020-04-07T06:50:00Z,6,3.6666666666666665,6.666666666666667,5.666666666666667,4.333333333333333,8,0,3
2020-04-07T06:50:00Z,9,0,2,7,5,1,0,1
2020-04-07T06:50:00Z,11,2,10,1,3,10,0,1
2020-04-07T06:50:00Z,14,9,6,1,NA,8,0,1
2020-04-07T06:50:00Z,15,1,8,3,NA,6,0,1
2020-04-07T06:55:00Z,2,6,10,2,NA,10,0,1
2020-04-07T06:55:00Z,8,3,5,2.5,NA,9,0,2
2020-04-07T06:55:00Z,9,1,9,4,0,7,0,1
2020-04-07T06:55:00Z,10,0,8,5,NA,1,0,1
2020-04-07T06:55:00Z,14,7.5,3,2.5,NA,4,0,2
2020-04-07T06:55:00Z,15,2.3333333333333335,4,4,NA,5,0.3333333333333333,3
2020-04-07T06:55:00Z,19,2,5.333333333333333,5.666666666666667,NA,4,0,3
2020-04-07T07:00:00Z,2,1,10,7,7,3,0,1
2020-04-07T07:00:00Z,5,9,2,10,7,6,1,1
2020-04-07T07:00:00Z,6,5,10,4,6,6,0,1
2020-04-07T07:00:00Z,8,10,0,6,NA,8,0,1
2020-04-07T07:00:00Z,9,10,10,8.5,5,0.5,0,2
2020-04-07T07:00:00Z,18,10,3,0,NA,10,0,1
2020-04-07T07:00:00Z,19,5,2,2,NA,3,0,1
2020-04-07T07:05:00Z,2,4,3,3.5,NA,4,0,2
2020-04-07T07:05:00Z,6,5.333333333333333,4.666666666666667,8,6.333333333333333,5.333333333333333,0,3
2020-04-07T07:05:00Z,15,6,1,6,NA,10,0,1
2020-04-07T07:05:00Z,16,0,6,10,7,8,0,1
2020-04-07T07:05:00Z,18,2,5,2,NA,7,0,1
2020-04-07T07:05:00Z,19,5,5,6,NA,7.5,0,2
2020-04-07T07:10:00Z,1,8,3,10,5,8,0,1
2020-04-07T07:10:00Z,3,0,10,9,10,6,0,1
2020-04-07T07:10:00Z,9,0,3,2,2,8,0,1
2020-04-07T07:10:00Z,16,10,10,10,0,3,0,1
2020-04-07T07:10:00Z,19,10,10,1,NA,5,0,1
2020-04-07T07:15:00Z,2,6,5,10,NA,2,0,1
2020-04-07T07:15:00Z,3,10,10,9,8,7,0,1
2020-04-07T07:15:00Z,15,8.5,2.5,10,NA,4,0,2
2020-04-07T07:20:00Z,2,0,4,5,NA,7,0,1
2020-04-07T07:20:00Z,4,0,0,2,NA,4,0,1
2020-04-07T07:20:00Z,9,3.5,5.5,4.5,9,3,0,2
2020-04-07T07:20:00Z,12,2,10,1,NA,2,0,1
2020-04-07T07:20:00Z,15,5.5,5.5,9,NA,3,0,2
2020-04-07T07:25:00Z,1,3,9,4,6,8,1,1
2020-04-07T07:25:00Z,3,4,7,1,8,10,0,1
2020-04-07T07:25:00Z,15,7,10,10,NA,6,0,1
2020-04-07T07:30:00Z,3,10,0,0,5,7,0,1
2020-04-07T07:30:00Z,6,3,10,8,9,5,0,1
2020-04-07T07:30:00Z,8,7,9,5.5,3,2,1,2
2020-04-07T07:30:00Z,16,3.5,2.5,2,3.5,5.5,0,2
2020-04-07T07:35:00Z,1,7,10,10,6,10,0,1
2020-04-07T07:35:00Z,2,3.5,8.5,0.5,NA,5,0,2
2020-04-07T07:35:00Z,5,0,9,2,4,10,0,1
2020-04-07T07:35:00Z,11,0,10,0,2,3,0,1
2020-04-07T07:35:00Z,12,7,1,5,NA,0,0,1
2020-04-07T07:35:00Z,16,1,3,10,5,10,0,1
2020-04-07T07:35:00Z,18,2,10,10,NA,3,0,1
2020-04-07T07:35:00Z,19,4,9,6,NA,0,1,1
2020-04-07T07:40:00Z,2,8,7,5,NA,8,0,1
2020-04-07T07:40:00Z,14,8,3,7,NA,1,0,1
2020-04-07T07:45:00Z,1,2,8,10,6,1,0,1
2020-04-07T07:45:00Z,3,8,5,4,10,0,0,1
2020-04-07T07:45:00Z,4,9,2,1,NA,7,0,1
2020-04-07T07:45:00Z,6,6.5,8.5,3,2.5,6,0.5,2
2020-04-07T07:45:00Z,8,5,9,1,NA,5,0,1
2020-04-07T07:45:00Z,11,2,8,3,4,2,0,1
2020-04-07T07:45:00Z,17,4,4,3,NA,4,0,1
2020-04-07T07:50:00Z,1,10,7,4,8,10,0,1
2020-04-07T07:50:00Z,5,1,0,1,8,8,0,1
2020-04-07T07:50:00Z,6,5,1,10,7,8,0,1
2020-04-07T07:50:00Z,9,10,1,4,4,8,0,1
2020-04-07T07:50:00Z,19,2,3,0,NA,1,0,1
2020-04-07T07:55:00Z,3,6.666666666666667,5,10,6.666666666666667,5,0.6666666666666666,3
2020-04-07T07:55:00Z,5,0,7,5,5,2,0,1
2020-04-07T07:55:00Z,8,1,10,3,NA,2,0,1
2020-04-07T07:55:00Z,9,6,7,6,2,9,0,2
2020-04-07T07:55:00Z,10,4,0,9,NA,5,0,1
2020-04-07T08:00:00Z,2,8,7,4.666666666666667,NA,5.666666666666667,0,3
2020-04-07T08:00:00Z,3,2.5,7.5,7,7,4,0,2
2020-04-07T08:00:00Z,5,3,1,3,1,6,0,1
2020-04-07T08:00:00Z,6,5.5,8,6.5,3.5,9.5,0,2
2020-04-07T08:05:00Z,2,10,0,6,NA,7,0,1
2020-04-07T08:05:00Z,3,3,6,0,1,1,1,1
2020-04-07T08:05:00Z,13,10,6,3,NA,0,0,1
2020-04-07T08:05:00Z,15,6.5,2.5,4,NA,5.5,0,2
2020-04-07T08:05:00Z,18,2,4,3,NA,1,0,1
2020-04-07T08:10:00Z,2,5.5,4.5,0.5,NA,8.5,0,2
2020-04-07T08:10:00Z,3,8.5,3.5,8,8,7,0,2
2020-04-07T08:10:00Z,6,4.5,4,8,4.5,5,0,2
2020-04-07T08:10:00Z,8,0,0,10,NA,0,0,1
2020-04-07T08:10:00Z,15,9,1,9,NA,10,0,1
2020-04-07T08:15:00Z,2,6,7,10,NA,10,0,1
2020-04-07T08:15:00Z,5,6,2.5,4,6.5,3,0,2
2020-04-07T08:15:00Z,10,9,0,2,NA,1,0,1
2020-04-07T08:15:00Z,16,8,3,10,4,9,0,1
2020-04-07T08:20:00Z,3,8,1,0,5,3,0,1
2020-04-07T08:20:00Z,8,7,6,4,NA,1,0,1
2020-04-07T08:20:00Z,13,9,1,9,NA,4,0,1
2020-04-07T08:20:00Z,14,5,8,4,NA,8,0,1
2020-04-07T08:20:00Z,15,6,8,3,NA,9.5,0.5,2
2020-04-07T08:20:00Z,16,4,8,10,9,0,0,1
2020-04-07T08:20:00Z,19,0,10,5,NA,0,0,1
2020-04-07T08:25:00Z,1,3,4,4.5,8.5,3.5,0,2
2020-04-07T08:25:00Z,2,1,3,5,NA,1,1,1
2020-04-07T08:25:00Z,3,8,0,10,10,6,0,1
2020-04-07T08:25:00Z,8,10,2,4,NA,1,0,1
2020-04-07T08:25:00Z,9,4,2,2,0,1,0,1
2020-04-07T08:25:00Z,18,9,7,0,NA,2,0,1
2020-04-07T08:30:00Z,3,6,10,8,10,10,0,1
2020-04-07T08:30:00Z,5,4,1,5,9,4,0,1
2020-04-07T08:30:00Z,6,4.5,6,5,10,5.5,0,2
2020-04-07T08:30:00Z,13,8,0,6,NA,9,0,1
2020-04-07T08:30:00Z,16,5,10,8,8,8,0,1
2020-04-07T08:30:00Z,17,8,9,2,NA,0,0,1
2020-04-07T08:35:00Z,2,1,5.5,6.5,NA,2,0,2
2020-04-07T08:35:00Z,3,3,6,4,5,1,0,1
2020-04-07T08:35:00Z,8,8,3,3,NA,5,0,1
2020-04-07T08:35:00Z,10,4,5,10,NA,3,0,1
2020-04-07T08:40:00Z,3,10,6,5,3,10,0,1
2020-04-07T08:40:00Z,5,0,0,3,3,10,0,1
2020-04-07T08:40:00Z,6,3.5,6.5,3,5.5,3,0,2
2020-04-07T08:40:00Z,8,4,6,9,NA,5,0,1
2020-04-07T08:40:00Z,9,3,6,2,10,3,0,1
2020-04-07T08:40:00Z,15,1,10,3,NA,1,1,1
2020-04-07T08:40:00Z,16,0,10,2,10,3,0,1
2020-04-07T08:40:00Z,19,0,8,6,NA,10,0,1
2020-04-07T08:45:00Z,1,4,3,7,10,8,1,1
2020-04-07T08:45:00Z,3,6,5.5,9.5,4.5,6,0,2
2020-04-07T08:45:00Z,8,6.5,7,6,NA,5.5,0,2
2020-04-07T08:45:00Z,9,8,6,1,7,9,1,1
2020-04-07T08:45:00Z,14,2,8,6,NA,1,0,1
2020-04-07T08:45:00Z,15,10,1,8,NA,9,0,1
2020-04-07T08:45:00Z,17,9,5,10,NA,1,1,1
2020-04-07T08:45:00Z,19,8,2,5,NA,4,0,2
2020-04-07T08:50:00Z,1,10,10,1,1,9,0,1
2020-04-07T08:50:00Z,2,9.5,4,1.5,NA,5.5,0,2
2020-04-07T08:50:00Z,5,10,6,0,6,10,0,1
2020-04-07T08:50:00Z,6,10,3,3,0,10,0,1
2020-04-07T08:50:00Z,9,7.333333333333333,4.666666666666667,3.6666666666666665,4.666666666666667,4.666666666666667,0.6666666666666666,3
2020-04-07T08:50:00Z,16,7,6,6,4,5,0,1
2020-04-07T08:50:00Z,18,7,1,7,NA,5,0,1
2020-04-07T08:50:00Z,19,8,4,9,NA,2,0,1
2020-04-07T08:55:00Z,2,10,1,1,NA,1,0,1
2020-04-07T08:55:00Z,5,4,5,9,10,9,0,1
2020-04-07T08:55:00Z,6,6,8,7.333333333333333,3,6.666666666666667,0.3333333333333333,3
2020-04-07T08:55:00Z,8,8,3.5,7.5,NA,7,0.5,2
2020-04-07T08:55:00Z,9,8.5,4.5,3.5,3,4.5,0,2
2020-04-07T08:55:00Z,11,5,5.5,2.5,5,0.5,0,2
2020-04-07T08:55:00Z,15,4.5,5,8,NA,9,0,2
2020-04-07T08:55:00Z,19,4,6.5,8,NA,8,0,2
2020-04-07T09:00:00Z,2,6,9,5,NA,4,0,1
2020-04-07T09:00:00Z,8,5.5,3.5,8,NA,4,0,2
2020-04-07T09:00:00Z,15,9,6,9,NA,8,0,1
2020-04-07T09:00:00Z,16,5,8,8,2,10,0,1
2020-04-07T09:05:00Z,3,9.5,4.5,2.5,2,10,0,2
2020-04-07T09:05:00Z,6,1,3,9,10,6,0,1
2020-04-07T09:05:00Z,8,6,3,9.5,NA,4.5,0,2
2020-04-07T09:10:00Z,2,10,9,8,NA,6,0,1
2020-04-07T09:10:00Z,3,10,9.5,7,4.5,6.5,0.5,2
2020-04-07T09:10:00Z,5,7.5,5,7.5,3,6,0.5,2
2020-04-07T09:10:00Z,9,4,6,4,4,9,0,1
2020-04-07T09:10:00Z,15,5,6.5,10,4,7,0.5,2
2020-04-07T09:10:00Z,17,5,7,10,NA,0,0,1
2020-04-07T09:15:00Z,2,9,6.5,5,NA,2.5,0,2
2020-04-07T09:15:00Z,6,3.6666666666666665,4.333333333333333,8.666666666666666,6.666666666666667,7.666666666666667,0.3333333333333333,3
2020-04-07T09:15:00Z,8,8,2.3333333333333335,6.666666666666667,NA,5.333333333333333,0,3
2020-04-07T09:15:00Z,15,5,7.5,0.5,NA,10,0,2
2020-04-07T09:15:00Z,16,6,8,5,1,10,0,1
2020-04-07T09:20:00Z,1,5,0.5,3,7,7.5,0,2
2020-04-07T09:20:00Z,2,6,5,10,NA,5,0,1
2020-04-07T09:20:00Z,3,1,8,3,6,7,0,1
2020-04-07T09:20:00Z,6,4,6,10,6,10,0,1
2020-04-07T09:20:00Z,10,10,10,0,NA,10,0,1
2020-04-07T09:20:00Z,15,5.5,8.5,6,7,3.5,0,2
2020-04-07T09:20:00Z,18,10,2,6,NA,1,0,1
2020-04-07T09:25:00Z,2,8,4,5,NA,5,0,1
2020-04-07T09:25:00Z,3,2.5,3.5,7,5.5,5.5,0,2
2020-04-07T09:25:00Z,6,0,8,8,2,5,1,1
2020-04-07T09:25:00Z,8,2,6,8,NA,2,0,1
2020-04-07T09:25:00Z,10,10,1,3,NA,10,0,1
2020-04-07T09:25:00Z,14,4,7,0,NA,9,0,1
2020-04-07T09:30:00Z,5,2,1,7,2,5,0,1
2020-04-07T09:30:00Z,6,10,5,2.5,3,6.5,0,2
2020-04-07T09:30:00Z,8,8,3,0,NA,9,0,1
2020-04-07T09:30:00Z,12,5,0,10,NA,10,0,1
2020-04-07T09:30:00Z,19,7.666666666666667,6,9.666666666666666,NA,4,0,3
2020-04-07T09:35:00Z,2,1,1,7,NA,2,0,1
2020-04-07T09:35:00Z,3,3,10,6,2,4,0,1
2020-04-07T09:35:00Z,8,9,2,6,NA,3,0,2
2020-04-07T09:35:00Z,9,6,6,8.5,4,6.5,0,2
2020-04-07T09:35:00Z,10,10,8,5,NA,6,1,1
2020-04-07T09:35:00Z,13,5,6.5,2.5,NA,5,0,2
2020-04-07T09:35:00Z,14,9.5,6.5,3.5,NA,3.5,0.5,2
2020-04-07T09:35:00Z,15,10,10,9,NA,10,0,1
2020-04-07T09:35:00Z,18,10,1,6,NA,3,0,1
2020-04-07T09:40:00Z,2,8.5,10,7.5,NA,6.5,0,2
2020-04-07T09:40:00Z,4,9,10,10,NA,6,0,1
2020-04-07T09:40:00Z,6,8,5,5,1,1,1,1
2020-04-07T09:40:00Z,9,7,6,1,9,5,0,1
2020-04-07T09:40:00Z,17,4,6,3,NA,8,0,1
2020-04-07T09:40:00Z,18,4,1,4,NA,10,0,1
2020-04-07T09:45:00Z,2,0,1,3,NA,4,0,1
2020-04-07T09:45:00Z,3,6,4,7,0,3,0,1
2020-04-07T09:45:00Z,6,6.333333333333333,7.333333333333333,5.333333333333333,8.333333333333334,4.666666666666667,0,3
2020-04-07T09:45:00Z,8,9,10,8,NA,7,0,1
2020-04-07T09:45:00Z,9,9.5,5.5,2,3,5,0,2
2020-04-07T09:45:00Z,11,4,8,8,8,2,0,1
2020-04-07T09:45:00Z,15,0,1,2,NA,7,0,1
2020-04-07T09:45:00Z,18,3,1,6,NA,3,0,1
2020-04-07T09:45:00Z,19,9,4,6.5,4,7.5,0,2
2020-04-07T09:50:00Z,1,3,7,4,10,1,0,1
2020-04-07T09:50:00Z,6,7.666666666666667,4.333333333333333,4.333333333333333,9,2.3333333333333335,0,3
2020-04-07T09:50:00Z,8,10,10,7,NA,1,0,1
2020-04-07T09:50:00Z,10,1,0,8,NA,2,0,1
2020-04-07T09:55:00Z,1,3,0,10,5,2,0,1
2020-04-07T09:55:00Z,3,7,5.666666666666667,7,4.666666666666667,3.3333333333333335,0,3
2020-04-07T09:55:00Z,16,7,7,10,4,9,0,1
2020-04-07T09:55:00Z,19,7,9,3,NA,3,0,1
2020-04-07T10:00:00Z,1,1,1,1,8,4,1,1
2020-04-07T10:00:00Z,2,8.5,2,5.5,NA,6,0,2
2020-04-07T10:00:00Z,3,1,7,4,8,1,0,1
2020-04-07T10:00:00Z,6,9,9,8,5,6,0,1
2020-04-07T10:00:00Z,8,7.333333333333333,6.666666666666667,5.666666666666667,NA,5.666666666666667,0,3
2020-04-07T10:00:00Z,10,6,3,7,NA,1,0,1
2020-04-07T10:00:00Z,15,7,3,7.5,NA,1.5,0.5,2
2020-04-07T10:00:00Z,19,10,5.5,7.5,NA,6.5,0.5,2
2020-04-07T10:05:00Z,2,1,3,6,NA,2,1,1
2020-04-07T10:05:00Z,3,0,9,10,6,1,0,1
2020-04-07T10:05:00Z,5,3,0,8,10,0,0,1
2020-04-07T10:05:00Z,6,6.5,8,5,2,7.5,0,2
2020-04-07T10:05:00Z,8,6,7,2,NA,4,0,1
2020-04-07T10:05:00Z,9,7,0,0,7,10,0,1
2020-04-07T10:05:00Z,12,6,10,5,NA,8,0,1
2020-04-07T10:05:00Z,14,2,5,2,NA,6,0,1
2020-04-07T10:05:00Z,16,4,5,4,6,3,0,1
2020-04-07T10:05:00Z,19,3,0,0,NA,4,0,1
2020-04-07T10:10:00Z,2,5.5,6,0,NA,10,0.5,2
2020-04-07T10:10:00Z,3,8,10,9,6,4,0,1
2020-04-07T10:10:00Z,6,1,10,9,4,9,0,1
2020-04-07T10:10:00Z,8,10,3,0,NA,9,0,1
2020-04-07T10:15:00Z,2,0,10,10,9,9,0,1
2020-04-07T10:15:00Z,3,7,4,2,10,1,0,1
2020-04-07T10:15:00Z,15,0,3,4,NA,3,0,1
2020-04-07T10:15:00Z,18,10,10,8,NA,6,0,1
2020-04-07T10:20:00Z,2,2,0,1,NA,3,0,1
2020-04-07T10:20:00Z,3,5,7,9,0,9,0,1
2020-04-07T10:20:00Z,6,5.5,9.5,9.5,7.5,8,0,2
2020-04-07T10:20:00Z,8,10,3,3,NA,2,0,1
2020-04-07T10:20:00Z,9,8.5,7.5,3.5,9,7,0,2
2020-04-07T10:25:00Z,2,7.666666666666667,4,3.3333333333333335,NA,4,0,3
2020-04-07T10:25:00Z,3,10,4,10,2,0,0,1
2020-04-07T10:25:00Z,4,7,8,7,NA,1,0,1
2020-04-07T10:25:00Z,9,10,8,10,8,2,0,1
2020-04-07T10:25:00Z,13,5,7,7,NA,7,0,1
2020-04-07T10:25:00Z,15,8.5,6.5,5.5,NA,6.5,0,2
2020-04-07T10:30:00Z,2,2.6666666666666665,7.333333333333333,4,NA,1.3333333333333333,0,3
2020-04-07T10:30:00Z,5,7,8,0,9,5,0,1
2020-04-07T10:30:00Z,15,3,10,1,NA,5,0,1
2020-04-07T10:35:00Z,2,10,6,1,NA,8,0,1
2020-04-07T10:35:00Z,3,2,2,4,2,6,0,1
2020-04-07T10:35:00Z,6,8,10,4,0,10,0,1
2020-04-07T10:35:00Z,7,NA,0,8,NA,NA,0,1
2020-04-07T10:35:00Z,9,2,6.5,8.5,4,6,0,2
2020-04-07T10:35:00Z,12,2,2,10,NA,9,0,1
2020-04-07T10:35:00Z,14,3,2,0,NA,4,0,1
2020-04-07T10:40:00Z,2,8,3,2,NA,2,0,1
2020-04-07T10:40:00Z,6,6,10,2,5,3,0,1
2020-04-07T10:40:00Z,9,5,6,7,2,4,1,1
2020-04-07T10:40:00Z,19,6,3,6,NA,1,0,1
2020-04-07T10:45:00Z,1,10,3,0,3,9,0,1
2020-04-07T10:45:00Z,3,3,9,7,8,6,0,1
2020-04-07T10:45:00Z,4,5.5,1.5,5,NA,6,0,2
2020-04-07T10:45:00Z,6,3,1.5,2,5,6.5,0,2
2020-04-07T10:45:00Z,8,4,6.5,7.5,NA,3,0,2
2020-04-07T10:45:00Z,9,3.5,7,5.5,5.5,4,0,2
2020-04-07T10:45:00Z,10,1,10,3,NA,8,0,1
2020-04-07T10:45:00Z,18,5,6,6,NA,6,0,1
2020-04-07T10:45:00Z,19,2,8,9,NA,6,0,1
2020-04-07T10:50:00Z,1,4,9,8,10,2,1,1
2020-04-07T10:50:00Z,2,0,10,10,NA,7,0,1
2020-04-07T10:50:00Z,5,8,8,1,6,3,0,1
2020-04-07T10:50:00Z,8,7,4,4,NA,3,0,1
2020-04-07T10:50:00Z,9,2.5,5,5,4.5,5,0,2
2020-04-07T10:50:00Z,15,4,0,2,NA,5,0,1
2020-04-07T10:50:00Z,19,7,3,7.5,NA,4.5,0,2
2020-04-07T10:55:00Z,10,10,4,3,NA,7,0,1
2020-04-07T10:55:00Z,19,7,10,7,NA,10,0,1
2020-04-07T11:00:00Z,2,4.333333333333333,4,6.333333333333333,NA,4.666666666666667,0.3333333333333333,3
2020-04-07T11:00:00Z,3,1,7,10,3,7,1,1
2020-04-07T11:00:00Z,9,2,5.5,8,7.5,4.5,0,2
2020-04-07T11:00:00Z,10,4,9,9,NA,4,0,1
2020-04-07T11:05:00Z,1,0,5,3,10,5,0,1
2020-04-07T11:05:00Z,2,1,0,1,NA,9,0,1
2020-04-07T11:05:00Z,3,0,3,10,5,8,1,1
2020-04-07T11:05:00Z,6,9,3,3,0,5,0,1
2020-04-07T11:05:00Z,10,8,5,10,NA,3,0,1
2020-04-07T11:05:00Z,12,3,1,9,NA,6,0,1
2020-04-07T11:05:00Z,15,10,2,5,NA,2,0,1
2020-04-07T11:05:00Z,17,3,5,10,NA,10,1,1
2020-04-07T11:05:00Z,19,2,6,7,NA,8,0,1
2020-04-07T11:10:00Z,1,3,5,0,10,10,0,1
2020-04-07T11:10:00Z,3,7,10,5,8,3,0,1
2020-04-07T11:10:00Z,5,10,10,3,7,10,0,1
2020-04-07T11:10:00Z,6,0,5,0,10,0,0,1
2020-04-07T11:10:00Z,9,3.5,6,4.5,2.5,3.5,0,2
2020-04-07T11:10:00Z,11,10,10,9,1,2,0,1
2020-04-07T11:10:00Z,15,5.333333333333333,4,4,NA,4.666666666666667,0,3
2020-04-07T11:15:00Z,2,10,3,10,NA,7,0,1
2020-04-07T11:15:00Z,3,2,6,10,7,0,0,1
2020-04-07T11:15:00Z,8,6,7,9,NA,2,0,1
2020-04-07T11:15:00Z,11,2,10,10,4,7,0,1
2020-04-07T11:15:00Z,17,6,4,9,NA,9,0,1
2020-04-07T11:15:00Z,18,9,3,5,1,6,0,1
2020-04-07T11:15:00Z,19,7.666666666666667,1,5.333333333333333,NA,4,0,3
2020-04-07T11:20:00Z,2,9.5,7.5,4.5,NA,5,0,2
2020-04-07T11:20:00Z,3,8,10,8,8,4,0,1
2020-04-07T11:20:00Z,9,10,5,3,1,8,0,1
2020-04-07T11:20:00Z,10,1,4.5,8,NA,8.5,0,2
2020-04-07T11:20:00Z,15,8.666666666666666,3,4.666666666666667,NA,4,0,3
2020-04-07T11:25:00Z,2,7,0,9,NA,0,0,1
2020-04-07T11:25:00Z,3,2,3,5,10,10,0,1
2020-04-07T11:25:00Z,8,5.5,5.5,6.5,NA,5.5,0,2
2020-04-07T11:25:00Z,9,9,4,3,1,5,0,1
2020-04-07T11:25:00Z,10,10,5,0,NA,9,0,1
2020-04-07T11:25:00Z,14,9,8,8,7,3,0,1
2020-04-07T11:25:00Z,15,4,0,5,3,6,0,1
2020-04-07T11:25:00Z,16,1,10,5,4,4,1,1
2020-04-07T11:30:00Z,1,2,10,7,1,9,0,1
2020-04-07T11:30:00Z,6,2.5,4,4.5,5,4.5,0.5,2
2020-04-07T11:30:00Z,9,3,6,0,0,9,0,1
2020-04-07T11:30:00Z,15,10,8,9,NA,2,0,1
2020-04-07T11:30:00Z,16,9,10,5,0,3,0,1
2020-04-07T11:35:00Z,2,2,9,8,NA,0,0,1
2020-04-07T11:35:00Z,4,7,8,9,NA,0,1,1
2020-04-07T11:35:00Z,8,3.3333333333333335,7.666666666666667,5,NA,8.333333333333334,0.3333333333333333,3
2020-04-07T11:35:00Z,11,10,10,10,0,10,0,1
2020-04-07T11:35:00Z,13,7,2,6,NA,10,0,1
2020-04-07T11:35:00Z,15,4.5,5,9.5,NA,1,0,2
2020-04-07T11:35:00Z,16,3,4,6,3,4,0,1
2020-04-07T11:35:00Z,19,3.5,9,9,NA,5,0,2
2020-04-07T11:40:00Z,1,3,3,0,8,0,0,1
2020-04-07T11:40:00Z,3,7,4,8,3,5,0,1
2020-04-07T11:40:00Z,6,4.5,5,7.5,4,6,0,2
2020-04-07T11:40:00Z,8,10,4,5,NA,3,0,1
2020-04-07T11:40:00Z,9,10,10,7,5,6,0,1
2020-04-07T11:45:00Z,2,4.666666666666667,4.666666666666667,8.666666666666666,NA,7.333333333333333,0,3
2020-04-07T11:45:00Z,6,6,5.333333333333333,2.3333333333333335,5.333333333333333,5.333333333333333,0,3
2020-04-07T11:45:00Z,15,5,6.5,2,6,5,0,2
2020-04-07T11:50:00Z,1,1,5,3,10,10,0,1
2020-04-07T11:50:00Z,2,4,1,5,NA,10,0,1
2020-04-07T11:50:00Z,4,10,10,7,NA,10,0,1
2020-04-07T11:50:00Z,8,3,9,10,NA,8,0,1
2020-04-07T11:50:00Z,16,2,1,10,2,3,0,1
2020-04-07T11:55:00Z,6,5.333333333333333,6.666666666666667,6.333333333333333,5.666666666666667,6.333333333333333,0.6666666666666666,3
2020-04-07T11:55:00Z,8,10,4,9,NA,7,0,1
2020-04-07T11:55:00Z,9,6.5,2.5,8.5,4.5,4,0,2
2020-04-07T11:55:00Z,12,10,5,1,NA,0,0,1
2020-04-07T11:55:00Z,14,2,8,2,NA,0,0,1
2020-04-07T11:55:00Z,15,5.666666666666667,6.666666666666667,7,NA,7.333333333333333,0,3
2020-04-07T11:55:00Z,19,1,6,10,NA,4,0,1
2020-04-07T12:00:00Z,2,5,8,8,NA,1,0,1
2020-04-07T12:00:00Z,8,4.666666666666667,6.666666666666667,3.6666666666666665,NA,7,0.3333333333333333,3
2020-04-07T12:00:00Z,14,9,9,9,NA,0,0,1
2020-04-07T12:00:00Z,15,6,3,9,NA,1,0,1
2020-04-07T12:00:00Z,18,6.5,5.5,2.5,NA,4,0,2
2020-04-07T12:05:00Z,2,8,10,0,NA,0,0,1
2020-04-07T12:05:00Z,3,3,10,9,4,8,0,1
2020-04-07T12:05:00Z,4,2,1,7,NA,10,0,1
2020-04-07T12:05:00Z,8,8,5,2,NA,0,0,1
2020-04-07T12:05:00Z,9,6,6,9,3,6,0,1
2020-04-07T12:05:00Z,11,8,4,0,1,5,0,1
2020-04-07T12:05:00Z,18,0,0,3,NA,1,0,1
2020-04-07T12:10:00Z,1,2.5,7,7,5.5,7.5,0,2
2020-04-07T12:10:00Z,2,9,10,1,NA,10,0,1
2020-04-07T12:10:00Z,6,3.5,5,7,6,7,0,2
2020-04-07T12:10:00Z,9,10,10,10,4,9,1,1
2020-04-07T12:10:00Z,14,10,6,8,NA,9,0,1
2020-04-07T12:10:00Z,16,7,5,4,9.5,6,0,2
2020-04-07T12:15:00Z,2,6,1,5,NA,3,0,1
2020-04-07T12:15:00Z,3,2.5,5,5.5,4.5,9.5,0,2
2020-04-07T12:15:00Z,6,1,8,6,0,8,0,1
2020-04-07T12:15:00Z,8,9,1,4,NA,3,0,1
2020-04-07T12:15:00Z,9,2,8,6,2,1,0,1
2020-04-07T12:15:00Z,13,5,9,2,NA,6,0,1
2020-04-07T12:15:00Z,15,10,7,10,NA,7,0,1
2020-04-07T12:20:00Z,2,6,9,8,NA,10,0,1
2020-04-07T12:20:00Z,5,7,7,0,2,7,0,1
2020-04-07T12:20:00Z,8,6,5,5.333333333333333,NA,2.3333333333333335,0,3
2020-04-07T12:20:00Z,10,5,3,5,NA,1,0,2
2020-04-07T12:20:00Z,11,3,10,1,10,8,0,1
2020-04-07T12:20:00Z,15,7,6,2,NA,8,0,1
2020-04-07T12:20:00Z,16,10,10,10,3,10,0,1
2020-04-07T12:25:00Z,2,1,5,5,NA,2,0,1
2020-04-07T12:25:00Z,3,7,2,0,9,4,0,1
2020-04-07T12:25:00Z,6,4.333333333333333,6,7.333333333333333,6.666666666666667,4,0,3
2020-04-07T12:25:00Z,8,2,7,8,NA,4,0,1
2020-04-07T12:25:00Z,11,1,10,5,1,3,1,1
2020-04-07T12:25:00Z,18,2,0,10,NA,7,1,1
2020-04-07T12:30:00Z,2,2,1,1,NA,1,0,1
2020-04-07T12:30:00Z,4,10,7,3,NA,0,0,1
2020-04-07T12:30:00Z,5,7,7,0,0,0,0,1
2020-04-07T12:30:00Z,16,0,10,2,4,10,0,1
2020-04-07T12:35:00Z,2,9,3,1,NA,2,0,1
2020-04-07T12:35:00Z,6,6,4,3,5,2,1,1
2020-04-07T12:35:00Z,8,8,7,9,NA,5,0,2
2020-04-07T12:35:00Z,11,8,6,9,1,5,0,1
2020-04-07T12:35:00Z,12,5,2,10,NA,0,0,1
2020-04-07T12:35:00Z,15,6,1,1,NA,9,0,1
2020-04-07T12:40:00Z,2,3,10,9,NA,7,0,1
2020-04-07T12:40:00Z,6,5,9.5,6,9,5.5,0.5,2
2020-04-07T12:40:00Z,9,0,10,9,8,7,0,1
2020-04-07T12:40:00Z,12,6,10,6,NA,7,0,1
2020-04-07T12:40:00Z,14,7,7,5,NA,6,0,1
2020-04-07T12:45:00Z,2,6,1,1,NA,4,0,1
2020-04-07T12:45:00Z,3,9,3,0,2,7,0,1
2020-04-07T12:45:00Z,6,8.5,5,3.5,6.5,10,0,2
2020-04-07T12:45:00Z,14,7,6,9,NA,1,0,1
2020-04-07T12:50:00Z,1,10,3,3,7,4,1,1
2020-04-07T12:50:00Z,3,6,9,9,0,10,0,1
2020-04-07T12:50:00Z,5,4,0,6,10,1,0,1
2020-04-07T12:50:00Z,8,6,5,3,NA,5,0,1
2020-04-07T12:50:00Z,9,10,9,1,4,0,0,1
2020-04-07T12:50:00Z,13,5.5,5.5,5,NA,3,0,2
2020-04-07T12:55:00Z,2,2,1,2,NA,6,0,1
2020-04-07T12:55:00Z,8,9,5,4,NA,9,0,1
2020-04-07T12:55:00Z,9,6,10,8,2,2,0,1
2020-04-07T12:55:00Z,12,6,5,1.5,NA,4.5,0,2
2020-04-07T12:55:00Z,14,0,10,8,NA,4,0,1
2020-04-07T12:55:00Z,16,2.5,7.5,2,8.5,2,0,2
2020-04-07T12:55:00Z,17,4,1,5,NA,5,0,1
2020-04-07T12:55:00Z,19,0,1,10,NA,6,0,1
2020-04-07T13:00:00Z,6,0,2,5,0,4,0,1
2020-04-07T13:00:00Z,9,6.5,3,3.5,0.5,7.5,0,2
2020-04-07T13:00:00Z,13,5,9,0,NA,4,0,1
2020-04-07T13:00:00Z,15,8,6,5,NA,6,0,1
2020-04-07T13:05:00Z,2,6,0.5,4.5,NA,4.5,0,2
2020-04-07T13:05:00Z,6,10,7.5,7,2,3,0,2
2020-04-07T13:05:00Z,9,3,6,2.5,4.5,1.5,0,2
2020-04-07T13:05:00Z,15,7.5,3.5,3.5,NA,5.5,0,2
2020-04-07T13:05:00Z,19,10,9,4,NA,5,0,1
2020-04-07T13:10:00Z,3,4,6,10,2,7,0,1
2020-04-07T13:10:00Z,6,4,2,1,2,10,1,1
2020-04-07T13:10:00Z,8,1.5,3,10,NA,3.5,0,2
2020-04-07T13:10:00Z,14,3,2,3,NA,2,0,1
2020-04-07T13:10:00Z,16,5,9,2,10,2,0,1
2020-04-07T13:15:00Z,3,4,10,4,5,4,0,2
2020-04-07T13:15:00Z,6,5,6,9,6.5,7,0.5,2
2020-04-07T13:15:00Z,8,3,10,4,NA,4,0,1
2020-04-07T13:15:00Z,15,4,10,1,NA,7,0,1
2020-04-07T13:15:00Z,19,2,9,9,NA,10,0,1
2020-04-07T13:20:00Z,2,0,0,5,NA,10,0,1
2020-04-07T13:20:00Z,5,2,0,1,5,10,1,1
2020-04-07T13:20:00Z,6,5,7.5,9,3,4,0.5,2
2020-04-07T13:20:00Z,13,6,9,8,NA,6,0,1
2020-04-07T13:20:00Z,19,8,7,0,NA,5,0,2
2020-04-07T13:25:00Z,1,4,6,7.5,4.5,5.5,0,2
2020-04-07T13:25:00Z,2,7,0,7,NA,3,0,1
2020-04-07T13:25:00Z,9,7.5,8,2.5,1.5,3,0,2
2020-04-07T13:25:00Z,12,8,1,0,NA,8,0,1
2020-04-07T13:25:00Z,14,0,1,10,NA,5,0,1
2020-04-07T13:25:00Z,15,1,3,5,NA,9,0,1
2020-04-07T13:25:00Z,16,1,6,6,9,0,0,1
2020-04-07T13:30:00Z,2,5,8,5,NA,1,0,1
2020-04-07T13:30:00Z,3,4,9,6,10,4,0,1
2020-04-07T13:30:00Z,4,4,9,3,NA,10,0,1
2020-04-07T13:30:00Z,5,4,6,7,6,4,0,1
2020-04-07T13:30:00Z,6,5.333333333333333,8.333333333333334,8,4.666666666666667,2,0,3
2020-04-07T13:30:00Z,8,1,0,5,NA,3,0,1
2020-04-07T13:30:00Z,9,5.5,4,6.5,6,10,0,2
2020-04-07T13:30:00Z,10,8,1,10,NA,2,0,1
2020-04-07T13:30:00Z,19,2,1,10,NA,10,1,1
2020-04-07T13:35:00Z,2,7,6.5,3.5,NA,6.5,1,2
2020-04-07T13:35:00Z,8,10,9,1,NA,0,0,1
2020-04-07T13:35:00Z,9,10,1,8,3,7,0,1
2020-04-07T13:35:00Z,11,10,2,3,1,7,0,1
2020-04-07T13:35:00Z,14,8,4,0,NA,5,0,1
2020-04-07T13:35:00Z,15,2,6,2,NA,0,0,1
2020-04-07T13:35:00Z,16,0,5,10,2,2,0,1
2020-04-07T13:40:00Z,3,7,9,10,7,6,1,1
2020-04-07T13:40:00Z,5,4,8,10,10,10,0,1
2020-04-07T13:40:00Z,6,6.666666666666667,6.333333333333333,6.666666666666667,9,6.666666666666667,0.3333333333333333,3
2020-04-07T13:40:00Z,8,3.5,2.5,3.5,NA,4.5,0,2
2020-04-07T13:40:00Z,9,10,3,3,2,10,0,1
2020-04-07T13:40:00Z,15,5.333333333333333,5,8.333333333333334,NA,6.333333333333333,0,3
2020-04-07T13:40:00Z,16,0,9,9,10,1,0,1
2020-04-07T13:40:00Z,18,7,5,3,NA,7,0,1
2020-04-07T13:45:00Z,2,6,8,8,NA,10,0,1
2020-04-07T13:45:00Z,10,0,5,7,NA,10,0,1
2020-04-07T13:45:00Z,13,6,5,10,NA,0,1,1
2020-04-07T13:45:00Z,15,8,8.5,9.5,NA,3.5,0.5,2
2020-04-07T13:45:00Z,17,10,8,10,2,1,0,1
2020-04-07T13:45:00Z,18,8,4,1,NA,8,0,1
2020-04-07T13:50:00Z,1,6,5,5,8,8,0,1
2020-04-07T13:50:00Z,2,2.5,1.5,4,NA,4.5,0,2
2020-04-07T13:50:00Z,3,5,5,3,2,10,0,1
2020-04-07T13:50:00Z,8,3,5,6,NA,9,0,1
2020-04-07T13:50:00Z,9,6,0,10,6,6,0,1
2020-04-07T13:50:00Z,13,3,0,6,NA,1,0,1
2020-04-07T13:50:00Z,15,5,3,8,NA,4,0,1
2020-04-07T13:50:00Z,19,9,10,10,NA,6,0,1
2020-04-07T13:55:00Z,3,6,10,9,6,10,0,1
2020-04-07T13:55:00Z,6,10,7,6,0,2,0,1
2020-04-07T13:55:00Z,9,2,5,9,10,1,0,1
2020-04-07T13:55:00Z,15,9,1,10,NA,1,0,1
2020-04-07T13:55:00Z,17,0,10,7,NA,9,0,1
2020-04-07T14:00:00Z,3,10,2,0,10,10,1,1
2020-04-07T14:00:00Z,8,8.5,9.5,2.5,NA,3,0,2
2020-04-07T14:00:00Z,9,9,3,6,4,8,0,1
2020-04-07T14:00:00Z,12,10,10,9,NA,6,0,1
2020-04-07T14:00:00Z,16,10,3,2,10,1,0,1
2020-04-07T14:00:00Z,19,3,7,4,NA,9,0,1
2020-04-07T14:05:00Z,2,10,8,10,0,10,1,1
2020-04-07T14:05:00Z,4,7,10,0,NA,2,0,1
2020-04-07T14:05:00Z,6,10,1,4,10,7,0,1
2020-04-07T14:05:00Z,8,5,7,3,NA,7,0,2
2020-04-07T14:05:00Z,9,0,2,8,5,2,0,1
2020-04-07T14:05:00Z,11,4,8,0,4,5,0,1
2020-04-07T14:05:00Z,13,10,10,1,NA,10,0,1
2020-04-07T14:05:00Z,16,6,1,6,7,8.5,0,2
2020-04-07T14:05:00Z,19,0,5,3,NA,6,0,1
2020-04-07T14:10:00Z,1,10,10,9,5,4,0,1
2020-04-07T14:10:00Z,2,9.5,6.5,9.5,NA,5.5,0,2
2020-04-07T14:10:00Z,3,1,0,4,6,5,0,1
2020-04-07T14:10:00Z,5,5,9,0,4,6,0,1
2020-04-07T14:10:00Z,8,6,2,2,NA,1,1,1
2020-04-07T14:10:00Z,9,10,9,3,5,6,0,1
2020-04-07T14:10:00Z,12,2,4,5,NA,8,0,1
2020-04-07T14:10:00Z,14,1.6666666666666667,5,7.666666666666667,NA,2,0,3
2020-04-07T14:10:00Z,17,4,8,1,NA,4,0,1
2020-04-07T14:15:00Z,1,3,7,2,10,0,0,1
2020-04-07T14:15:00Z,2,10,7,3,NA,10,0,1
2020-04-07T14:15:00Z,6,7,2,3,6,8,1,1
2020-04-07T14:15:00Z,8,7,4.5,4,NA,5.5,0,2
2020-04-07T14:15:00Z,9,7,3,1,5,5.333333333333333,0,3
2020-04-07T14:15:00Z,15,5,7,6.5,NA,5,0.5,2
2020-04-07T14:20:00Z,3,3,4,8.5,2,10,0,2
2020-04-07T14:20:00Z,5,6,10,7,2,7,0,1
2020-04-07T14:20:00Z,6,2,10,10,3,10,0,1
2020-04-07T14:20:00Z,8,3,6,10,NA,8,0,1
2020-04-07T14:20:00Z,15,1,3,7,NA,7,0,1
2020-04-07T14:20:00Z,16,4,6,7,5,5,0,1
2020-04-07T14:25:00Z,1,1,1,10,2,9,0,1
2020-04-07T14:25:00Z,2,10,7,8,NA,10,0,1
2020-04-07T14:25:00Z,6,2,10,8,6,2,1,1
2020-04-07T14:25:00Z,9,4,8,5,3,0,0,1
2020-04-07T14:25:00Z,15,5,1,7,NA,0,0,1
2020-04-07T14:25:00Z,17,2,10,10,NA,10,0,1
2020-04-07T14:30:00Z,3,5,0,4,6,10,0,1
2020-04-07T14:30:00Z,9,6.5,9.5,9,5.5,8,0,2
2020-04-07T14:30:00Z,10,2,7,5,NA,4,1,1
2020-04-07T14:30:00Z,15,0,5,0,NA,0,0,1
2020-04-07T14:35:00Z,6,7,5,10,2,0,1,1
2020-04-07T14:35:00Z,8,1,7,6,NA,6,0,1
2020-04-07T14:35:00Z,12,10,7,10,NA,8,0,1
2020-04-07T14:35:00Z,15,2.3333333333333335,4.333333333333333,3.6666666666666665,NA,5,0,3
2020-04-07T14:35:00Z,16,2,1,2,6,10,0,1
2020-04-07T14:40:00Z,6,7,6.5,7,5,6.5,0,2
2020-04-07T14:40:00Z,8,2,2,10,NA,0,0,1
2020-04-07T14:40:00Z,15,5,5,5,NA,10,0,1
2020-04-07T14:40:00Z,17,2.5,1,2.5,NA,5,0,2
2020-04-07T14:40:00Z,18,6,5,7,NA,10,0,1
2020-04-07T14:45:00Z,2,5.5,7.5,1,NA,9,0,2
2020-04-07T14:45:00Z,9,6,7.5,2.5,4,5.5,0,2
2020-04-07T14:50:00Z,2,3,3,5,NA,8,0,1
2020-04-07T14:50:00Z,6,1,8,7,1,5,0,1
2020-04-07T14:50:00Z,8,10,0,9,NA,0,1,1
2020-04-07T14:50:00Z,12,7,10,0,NA,7,0,1
2020-04-07T14:50:00Z,15,9,4,6,NA,2,0,1
2020-04-07T14:55:00Z,2,10,10,6,NA,9,1,1
2020-04-07T14:55:00Z,3,4.5,7,4,9.5,6.5,0,2
2020-04-07T14:55:00Z,4,2,8,0,NA,6,0,1
2020-04-07T14:55:00Z,8,6,10,4,NA,6,0,1
2020-04-07T14:55:00Z,9,9,6,1,8,8,0,1
2020-04-07T14:55:00Z,10,0,3,10,NA,0,0,1
2020-04-07T14:55:00Z,18,0,10,1,NA,5,0,1
2020-04-07T15:00:00Z,3,8,9,9,4,2,0,1
2020-04-07T15:00:00Z,5,4,3,4,5,3,0,2
2020-04-07T15:00:00Z,6,10,6,8,3,6,0,1
2020-04-07T15:00:00Z,8,3,1,1,NA,3,0,1
2020-04-07T15:00:00Z,9,4,3.5,5,5,8,0,2
2020-04-07T15:00:00Z,13,10,10,1,NA,3,0,1
2020-04-07T15:00:00Z,19,9,7,1,NA,9,0,1
2020-04-07T15:05:00Z,2,7,10,1,NA,1,0,1
2020-04-07T15:05:00Z,3,7,6,5,4,0.5,0,2
2020-04-07T15:05:00Z,8,1,3,8,NA,3,0,1
2020-04-07T15:05:00Z,11,5,9,6,10,8,1,1
2020-04-07T15:05:00Z,14,3,3,7.5,NA,7,0,2
2020-04-07T15:05:00Z,17,5,4.5,5,NA,9.5,0,2
2020-04-07T15:05:00Z,18,7,5,2,NA,10,1,1
2020-04-07T15:10:00Z,2,10,7,10,NA,2,0,1
2020-04-07T15:10:00Z,8,3,9,10,NA,4,1,1
2020-04-07T15:10:00Z,13,3.5,3,4.5,NA,4,0,2
2020-04-07T15:10:00Z,18,0,0,0,NA,3,0,1
2020-04-07T15:10:00Z,19,10,7,1,NA,4,0,1
2020-04-07T15:15:00Z,2,5,10,10,NA,10,0,1
2020-04-07T15:15:00Z,3,6,5,0,10,1,1,1
2020-04-07T15:15:00Z,6,4,10,4,6,10,0,1
2020-04-07T15:15:00Z,12,4,4,4,NA,1,0,1
2020-04-07T15:15:00Z,13,4,3,1,NA,10,0,1
2020-04-07T15:15:00Z,15,9.5,5.5,10,NA,8.5,0,2
2020-04-07T15:20:00Z,1,8,10,3,7,2,0,1
2020-04-07T15:20:00Z,2,1,5,9,NA,8,0,1
2020-04-07T15:20:00Z,3,0,8,10,6,1,0,1
2020-04-07T15:20:00Z,14,10,4,5,NA,8,0,1
2020-04-07T15:20:00Z,15,6,1,6,NA,10,1,1
2020-04-07T15:20:00Z,16,10,8,10,4,0,0,1
2020-04-07T15:20:00Z,18,5,7,2,NA,1,0,1
2020-04-07T15:25:00Z,4,9,1,10,NA,3,0,1
2020-04-07T15:25:00Z,6,2,2,4.5,1,5,0.5,2
2020-04-07T15:25:00Z,8,10,6,4,NA,2,0,1
2020-04-07T15:25:00Z,12,10,9,5,NA,9,0,1
2020-04-07T15:25:00Z,15,5,9.5,4,NA,2.5,0,2
2020-04-07T15:30:00Z,2,5,7,8,NA,3,0,1
2020-04-07T15:30:00Z,8,10,7,1,NA,10,0,1
2020-04-07T15:30:00Z,9,5,9,10,6,5,0,1
2020-04-07T15:30:00Z,14,4,0,8,4,4,0,1
2020-04-07T15:30:00Z,18,7,1,8,NA,4,0,1
2020-04-07T15:30:00Z,19,10,6,3,NA,5,0,1
2020-04-07T15:35:00Z,2,10,4,3,NA,5,0,1
2020-04-07T15:35:00Z,5,6,0,7,5,2,1,1
2020-04-07T15:35:00Z,6,8.5,1,7,8,6.5,0,2
2020-04-07T15:35:00Z,9,10,10,2,5,5,0,1
2020-04-07T15:35:00Z,11,6,7,6,5,8,0,1
2020-04-07T15:40:00Z,2,9,4,7,NA,7.5,0,2
2020-04-07T15:40:00Z,5,8,1,8,2,2,0,1
2020-04-07T15:40:00Z,9,6,6.5,9,9.5,4,0,2
2020-04-07T15:40:00Z,13,2,5,6,NA,4,0,1
2020-04-07T15:40:00Z,14,6,2.5,5,NA,3,0,2
2020-04-07T15:40:00Z,15,3,7,0,NA,1,0,1
2020-04-07T15:45:00Z,4,4,10,0,NA,10,0,1
2020-04-07T15:45:00Z,5,7,2,3,1,7,0,1
2020-04-07T15:45:00Z,6,10,3,3,7,4,0,1
2020-04-07T15:45:00Z,9,5.5,5.5,3,10,8,0,2
2020-04-07T15:45:00Z,11,7,8,4,10,4,0,1
2020-04-07T15:45:00Z,14,8.5,3,5.5,NA,2.5,0,2
2020-04-07T15:45:00Z,15,0,9,1,NA,8,0,1
2020-04-07T15:45:00Z,19,9,5,0,NA,10,0,1
2020-04-07T15:50:00Z,2,6.333333333333333,7,8,NA,6.333333333333333,0,3
2020-04-07T15:50:00Z,5,0,0,3,7,7,1,1
2020-04-07T15:50:00Z,6,6,3,1,3,3,0,1
2020-04-07T15:50:00Z,14,8,5,7,NA,6,0,1
2020-04-07T15:50:00Z,15,0,10,10,NA,4,0,1
2020-04-07T15:55:00Z,6,4,8,7,6,3,0,1
2020-04-07T15:55:00Z,8,2,10,0,NA,10,0,1
2020-04-07T15:55:00Z,15,8,7,4.5,NA,1.5,0.5,2
2020-04-07T15:55:00Z,16,10,1,9,10,5,0,1
2020-04-07T15:55:00Z,17,7,8,1,NA,3,0,1
2020-04-07T16:00:00Z,1,7,0,4,10,9,0,1
2020-04-07T16:00:00Z,2,6,4,5,NA,10,0,1
2020-04-07T16:00:00Z,3,4,5,3,3,5,0,1
2020-04-07T16:00:00Z,6,10,9,3,3,8,0,1
2020-04-07T16:00:00Z,8,8,8,8.5,NA,1,0.5,2
2020-04-07T16:00:00Z,10,0,9,10,NA,5,0,1
2020-04-07T16:00:00Z,15,10,5,4,NA,10,0,1
2020-04-07T16:00:00Z,18,1,4,4,NA,1,0,1
2020-04-07T16:00:00Z,19,3,0,10,NA,4,1,1
2020-04-07T16:05:00Z,3,3,3,0,7,6,0,1
2020-04-07T16:05:00Z,9,4.333333333333333,6,7.333333333333333,8.666666666666666,5,0.3333333333333333,3
2020-04-07T16:05:00Z,13,3,5,2,NA,10,0,1
2020-04-07T16:05:00Z,16,2.5,7.5,2,4.5,3.5,0,2
2020-04-07T16:05:00Z,19,9,2.5,6.5,NA,5.5,0.5,2
2020-04-07T16:10:00Z,5,3,9.5,0,7,5,0,2
2020-04-07T16:10:00Z,8,5,5,9,NA,9,0,1
2020-04-07T16:10:00Z,9,5.5,4,3.5,5.5,5,0,2
2020-04-07T16:10:00Z,11,9,2,6,10,9,0,1
2020-04-07T16:15:00Z,2,8,8,0,NA,1,0,1
2020-04-07T16:15:00Z,6,5,10,7,4,8,0,1
2020-04-07T16:15:00Z,9,1,5,10,4,9,0,1
2020-04-07T16:20:00Z,2,9,2,10,NA,3,0,1
2020-04-07T16:20:00Z,9,5,2,10,1,0,0,1
2020-04-07T16:20:00Z,15,5,9,3.5,NA,5.5,0.5,2
2020-04-07T16:20:00Z,16,7,9,2,9,5,0,1
2020-04-07T16:20:00Z,18,9,6,9,NA,6,1,1
2020-04-07T16:25:00Z,2,10,10,5,NA,0,0,1
2020-04-07T16:25:00Z,9,1,6,0,10,6,0,1
2020-04-07T16:25:00Z,11,0,7,6,9,1,0,1
2020-04-07T16:25:00Z,12,9,10,5,NA,3,0,1
2020-04-07T16:25:00Z,19,3,4,9,NA,6,0,1
2020-04-07T16:30:00Z,2,5.5,9.5,5,NA,6.5,0,2
2020-04-07T16:30:00Z,6,8,1,3,4,8,0,1
2020-04-07T16:30:00Z,15,6.5,6,6,NA,1.5,0,2
2020-04-07T16:30:00Z,19,5,7,8,NA,7,0,1
2020-04-07T16:35:00Z,1,6,4,2,9,10,0,1
2020-04-07T16:35:00Z,2,9.5,6.5,4,NA,8,0,2
2020-04-07T16:35:00Z,6,6.5,2.5,8,7.5,2.5,0,2
2020-04-07T16:35:00Z,8,4,7,4.5,NA,3.5,0,2
2020-04-07T16:35:00Z,9,7,7,5,7,9,0,1
2020-04-07T16:35:00Z,15,0,10,10,NA,6,0,1
2020-04-07T16:35:00Z,17,6,4,10,NA,10,0,1
2020-04-07T16:35:00Z,19,2,10,2,NA,10,0,1
2020-04-07T16:40:00Z,2,10,2,9,NA,4,0,1
2020-04-07T16:40:00Z,3,4,8,0,3,1,0,1
2020-04-07T16:40:00Z,6,2,0,4,7,2,0,1
2020-04-07T16:40:00Z,8,9,8.5,6.5,NA,0.5,0,2
2020-04-07T16:40:00Z,9,4.75,4.75,6.75,6,7.75,0,4
2020-04-07T16:40:00Z,15,3,10,10,NA,10,0,1
2020-04-07T16:40:00Z,16,2,6,0,2,2,0,1
2020-04-07T16:40:00Z,19,6.333333333333333,7,5.333333333333333,NA,8.333333333333334,0.3333333333333333,3
2020-04-07T16:45:00Z,2,5,8,3,NA,1,0,1
2020-04-07T16:45:00Z,3,10,3,6,2,2,0,1
2020-04-07T16:45:00Z,4,4,10,10,NA,9,0,1
2020-04-07T16:45:00Z,9,8,2,1,7,9,0,1
2020-04-07T16:45:00Z,12,8,10,0,NA,10,0,1
2020-04-07T16:45:00Z,14,8.5,5.5,6.5,NA,6,0.5,2
2020-04-07T16:45:00Z,15,8,3,9,NA,10,0,1
2020-04-07T16:50:00Z,2,3,9,6,NA,6,0,1
2020-04-07T16:50:00Z,15,6,7,8.5,NA,6.5,0,2
2020-04-07T16:50:00Z,16,9,9,10,4,3,0,1
2020-04-07T16:55:00Z,6,10,9,9,9,4,0,1
2020-04-07T16:55:00Z,8,9.5,5.5,5.5,NA,7.5,0.5,2
2020-04-07T16:55:00Z,9,5,9,10,7,6,0,1
2020-04-07T16:55:00Z,16,6.5,4,5,10,5.5,0,2
2020-04-07T16:55:00Z,18,2,8,5,NA,8,0,1
2020-04-07T16:55:00Z,19,8,8,3,NA,0,0,1
2020-04-07T17:00:00Z,6,10,8,10,8,4,0,1
2020-04-07T17:00:00Z,10,5,5,6,NA,4,0,2
2020-04-07T17:00:00Z,12,3,10,3,NA,7,0,1
2020-04-07T17:00:00Z,13,3,7,10,NA,6,0,1
2020-04-07T17:00:00Z,17,2,5,9,NA,9,0,1
2020-04-07T17:05:00Z,2,9,5,10,NA,10,0,1
2020-04-07T17:05:00Z,3,9,3,10,10,1,0,1
2020-04-07T17:05:00Z,5,3,3,0,9,2,0,1
2020-04-07T17:05:00Z,8,1,3,6,NA,6,0,1
2020-04-07T17:05:00Z,14,10,4,5,NA,1,0,1
2020-04-07T17:05:00Z,16,10,1,7,9,7,0,1
2020-04-07T17:05:00Z,17,9,3,0,NA,0,0,1
2020-04-07T17:10:00Z,2,2,9,3,NA,9,0,1
2020-04-07T17:10:00Z,5,1,10,4,2,9,0,1
2020-04-07T17:10:00Z,6,6,5,4.5,5,9.5,0,2
2020-04-07T17:10:00Z,8,3.5,6,4,NA,4,0,2
2020-04-07T17:10:00Z,10,1,4,7,NA,7.5,0,2
2020-04-07T17:10:00Z,15,1,6,7,NA,2,0,1
2020-04-07T17:10:00Z,16,10,2,4,5,10,0,1
2020-04-07T17:15:00Z,2,9,5,8,NA,10,0,1
2020-04-07T17:15:00Z,3,9,4,0,5,7,0,1
2020-04-07T17:15:00Z,5,7,9,6,9,9,0,1
2020-04-07T17:15:00Z,6,5.333333333333333,10,3,4.333333333333333,2,0.3333333333333333,3
2020-04-07T17:15:00Z,8,7,8.5,5,NA,9.5,0,2
2020-04-07T17:15:00Z,10,10,8,2,NA,3,1,1
2020-04-07T17:15:00Z,11,6,3,10,10,1,0,1
2020-04-07T17:15:00Z,13,10,10,9,2,7,0,1
2020-04-07T17:15:00Z,16,3,2,10,1,10,0,1
2020-04-07T17:15:00Z,17,3,6.5,9.5,NA,4,0,2
2020-04-07T17:20:00Z,2,5,8,0,NA,5,0,1
2020-04-07T17:20:00Z,3,2,0,5,10,8,1,1
2020-04-07T17:20:00Z,5,3,2,1,6,3,0,1
2020-04-07T17:20:00Z,11,2,9,7,0,9,0,1
2020-04-07T17:20:00Z,12,4,8,10,NA,8,0,1
2020-04-07T17:20:00Z,13,8,6,10,NA,6,0,1
2020-04-07T17:20:00Z,14,3,6,5.5,NA,4.5,0,2
2020-04-07T17:20:00Z,15,9,6,10,NA,9,0,1
2020-04-07T17:25:00Z,1,2,5,5,3,4,1,1
2020-04-07T17:25:00Z,3,5,10,8,5,2,0,1
2020-04-07T17:25:00Z,8,1,10,8,NA,8,0,1
2020-04-07T17:25:00Z,9,2,3,5,7,4,0,1
2020-04-07T17:25:00Z,12,3,3,0,NA,10,0,1
2020-04-07T17:25:00Z,15,1,1,4,NA,5,0,1
2020-04-07T17:25:00Z,16,2,3,1,2,4,0,1
2020-04-07T17:25:00Z,18,10,1,10,NA,4,0,1
2020-04-07T17:30:00Z,2,9.5,5,3,7,4.5,0,2
2020-04-07T17:30:00Z,6,3.5,8.5,8.5,3.5,8,0,2
2020-04-07T17:30:00Z,8,9,1,3,NA,5,0,1
2020-04-07T17:30:00Z,9,0,5,3,1,5,0,1
2020-04-07T17:30:00Z,11,0,5,9,5,0,0,1
2020-04-07T17:30:00Z,13,6,10,0,NA,10,1,1
2020-04-07T17:30:00Z,15,7.333333333333333,4.666666666666667,2,NA,7,0,3
2020-04-07T17:35:00Z,8,4,5,4,NA,6,0,1
2020-04-07T17:35:00Z,9,0,0,9,7,3,0,1
2020-04-07T17:35:00Z,17,9,10,7,NA,9,0,1
2020-04-07T17:40:00Z,1,4,3,8,7,6,0,1
2020-04-07T17:40:00Z,3,8,2,6,5,8,0,1
2020-04-07T17:40:00Z,5,4,8,10,2,5,0,1
2020-04-07T17:40:00Z,6,5,3,6,6,3,0,1
2020-04-07T17:40:00Z,15,2,6,9,NA,1,0,1
2020-04-07T17:40:00Z,16,10,2,2,9,10,0,1
2020-04-07T17:45:00Z,5,9,1,5,10,9,0,1
2020-04-07T17:45:00Z,9,5,2,5,2,4,0,1
2020-04-07T17:45:00Z,15,7,2,1,NA,4,0,1
2020-04-07T17:45:00Z,16,8,3,0,8,4,0,1
2020-04-07T17:50:00Z,2,3,7,0,NA,8,1,1
2020-04-07T17:50:00Z,3,0,10,6,9,6,0,1
2020-04-07T17:50:00Z,5,2,3,10,6,3,0,1
2020-04-07T17:50:00Z,8,7,0,3,NA,4,0,1
2020-04-07T17:50:00Z,9,3,7,5,9,10,0,1
2020-04-07T17:55:00Z,4,6,4,4,NA,4,0,1
2020-04-07T17:55:00Z,6,5,0.5,4.5,2.5,7.5,0,2
2020-04-07T17:55:00Z,8,7,5,2,NA,6,0,1
2020-04-07T17:55:00Z,9,7,3,2,3,10,0,1
2020-04-07T18:00:00Z,2,0,0,6,NA,0,0,1
2020-04-07T18:00:00Z,8,10,7,6,NA,9,1,1
2020-04-07T18:00:00Z,16,3,2,10,2,1,0,1
2020-04-07T18:05:00Z,2,2,9,9,NA,3,0,1
2020-04-07T18:05:00Z,5,4,2,1,4,5,0,1
2020-04-07T18:05:00Z,6,9,0,2,1,8,0,1
2020-04-07T18:05:00Z,8,8,7,7,NA,9,0,1
2020-04-07T18:05:00Z,9,0,0,10,5,9,0,1
2020-04-07T18:05:00Z,15,7.666666666666667,8.333333333333334,6,NA,6.666666666666667,0.6666666666666666,3
2020-04-07T18:05:00Z,16,2,10,1,10,9,0,1
2020-04-07T18:10:00Z,3,7,1,0,10,1,0,1
2020-04-07T18:10:00Z,6,10,2,2,10,4,0,1
2020-04-07T18:10:00Z,8,0,2,9,NA,3,0,1
2020-04-07T18:10:00Z,14,1,0,4,NA,9,0,1
2020-04-07T18:10:00Z,15,3.5,6,3.5,NA,6,0,2
2020-04-07T18:10:00Z,19,9,10,5,NA,6,0,1
2020-04-07T18:15:00Z,2,10,1,7,NA,8,0,1
2020-04-07T18:15:00Z,6,8,7,8,10,10,0,1
2020-04-07T18:15:00Z,9,1,5,3,5,6,0,1
2020-04-07T18:15:00Z,15,0,10,3,NA,2,0,1
2020-04-07T18:15:00Z,16,4,1,2,8,1,0,1
2020-04-07T18:20:00Z,2,4,7,10,NA,1,0,1
2020-04-07T18:20:00Z,6,10,4,10,7,8,0,1
2020-04-07T18:20:00Z,8,9.5,4,8,NA,7.5,0,2
2020-04-07T18:20:00Z,9,0,2,7,2,5,0,1
2020-04-07T18:20:00Z,10,10,2,1,NA,5,1,1
2020-04-07T18:20:00Z,15,6,3.5,6,NA,5.5,0,2
2020-04-07T18:20:00Z,17,9,9,7,NA,1,1,1
2020-04-07T18:20:00Z,18,4.5,7.5,6.5,NA,5.5,0,2
2020-04-07T18:25:00Z,2,4.5,3.5,6,NA,4,0.5,2
2020-04-07T18:25:00Z,4,2,6,2,NA,0,0,1
2020-04-07T18:25:00Z,9,6,10,10,7,8,0,1
2020-04-07T18:25:00Z,19,6,5,4,NA,5,1,1
2020-04-07T18:30:00Z,5,4.333333333333333,7.333333333333333,6.333333333333333,6.666666666666667,8.333333333333334,0,3
2020-04-07T18:30:00Z,8,3,9,5,NA,10,0,1
2020-04-07T18:30:00Z,9,7,3,10,10,10,0,1
2020-04-07T18:30:00Z,14,4.5,9.5,8.5,NA,4.5,0,2
2020-04-07T18:30:00Z,16,7,9,8,1,9,0,1
2020-04-07T18:30:00Z,19,9,0,6,NA,5,0,1
2020-04-07T18:35:00Z,3,4,9.5,1,4,3,0,2
2020-04-07T18:35:00Z,6,9,6,1,6,1,0,1
2020-04-07T18:35:00Z,8,4,9,10,NA,10,1,1
2020-04-07T18:35:00Z,9,7,8,3,7,6,0,1
2020-04-07T18:35:00Z,10,10,2,9,NA,8,0,1
2020-04-07T18:35:00Z,13,10,4,10,NA,8,0,1
2020-04-07T18:35:00Z,14,9,2,7,NA,2,0,1
2020-04-07T18:35:00Z,15,10,3.5,9,NA,8,0,2
2020-04-07T18:40:00Z,1,5,3,7,10,6,0,1
2020-04-07T18:40:00Z,2,4,4,4,NA,4,0,1
2020-04-07T18:40:00Z,6,0,1,10,2,2,0,1
2020-04-07T18:40:00Z,8,2,7,4.5,NA,3.5,0,2
2020-04-07T18:40:00Z,9,10,7,0,3,7,0,1
2020-04-07T18:40:00Z,15,1,6,2,NA,8,1,1
2020-04-07T18:40:00Z,16,3.5,3.5,2.5,5.5,6.5,0,2
2020-04-07T18:40:00Z,18,9,9,9,NA,10,1,1
2020-04-07T18:40:00Z,19,3,5,3,NA,9,0,1
2020-04-07T18:45:00Z,2,7,6,5.75,NA,6.75,0,4
2020-04-07T18:45:00Z,3,4,2,4,10,10,1,1
2020-04-07T18:45:00Z,4,1,8,0,NA,4,0,1
2020-04-07T18:45:00Z,6,3,9,7,4,7,0,1
2020-04-07T18:45:00Z,9,5.333333333333333,6.333333333333333,5,4.666666666666667,5.666666666666667,0,3
2020-04-07T18:45:00Z,13,10,6,7,NA,0,0,1
2020-04-07T18:45:00Z,15,2.5,4,5,NA,1,0.5,2
2020-04-07T18:45:00Z,19,0,4,3,NA,8,0,1
2020-04-07T18:50:00Z,3,3,6,4,9,10,0,1
2020-04-07T18:50:00Z,6,3,7,8,3,8,0,1
2020-04-07T18:50:00Z,9,2,10,10,2,9,0,1
2020-04-07T18:50:00Z,15,5,10,1,NA,0,0,1
2020-04-07T18:50:00Z,16,1,4,3,10,8,0,1
2020-04-07T18:55:00Z,2,8,9,0,NA,5,0,1
2020-04-07T18:55:00Z,3,8,4,7,10,2,0,1
2020-04-07T18:55:00Z,16,8.666666666666666,3.6666666666666665,7.333333333333333,5.333333333333333,6,0.3333333333333333,3
2020-04-07T19:00:00Z,4,10,10,0,NA,8,0,1
2020-04-07T19:00:00Z,6,0,5,6,6,1,0,1
2020-04-07T19:00:00Z,8,5.25,7,1.75,NA,5.75,0,4
2020-04-07T19:00:00Z,9,10,10,1,7,10,0,1
2020-04-07T19:00:00Z,13,3,5,7,NA,10,0,1
2020-04-07T19:00:00Z,14,9,4,5,NA,3,0,1
2020-04-07T19:00:00Z,18,2.5,4.5,3.5,NA,1.5,0,2
2020-04-07T19:05:00Z,2,4.5,5,8.5,NA,3,0,2
2020-04-07T19:05:00Z,5,2,1.5,4.5,8,6.5,0,2
2020-04-07T19:05:00Z,6,3.5,6.5,5.5,6.5,8.5,0,2
2020-04-07T19:05:00Z,8,4,4,10,NA,6,0,1
2020-04-07T19:05:00Z,9,8,10,0,10,8,0,1
2020-04-07T19:05:00Z,15,5.5,9.5,4.5,NA,5.5,0,2
2020-04-07T19:10:00Z,1,6.5,4,6,9,1,0,2
2020-04-07T19:10:00Z,2,7,1,0,NA,7,1,1
2020-04-07T19:10:00Z,3,8,5.5,5.75,4.5,7.75,0,4
2020-04-07T19:10:00Z,8,4,10,5,NA,6,0,1
2020-04-07T19:10:00Z,9,8,3,2.5,6,6.5,0,2
2020-04-07T19:15:00Z,5,5,3,10,6,1,0,1
2020-04-07T19:15:00Z,8,1,3,5,NA,0,0,1
2020-04-07T19:15:00Z,13,0,10,9,NA,6,0,1
2020-04-07T19:15:00Z,14,1,7,1,NA,1,1,1
2020-04-07T19:15:00Z,15,2,5.5,4.5,NA,8.5,0.5,2
2020-04-07T19:15:00Z,18,2,10,9,NA,4,0,1
2020-04-07T19:15:00Z,19,5,3,1,NA,5,0,1
2020-04-07T19:20:00Z,2,3,9,1,NA,9,0,1
2020-04-07T19:20:00Z,8,7.5,7.5,8.5,NA,7.5,0,2
2020-04-07T19:20:00Z,9,3.6666666666666665,8,4,5.666666666666667,5.666666666666667,0,3
2020-04-07T19:20:00Z,14,10,8,7,NA,3,0,1
2020-04-07T19:20:00Z,15,7,0,1,NA,10,0,1
2020-04-07T19:25:00Z,2,2,8,1,9,0,0,1
2020-04-07T19:25:00Z,9,2,8,7,0,5,0,1
2020-04-07T19:25:00Z,11,10,7,10,4,5,0,1
2020-04-07T19:25:00Z,15,9,10,6,NA,10,0,1
2020-04-07T19:25:00Z,18,5,2,4,NA,9,0,1
2020-04-07T19:25:00Z,19,0,7,4,NA,1,0,1
2020-04-07T19:30:00Z,2,6,5,3,NA,2,0,1
2020-04-07T19:30:00Z,3,8,1,2,2,7,0,1
2020-04-07T19:30:00Z,4,7,1,6,NA,5,1,1
2020-04-07T19:30:00Z,6,5,6,0,6,10,0,1
2020-04-07T19:30:00Z,8,5.333333333333333,5.333333333333333,6,NA,3.6666666666666665,0.3333333333333333,3
2020-04-07T19:30:00Z,12,4,6,1,NA,7,0,1
2020-04-07T19:30:00Z,15,5.5,7,4.5,NA,5,0,2
2020-04-07T19:30:00Z,18,8,9,1,NA,4,0,1
2020-04-07T19:35:00Z,3,4,0,3,7,6,0,1
2020-04-07T19:35:00Z,4,6,9,9,NA,5,1,1
2020-04-07T19:35:00Z,5,6,8,8,4,3,0,1
2020-04-07T19:35:00Z,6,6,1,10,5,7,0,1
2020-04-07T19:35:00Z,8,7,4.5,7.5,NA,2,0,2
2020-04-07T19:35:00Z,15,5,1.6666666666666667,5,NA,7,0,3
2020-04-07T19:35:00Z,18,10,0,8,NA,9,0,1
2020-04-07T19:40:00Z,1,5,4,7,10,5,0,1
2020-04-07T19:40:00Z,3,7,0,10,7,10,0,1
2020-04-07T19:40:00Z,4,6,9,5,NA,5,0,1
2020-04-07T19:40:00Z,8,4.5,2.25,1.5,NA,6.25,0.5,4
2020-04-07T19:40:00Z,9,7,2,10,5,10,0,1
2020-04-07T19:40:00Z,14,1,4,3,NA,2,0,2
2020-04-07T19:40:00Z,15,4,3,0,NA,10,0,1
2020-04-07T19:40:00Z,17,10,3,10,NA,10,0,1
2020-04-07T19:45:00Z,3,0.5,6,9,7,8.5,0,2
2020-04-07T19:45:00Z,4,5,10,10,NA,5,0,1
2020-04-07T19:45:00Z,6,2,1,10,8,10,0,1
2020-04-07T19:45:00Z,14,1,6,10,NA,0,1,1
2020-04-07T19:45:00Z,15,6,1,8.5,NA,1,0,2
2020-04-07T19:45:00Z,16,10,5,2,3,6,0,1
2020-04-07T19:50:00Z,2,0.5,5,1.5,NA,4,0,2
2020-04-07T19:50:00Z,3,5.5,4.5,7,6,6,0,2
2020-04-07T19:50:00Z,6,10,10,1,8,4,1,1
2020-04-07T19:50:00Z,9,2,10,1,8,10,0,1
2020-04-07T19:50:00Z,15,2,8,0,NA,1,0,1
2020-04-07T19:50:00Z,19,10,10,2,NA,0,0,1
2020-04-07T19:55:00Z,2,4.5,7,2.5,NA,6.25,0.25,4
2020-04-07T19:55:00Z,3,10,10,7,4,10,0,1
2020-04-07T19:55:00Z,4,5,2,0,NA,1,0,1
2020-04-07T19:55:00Z,5,4,10,6,5,2,0,1
2020-04-07T19:55:00Z,9,5,5,5,7,10,0,1
2020-04-07T19:55:00Z,15,4,8,1,NA,8,1,1
2020-04-07T20:00:00Z,2,8,10,4,NA,1,0,1
2020-04-07T20:00:00Z,3,1,6,1,10,0,0,1
2020-04-07T20:00:00Z,6,9,4,3,7,0,0,1
2020-04-07T20:00:00Z,8,10,1,10,NA,9,0,1
2020-04-07T20:00:00Z,9,2,7,10,5,10,0,1
2020-04-07T20:00:00Z,10,1,1,1,NA,10,0,1
2020-04-07T20:00:00Z,15,7,2,0,NA,3,0,1
2020-04-07T20:00:00Z,16,0,5,9,0,10,0,1
2020-04-07T20:05:00Z,1,1,10,1,10,10,0,1
2020-04-07T20:05:00Z,2,3,3,1,NA,1,0,1
2020-04-07T20:05:00Z,8,2,8,10,NA,4,0,1
2020-04-07T20:05:00Z,10,0,9,10,NA,8,0,1
2020-04-07T20:05:00Z,11,8,4,7,0,1,0,1
2020-04-07T20:05:00Z,12,4,0,10,NA,9,0,1
2020-04-07T20:05:00Z,15,6,10,4.5,NA,2.5,0,2
2020-04-07T20:05:00Z,19,6.5,6.5,7.5,NA,4.5,0,2
2020-04-07T20:10:00Z,2,3,2,4,NA,9,0,1
2020-04-07T20:10:00Z,3,10,8,10,10,2,0,1
2020-04-07T20:10:00Z,6,5,8.75,4.75,4.5,1.25,0,4
2020-04-07T20:10:00Z,8,4,6,2,NA,4,0,1
2020-04-07T20:10:00Z,11,1,2,1,7,4,0,1
2020-04-07T20:15:00Z,1,3,6.5,0.5,5,6.5,0,2
2020-04-07T20:15:00Z,2,1,3,4,NA,6,0,1
2020-04-07T20:15:00Z,3,7,8,3,2,8,0,1
2020-04-07T20:15:00Z,4,10,10,6,NA,9,0,1
2020-04-07T20:15:00Z,8,9,4,1,NA,9,0,1
2020-04-07T20:15:00Z,16,6,4,10,0,5,0,1
2020-04-07T20:20:00Z,2,2,0,4,NA,2,1,1
2020-04-07T20:20:00Z,3,7,7,9,6,10,0,1
2020-04-07T20:20:00Z,6,1,5.5,5,6,2.5,0,2
2020-04-07T20:20:00Z,8,9.5,6,2.5,NA,7.5,0.5,2
2020-04-07T20:20:00Z,10,5,10,7,NA,8,1,1
2020-04-07T20:20:00Z,14,7,9,2,NA,7,0,1
2020-04-07T20:20:00Z,16,6,10,9,2,3,0,1
2020-04-07T20:25:00Z,3,5,6,5,7.5,7.5,0,2
2020-04-07T20:25:00Z,4,10,3,10,NA,7,0,1
2020-04-07T20:25:00Z,5,8,10,4,5,1,0,1
2020-04-07T20:30:00Z,1,4,8,1,2,7,0,1
2020-04-07T20:30:00Z,8,4,8,10,NA,7,0,1
2020-04-07T20:30:00Z,14,8,6,0,NA,7,0,1
2020-04-07T20:30:00Z,18,2,1,5,NA,3,0,1
2020-04-07T20:30:00Z,19,0,0,10,NA,6,0,1
2020-04-07T20:35:00Z,3,10,3,2,4,7,0,1
2020-04-07T20:35:00Z,6,8,6,7,8,1,0,1
2020-04-07T20:35:00Z,8,0,3,6,NA,0,0,1
2020-04-07T20:35:00Z,9,4,2,2,10,3,0,1
2020-04-07T20:35:00Z,12,4,10,10,NA,1,0,1
2020-04-07T20:35:00Z,15,5,6,9,NA,2,0,1
2020-04-07T20:35:00Z,17,4,3,4,NA,10,0,1
2020-04-07T20:40:00Z,2,4,2,0,NA,5,0,1
2020-04-07T20:40:00Z,3,6,0,9,3,2,0,1
2020-04-07T20:40:00Z,4,4,0,8,NA,7,0,1
2020-04-07T20:40:00Z,6,7,7,3.5,6,5,0,2
2020-04-07T20:40:00Z,9,1,10,7,4,5,0,1
2020-04-07T20:40:00Z,10,4,5,5,NA,4,0,1
2020-04-07T20:40:00Z,11,3,10,0,8,7,0,1
2020-04-07T20:40:00Z,16,3,6,9,10,10,0,1
2020-04-07T20:40:00Z,18,3,10,7,NA,10,0,1
2020-04-07T20:40:00Z,19,3,6,6,NA,5,0,1
2020-04-07T20:45:00Z,2,2,3,8,NA,3,0,1
2020-04-07T20:45:00Z,6,5,6,5,6,5,0,2
2020-04-07T20:45:00Z,8,2,6,9,NA,1,0,1
2020-04-07T20:45:00Z,9,3,4,9.5,3.5,4.5,0,2
2020-04-07T20:45:00Z,14,8,1,8,NA,10,0,1
2020-04-07T20:45:00Z,16,5,4,4,6,1,0,1
2020-04-07T20:45:00Z,18,9,4,7,NA,8,0,1
2020-04-07T20:50:00Z,1,6,6,1,1,0,0,1
2020-04-07T20:50:00Z,2,3,2,0,NA,1,0,1
2020-04-07T20:50:00Z,4,10,6,4,NA,5,0,1
2020-04-07T20:50:00Z,5,10,5,3,3,1,0,1
2020-04-07T20:50:00Z,10,10,4,0,NA,2,0,1
2020-04-07T20:50:00Z,11,9,6,7,3,4,0,1
2020-04-07T20:50:00Z,13,5,5,9,NA,1,0,1
2020-04-07T20:50:00Z,19,10,0,9,NA,10,0,1
2020-04-07T20:55:00Z,1,1,10,2,0,8,0,1
2020-04-07T20:55:00Z,4,10,7,5,NA,2,0,1
2020-04-07T20:55:00Z,5,7,5.5,7.5,4.5,1.5,0,2
2020-04-07T20:55:00Z,9,6.25,6.5,5.5,1.75,6.5,0.5,4
2020-04-07T20:55:00Z,10,6.5,7.5,3,NA,6.5,0,2
2020-04-07T20:55:00Z,15,1,1,3,NA,5,0,1
2020-04-07T20:55:00Z,16,6,0,1,2,8,0,1
2020-04-07T20:55:00Z,18,8,5,9,NA,4,0,1
2020-04-07T21:00:00Z,4,7,9,5,NA,0,0,1
2020-04-07T21:00:00Z,5,6,3,3,1,5,0,1
2020-04-07T21:00:00Z,9,10,3,5,8,5,0,1
2020-04-07T21:00:00Z,14,7,2,1,NA,10,0,1
2020-04-07T21:00:00Z,18,10,6,5,NA,0,0,1
2020-04-07T21:05:00Z,2,3.5,5.5,7,NA,4,0,2
2020-04-07T21:05:00Z,3,5,5.5,1.5,2.5,5.5,0,2
2020-04-07T21:05:00Z,6,9,4,10,1,10,0,1
2020-04-07T21:05:00Z,8,10,2,5,NA,6.5,0.5,2
2020-04-07T21:05:00Z,9,8,4,4,8,5,0,1
2020-04-07T21:05:00Z,11,9,1,4,7,5,1,1
2020-04-07T21:05:00Z,12,7,3,4,NA,2,0,1
2020-04-07T21:05:00Z,14,6,10,6,NA,6,1,1
2020-04-07T21:05:00Z,19,9,10,10,NA,6,0,1
2020-04-07T21:10:00Z,3,8,7,9,7,0,0,1
2020-04-07T21:10:00Z,8,5,4,7,NA,0,0,1
2020-04-07T21:10:00Z,10,1,10,10,NA,7,0,1
2020-04-07T21:10:00Z,11,7,0,0,3,0,0,1
2020-04-07T21:10:00Z,14,6,0,6,NA,10,0,1
2020-04-07T21:10:00Z,16,3,8,6,10,1,0,1
2020-04-07T21:15:00Z,2,3,6,1,NA,7,0,1
2020-04-07T21:15:00Z,3,10,10,8.5,9,4.5,0,2
2020-04-07T21:15:00Z,8,9,6,4,NA,5,0,1
2020-04-07T21:15:00Z,13,10,10,0,NA,7,0,1
2020-04-07T21:20:00Z,1,6,7,9,5,1,0,1
2020-04-07T21:20:00Z,2,5,6,10,NA,1,0,1
2020-04-07T21:20:00Z,6,5,9,7,3,10,0,1
2020-04-07T21:20:00Z,15,1,2.5,7,NA,7.5,0,2
2020-04-07T21:20:00Z,16,2,5,5,6,10,1,1
2020-04-07T21:20:00Z,18,4,6,10,NA,10,0,1
2020-04-07T21:25:00Z,3,5,2.5,6,3.5,5,0,2
2020-04-07T21:25:00Z,6,0,9,8,5,0,0,1
2020-04-07T21:25:00Z,14,8,6,9,NA,4,0,1
2020-04-07T21:25:00Z,15,3.5,6,3.5,NA,6,0,2
2020-04-07T21:30:00Z,3,9,10,9,7,1,1,1
2020-04-07T21:30:00Z,9,4,8,4,3,9,0,1
2020-04-07T21:30:00Z,14,10,0,0,NA,7,0,1
2020-04-07T21:30:00Z,15,5,4.5,8,NA,1,0,2
2020-04-07T21:35:00Z,1,5,6,0,7,4,0,1
2020-04-07T21:35:00Z,2,5.5,2.5,7,NA,4.5,0,2
2020-04-07T21:35:00Z,3,5,6,8,10,9,0,1
2020-04-07T21:35:00Z,6,4.5,6,3.5,2,9,0,2
2020-04-07T21:35:00Z,9,0,10,7,1,1,0,1
2020-04-07T21:35:00Z,13,6,2,2,NA,6,0,1
2020-04-07T21:35:00Z,18,7,9,10,NA,10,0,1
2020-04-07T21:40:00Z,2,4,1,1,NA,10,0,1
2020-04-07T21:40:00Z,5,5,10,7,1,1,0,1
2020-04-07T21:40:00Z,9,8,4,6,8,2,0,1
2020-04-07T21:40:00Z,15,7,10,7,NA,8,0,1
2020-04-07T21:40:00Z,17,4,10,6,NA,10,0,1
2020-04-07T21:40:00Z,18,3,5,0,NA,6,0,1
2020-04-07T21:45:00Z,2,7,9,0,NA,10,0,1
2020-04-07T21:45:00Z,3,10,5,1,8,2,0,1
2020-04-07T21:45:00Z,8,7,6,5,NA,3,0,2
2020-04-07T21:45:00Z,9,2,1,2,10,1,1,1
2020-04-07T21:45:00Z,17,8,1,9,NA,8,0,1
2020-04-07T21:50:00Z,2,9,5,5,NA,8,1,2
2020-04-07T21:50:00Z,5,5,10,10,0,3,0,1
2020-04-07T21:50:00Z,6,5,4,5,6,8,0,1
2020-04-07T21:50:00Z,8,2,8,9,NA,9,0,1
2020-04-07T21:50:00Z,9,1.5,5,8,5,7.5,0,2
2020-04-07T21:50:00Z,10,3,6,8,NA,0,0,1
2020-04-07T21:50:00Z,15,10,7,7,NA,0,1,1
2020-04-07T21:50:00Z,16,8,9,4,1,0,0,1
2020-04-07T21:50:00Z,17,7,8,10,NA,4,0,1
2020-04-07T21:50:00Z,19,0,4,6,NA,1,0,1
2020-04-07T21:55:00Z,9,3,1,10,9,8,0,1
2020-04-07T21:55:00Z,14,10,3,4,NA,8,0,1
2020-04-07T21:55:00Z,15,2,0,10,NA,6,0,1
2020-04-07T21:55:00Z,16,8,3,9.5,3.5,6.5,0,2
2020-04-07T21:55:00Z,18,3,5,10,NA,7,1,1
2020-04-07T22:00:00Z,1,8,5,6.5,8.5,1,0,2
2020-04-07T22:00:00Z,3,2,3,3,9,3,0,1
2020-04-07T22:00:00Z,8,6,4.5,7.5,NA,8,0,2
2020-04-07T22:00:00Z,15,4.666666666666667,4.666666666666667,7.666666666666667,NA,6.666666666666667,0,3
2020-04-07T22:05:00Z,3,3,10,1,8,4,0,1
2020-04-07T22:05:00Z,6,10,10,1,8,10,0,1
2020-04-07T22:05:00Z,8,5.5,6.5,2.5,NA,4,0,2
2020-04-07T22:05:00Z,14,10,2,0,NA,4,0,1
2020-04-07T22:05:00Z,15,3,2,1,NA,2,0,1
2020-04-07T22:10:00Z,6,4,0,1,5,6,0,1
2020-04-07T22:10:00Z,8,8,7,9,NA,9,0,1
2020-04-07T22:10:00Z,9,6,10,5,6,3,0,1
2020-04-07T22:10:00Z,15,6.5,8.5,6,NA,7,0,2
2020-04-07T22:10:00Z,18,5,4,6.5,NA,6,0,2
2020-04-07T22:10:00Z,19,6,6.5,8,NA,5.5,0.5,2
2020-04-07T22:15:00Z,3,2,7,0,3,10,0,1
2020-04-07T22:15:00Z,9,2,7,7,8,1,0,1
2020-04-07T22:15:00Z,10,6,10,6,NA,4,0,1
2020-04-07T22:15:00Z,13,10,4,8,NA,9,0,1
2020-04-07T22:15:00Z,14,1,7,10,NA,9,0,1
2020-04-07T22:15:00Z,16,10,2,10,1,1,0,1
2020-04-07T22:20:00Z,2,5,6.5,3,NA,2.5,0,2
2020-04-07T22:20:00Z,3,6,3,10,8,7,0,1
2020-04-07T22:20:00Z,6,0,7,5,6,10,0,1
2020-04-07T22:20:00Z,8,2,7,10,NA,9,0,1
2020-04-07T22:20:00Z,10,2,5,3,NA,10,0,1
2020-04-07T22:20:00Z,14,9,10,10,NA,0,1,1
2020-04-07T22:20:00Z,15,7,5.5,7,NA,5,0,2
2020-04-07T22:20:00Z,16,7,9,8,4,10,0,1
2020-04-07T22:25:00Z,15,3,5,6,NA,4,0,1
2020-04-07T22:25:00Z,16,4,2,9,5,5,0,1
2020-04-07T22:25:00Z,19,9,9,8,NA,4,0,1
2020-04-07T22:30:00Z,2,7,4,3,NA,2,0,1
2020-04-07T22:30:00Z,3,7.5,1.5,3,3,1,0,2
2020-04-07T22:30:00Z,4,7,9,10,NA,4,0,1
2020-04-07T22:30:00Z,5,2,7,0,8,0,0,1
2020-04-07T22:30:00Z,6,2,7,1,5,4,0,1
2020-04-07T22:30:00Z,12,5,4,6,NA,2,0,1
2020-04-07T22:30:00Z,19,7,9,2,NA,5,0,1
2020-04-07T22:35:00Z,3,6,2,0,1,0,1,1
2020-04-07T22:35:00Z,5,4,3.5,10,6,8,0,2
2020-04-07T22:35:00Z,8,7,1,2,NA,3,0,1
2020-04-07T22:35:00Z,9,9,10,10,10,4,0,1
2020-04-07T22:35:00Z,15,4.6,5.2,7.2,NA,4,0,5
2020-04-07T22:35:00Z,16,4,1,10,1,5,0,1
2020-04-07T22:40:00Z,2,6,7.5,8.5,NA,6,0.5,2
2020-04-07T22:40:00Z,5,7,10,10,10,1,0,1
2020-04-07T22:40:00Z,6,3,8,2,3,9,0,1
2020-04-07T22:40:00Z,8,5.5,6,3,NA,8.5,0,2
2020-04-07T22:40:00Z,14,3,3,2,NA,8,0,1
2020-04-07T22:40:00Z,19,6.5,4.5,6,NA,2.5,0,2
2020-04-07T22:45:00Z,2,9,6.5,1.5,NA,5.5,0,2
2020-04-07T22:45:00Z,6,5,2,3,8,10,0,1
2020-04-07T22:45:00Z,8,5,10,5,NA,0,1,1
2020-04-07T22:45:00Z,10,0,4,5,NA,5,0,1
2020-04-07T22:45:00Z,13,4,7,10,NA,7,0,1
2020-04-07T22:45:00Z,16,5,10,1,2,6,0,1
2020-04-07T22:50:00Z,8,1,4,10,NA,0,1,1
2020-04-07T22:50:00Z,9,2,5,1,2,10,0,1
2020-04-07T22:50:00Z,10,2,4,0,NA,2,0,1
2020-04-07T22:50:00Z,15,4.5,6.5,1.5,NA,7,0,2
2020-04-07T22:50:00Z,17,5,10,1,NA,7,0,1
2020-04-07T22:50:00Z,18,1,9,2,NA,7,0,1
2020-04-07T22:55:00Z,5,10,2,8,1,1,0,1
2020-04-07T22:55:00Z,8,8,1,10,NA,3,0,1
2020-04-07T22:55:00Z,10,2.5,5.5,6.5,NA,3,0.5,2
2020-04-07T22:55:00Z,11,8,4.5,3.5,2,1.5,0,2
2020-04-07T22:55:00Z,15,8,10,2,6,2,0,1
2020-04-07T22:55:00Z,18,0,10,0,NA,8,0,1
2020-04-07T23:00:00Z,3,3,2,2,6,2,1,1
2020-04-07T23:00:00Z,5,6.5,5.5,6.5,9,5,0,2
2020-04-07T23:00:00Z,8,10,5,10,NA,10,1,1
2020-04-07T23:00:00Z,9,8,1,8,9,1,0,1
2020-04-07T23:00:00Z,10,7,6,1,NA,5,1,1
2020-04-07T23:00:00Z,14,6,6,10,NA,10,1,1
2020-04-07T23:05:00Z,1,0,8,5,1,10,0,1
2020-04-07T23:05:00Z,2,5,8.5,7,NA,6.5,0,2
2020-04-07T23:05:00Z,3,1,10,4,6,10,0,1
2020-04-07T23:05:00Z,6,5.666666666666667,5,3.6666666666666665,7,4,0,3
2020-04-07T23:05:00Z,13,7,10,7,NA,9,0,1
2020-04-07T23:05:00Z,15,5,2,7,NA,9,0,1
2020-04-07T23:10:00Z,2,5,9,9,NA,7,0,1
2020-04-07T23:10:00Z,3,4,2,1,2,5,0,1
2020-04-07T23:10:00Z,9,1.5,6.5,8.5,6,2.5,0,2
2020-04-07T23:10:00Z,10,10,10,8,NA,6,0,1
2020-04-07T23:10:00Z,15,1,10,6,NA,3,0,1
2020-04-07T23:10:00Z,17,6,9,10,NA,3,0,1
2020-04-07T23:15:00Z,2,0,2,1,NA,5,0,1
2020-04-07T23:15:00Z,3,10,5,0,10,2,0,1
2020-04-07T23:15:00Z,4,10,10,10,NA,3,0,1
2020-04-07T23:15:00Z,5,10,9,10,3,0,1,1
2020-04-07T23:15:00Z,9,4,6,10,3,0,0,1
2020-04-07T23:15:00Z,14,3,0,1,NA,8,0,1
2020-04-07T23:15:00Z,15,5,10,5,NA,5,0,1
2020-04-07T23:15:00Z,17,3,5,5,NA,2,0,1
2020-04-07T23:20:00Z,3,1.5,4.5,5.5,5,3,0.5,2
2020-04-07T23:20:00Z,9,5.333333333333333,1.6666666666666667,6,3,6.666666666666667,0,3
2020-04-07T23:20:00Z,15,7,5.5,5.5,NA,6,0,2
2020-04-07T23:25:00Z,2,1,10,0,NA,4,0,1
2020-04-07T23:25:00Z,5,4,9,4,9,2,0,1
2020-04-07T23:25:00Z,6,4,5.5,6.5,7.5,7.5,0,2
2020-04-07T23:25:00Z,9,2,8,10,2,0,0,1
2020-04-07T23:25:00Z,14,1,7,4,NA,10,0,1
2020-04-07T23:25:00Z,16,1,0,10,7,4,0,1
2020-04-07T23:30:00Z,1,4,6,2,2,7,0,1
2020-04-07T23:30:00Z,6,2,4,2,8,5.5,1,2
2020-04-07T23:30:00Z,12,3,10,10,NA,3,0,1
2020-04-07T23:30:00Z,14,3,10,4,NA,4,0,1
2020-04-07T23:30:00Z,15,5,4.5,4,NA,5,0,2
2020-04-07T23:35:00Z,1,9,7,10,2,10,1,1
2020-04-07T23:35:00Z,2,1,10,3,NA,3,0,1
2020-04-07T23:35:00Z,5,3,6,8,2,9,0,1
2020-04-07T23:35:00Z,8,4,6,6,NA,4,0,1
2020-04-07T23:35:00Z,12,1,5,3,NA,7,0,1
2020-04-07T23:35:00Z,15,9,10,10,NA,10,0,1
2020-04-07T23:35:00Z,16,6,5,9,0,9,0,1
2020-04-07T23:35:00Z,17,8,3,2,NA,4,0,1
2020-04-07T23:40:00Z,2,9,1,10,NA,2,0,1
2020-04-07T23:40:00Z,3,7,4,3,7,0,0,1
2020-04-07T23:40:00Z,5,4,7,9,10,4,0,1
2020-04-07T23:40:00Z,6,7,8,10,10,3,0,1
2020-04-07T23:40:00Z,9,6,10,6,0,6,0,1
2020-04-07T23:40:00Z,11,10,7,8,2,9,0,1
2020-04-07T23:40:00Z,15,7,9,1,NA,10,0,1
2020-04-07T23:45:00Z,1,0,10,10,10,8,0,1
2020-04-07T23:45:00Z,3,7,6.5,8.5,9,3.5,0.5,2
2020-04-07T23:45:00Z,4,5,5,0,NA,0,0,1
2020-04-07T23:45:00Z,5,6,7,0,3,1,0,1
2020-04-07T23:45:00Z,6,9.333333333333334,9.333333333333334,7,5.666666666666667,2.6666666666666665,0.3333333333333333,3
2020-04-07T23:45:00Z,14,1,4,6,NA,4,0,1
2020-04-07T23:45:00Z,15,6.5,1.5,5,NA,0.5,0,2
2020-04-07T23:45:00Z,17,10,7,9,NA,7,0,1
2020-04-07T23:45:00Z,19,6,1,2,NA,10,0,1
2020-04-07T23:50:00Z,3,0,10,0,9,7,1,1
2020-04-07T23:50:00Z,15,5,3,9,NA,4,0,1
2020-04-07T23:55:00Z,1,10,2,9,10,3,1,1
2020-04-07T23:55:00Z,6,3.6666666666666665,4.666666666666667,4,2.6666666666666665,5.666666666666667,0.3333333333333333,3
2020-04-07T23:55:00Z,13,9,4,10,NA,8,0,1
2020-04-07T23:55:00Z,14,1,6,2,NA,10,0,1
2020-04-07T23:55:00Z,15,0.6666666666666666,6.333333333333333,5,NA,6,0,3
2020-04-07T23:55:00Z,17,10,5,2,NA,10,0,1
2020-04-08T00:00:00Z,5,7,7,0,2,10,0,1
2020-04-08T00:00:00Z,8,1,5,10,NA,10,0,1
2020-04-08T00:00:00Z,13,5,1,10,NA,5,0,1
2020-04-08T00:00:00Z,16,2,1,8,2,2,0,1
2020-04-08T00:05:00Z,2,3.3333333333333335,7,5.666666666666667,NA,4.666666666666667,0.3333333333333333,3
2020-04-08T00:05:00Z,3,6,3,9,5,1,0,1
2020-04-08T00:05:00Z,5,8,4,7,3,10,0,1
2020-04-08T00:05:00Z,9,9,1,1,6,7,0,1
2020-04-08T00:05:00Z,10,7,5,7,NA,9,0,1
2020-04-08T00:05:00Z,14,1,6,0,NA,9,0,1
2020-04-08T00:05:00Z,15,0,8,3,NA,4,0,1
2020-04-08T00:05:00Z,18,8,0,10,NA,1,0,1
2020-04-08T00:05:00Z,19,3.75,7.5,7.75,NA,5,0,4
2020-04-08T00:10:00Z,5,6,4,3,10,7,0,1
2020-04-08T00:10:00Z,6,6,6,5.5,9,5,0.5,2
2020-04-08T00:10:00Z,9,10,2,0,7,0,0,1
2020-04-08T00:10:00Z,15,3,9,7,NA,10,0,1
2020-04-08T00:15:00Z,8,5,8,8,NA,4,0,1
2020-04-08T00:15:00Z,13,2,10,9,NA,9,0,1
2020-04-08T00:15:00Z,15,3,8,3,NA,5,0,1
2020-04-08T00:15:00Z,18,7,1,8,NA,1,0,1
2020-04-08T00:20:00Z,2,7,1,9,NA,8,0,1
2020-04-08T00:20:00Z,4,3,2,10,NA,4,0,1
2020-04-08T00:20:00Z,5,10,6,3,9,1,0,1
2020-04-08T00:20:00Z,6,1,5.5,1,6,7.5,0,2
2020-04-08T00:20:00Z,8,8,0,7,NA,1,0,1
2020-04-08T00:25:00Z,3,0.5,2,2,5,9,0.5,2
2020-04-08T00:25:00Z,5,9,2,6,6,6,0,1
2020-04-08T00:25:00Z,8,7,3,5,NA,2,0,1
2020-04-08T00:25:00Z,9,5,5.5,7,8,5.5,0,2
2020-04-08T00:25:00Z,10,5,3,8,NA,8,0,1
2020-04-08T00:25:00Z,13,4,3,2,NA,10,0,1
2020-04-08T00:30:00Z,3,1.5,5.5,6,5.5,7,0,2
2020-04-08T00:30:00Z,5,6,4,1,10,8,0,1
2020-04-08T00:30:00Z,6,7,3,4,10,10,0,1
2020-04-08T00:30:00Z,8,5,4,6,NA,3,0,1
2020-04-08T00:30:00Z,18,8,7,3,NA,1,0,1
2020-04-08T00:35:00Z,3,2,3,9,7,8,0,1
2020-04-08T00:35:00Z,9,3,6.5,6.5,5,7.5,0,2
2020-04-08T00:35:00Z,10,2,4,0,NA,7,0,1
2020-04-08T00:35:00Z,11,5,2,2,10,4,0,1
2020-04-08T00:35:00Z,15,4,0.5,5.5,NA,1.5,0,2
2020-04-08T00:40:00Z,8,0,1,10,NA,2,0,1
2020-04-08T00:40:00Z,9,8,0,3,6,4,1,1
2020-04-08T00:40:00Z,15,6,5,2,NA,6,0,1
2020-04-08T00:40:00Z,18,4,1,1,NA,10,0,1
2020-04-08T00:40:00Z,19,0,0,7,NA,0,0,1
2020-04-08T00:45:00Z,2,7.5,3.5,9.5,NA,1.5,0,2
2020-04-08T00:45:00Z,3,4,3,10,0,1,0,1
2020-04-08T00:45:00Z,6,3,7.5,7,8,6.75,0,4
2020-04-08T00:45:00Z,8,4,3,2.5,NA,1.5,0,2
2020-04-08T00:45:00Z,9,6,5,5,2,3,0,1
2020-04-08T00:45:00Z,15,8,8,8,NA,0,1,1
2020-04-08T00:50:00Z,1,3.5,6.5,2.5,7.5,6.5,0,2
2020-04-08T00:50:00Z,2,5,10,0,NA,1,0,1
2020-04-08T00:50:00Z,4,8,9,4.5,NA,7,0,2
2020-04-08T00:50:00Z,9,5,6,8,7,2,1,1
2020-04-08T00:50:00Z,12,7,7,6.5,NA,4.5,0.5,2
2020-04-08T00:50:00Z,15,0,1,5,NA,8,0,1
2020-04-08T00:50:00Z,18,3,2,5,NA,9,0,1
2020-04-08T00:55:00Z,8,5,5,9,NA,4.5,0,2
2020-04-08T00:55:00Z,9,4,7,8,4,1,0,1
2020-04-08T00:55:00Z,12,3,9,10,NA,4,0,1
2020-04-08T00:55:00Z,15,1.5,5,5.5,NA,6,0,2
2020-04-08T01:00:00Z,2,0,4,9,NA,8,0,1
2020-04-08T01:00:00Z,3,9,10,1,10,1,0,1
2020-04-08T01:00:00Z,6,4,10,6,5,8,0,1
2020-04-08T01:00:00Z,8,4,5.5,8.5,NA,2.5,0,2
2020-04-08T01:00:00Z,9,1,10,10,10,6,0,1
2020-04-08T01:00:00Z,15,10,4,1,NA,10,0,1
2020-04-08T01:00:00Z,16,5,7,10,10,3,0,1
2020-04-08T01:00:00Z,17,10,2,10,NA,9,0,1
2020-04-08T01:00:00Z,19,2,1,8,NA,7,0,1
2020-04-08T01:05:00Z,2,5.5,8,2.5,3,7.5,0,2
2020-04-08T01:05:00Z,8,0,3.6666666666666665,3.3333333333333335,NA,4.666666666666667,0,3
2020-04-08T01:05:00Z,9,9,1,0,5,8,0,1
2020-04-08T01:05:00Z,14,0,3,4,NA,8,0,1
2020-04-08T01:05:00Z,15,4.5,7,3.5,NA,6.5,0,2
2020-04-08T01:05:00Z,16,7,1,7,4,7,0,1
2020-04-08T01:05:00Z,17,3,4,10,NA,4,1,1
2020-04-08T01:05:00Z,18,10,10,10,NA,10,0,1
2020-04-08T01:05:00Z,19,8,3,5,NA,5,0,1
2020-04-08T01:10:00Z,2,4,7,9,NA,4.5,0,2
2020-04-08T01:10:00Z,4,1,5,10,NA,5,0,1
2020-04-08T01:10:00Z,8,9.5,3.5,10,NA,5,0,2
2020-04-08T01:10:00Z,9,0,3,7,7,5,0,1
2020-04-08T01:10:00Z,12,3,3,7,NA,5,0,1
2020-04-08T01:10:00Z,15,3,4,10,NA,2,0,1
2020-04-08T01:10:00Z,17,4,0,9,NA,3,0,1
2020-04-08T01:10:00Z,18,1,4,7,8,8,1,1
2020-04-08T01:10:00Z,19,5,0,8,NA,2,0,1
2020-04-08T01:15:00Z,6,10,1,1,5,9,0,1
2020-04-08T01:15:00Z,8,7,3,3,NA,6,0,1
2020-04-08T01:15:00Z,14,0,5,8,NA,7,0,1
2020-04-08T01:15:00Z,15,5.5,6.5,6,NA,6,0,2
2020-04-08T01:15:00Z,17,8,6,0,NA,9,0,1
2020-04-08T01:20:00Z,2,6,3,7,NA,5,0,1
2020-04-08T01:20:00Z,3,2.5,9.5,4,8.5,0,0,2
2020-04-08T01:20:00Z,8,10,3,7,NA,1,0,1
2020-04-08T01:20:00Z,12,0,10,4,NA,8,0,1
2020-04-08T01:20:00Z,14,9.5,6.5,6.5,NA,5.5,0,2
2020-04-08T01:20:00Z,16,5.5,2,8,4,2.5,0,2
2020-04-08T01:20:00Z,17,5,6,10,NA,10,0,1
2020-04-08T01:25:00Z,8,6,4,1,NA,9,0,1
2020-04-08T01:25:00Z,9,10,3,7,7,2,0,1
2020-04-08T01:25:00Z,10,6,7,10,NA,0,0,1
2020-04-08T01:25:00Z,13,10,7,10,NA,2,0,1
2020-04-08T01:25:00Z,15,9,10,8,NA,8.5,0,2
2020-04-08T01:30:00Z,3,5,6,8,7,1,0,1
2020-04-08T01:30:00Z,6,10,6,2,10,0,0,1
2020-04-08T01:30:00Z,8,6,3.5,6,NA,2,0,2
2020-04-08T01:30:00Z,9,8,10,3,5,0,0,1
2020-04-08T01:30:00Z,11,7,7,1,6,5,0,1
2020-04-08T01:30:00Z,13,8.5,9.5,2.5,NA,5,0.5,2
2020-04-08T01:30:00Z,15,4.5,7,3,NA,10,0,2
2020-04-08T01:30:00Z,18,3,10,5,NA,7,0,1
2020-04-08T01:35:00Z,2,5,3,0,NA,0,0,1
2020-04-08T01:35:00Z,6,10,2,9,4,4,0,1
2020-04-08T01:35:00Z,8,7,3,5,NA,2,0,1
2020-04-08T01:35:00Z,11,8,8,2,4,3,0,1
2020-04-08T01:40:00Z,2,5,7.5,7.5,NA,3.5,0,2
2020-04-08T01:40:00Z,3,10,0,10,3,5,0,1
2020-04-08T01:40:00Z,11,10,10,3,9,0,1,1
2020-04-08T01:40:00Z,17,3,10,1,NA,5,0,1
2020-04-08T01:40:00Z,19,8,7,0,NA,6,0,1
2020-04-08T01:45:00Z,1,8.5,6.5,6.5,5,7.5,0,2
2020-04-08T01:45:00Z,2,3,4.666666666666667,5.666666666666667,NA,7,0,3
2020-04-08T01:45:00Z,5,9,2,7,0,9,1,1
2020-04-08T01:45:00Z,6,8,6.5,6,5,7,0,2
2020-04-08T01:45:00Z,8,7,6,8,NA,2,0,1
2020-04-08T01:45:00Z,11,10,10,9,6,10,0,1
2020-04-08T01:45:00Z,12,4,3,0,NA,10,0,1
2020-04-08T01:45:00Z,15,10,2,5,NA,0,1,1
2020-04-08T01:45:00Z,19,7,7.5,6.5,NA,2.5,1,2
2020-04-08T01:50:00Z,2,5.5,6,8.5,NA,5,0,2
2020-04-08T01:50:00Z,4,6,2,8,NA,6,0,1
2020-04-08T01:50:00Z,11,5,8,2,3,10,0,1
2020-04-08T01:50:00Z,13,0,3,1,NA,1,0,1
2020-04-08T01:50:00Z,17,10,0,0,NA,4,0,1
2020-04-08T01:55:00Z,3,10,2,10,1,10,0,1
2020-04-08T01:55:00Z,8,1,10,10,NA,0,0,1
2020-04-08T01:55:00Z,9,10,6,7,10,8,1,1
2020-04-08T01:55:00Z,10,4,10,9,NA,7,0,1
2020-04-08T01:55:00Z,12,9,9,10,NA,10,1,1
2020-04-08T01:55:00Z,14,8,5,0.5,NA,6,0,2
2020-04-08T01:55:00Z,15,2,7,2,NA,5,0,1
2020-04-08T02:00:00Z,3,9,5,3,4,9,0,1
2020-04-08T02:00:00Z,4,3,2,4,NA,9,0,1
2020-04-08T02:00:00Z,6,3,6,8.5,6,6.5,0,2
2020-04-08T02:00:00Z,10,7,10,10,NA,10,0,1
2020-04-08T02:00:00Z,13,5,9,9,NA,10,0,1
2020-04-08T02:00:00Z,14,8,0,5,NA,9,0,1
2020-04-08T02:00:00Z,16,2,6,1,0,8,0,1
2020-04-08T02:00:00Z,19,9,5,9,NA,0,1,1
2020-04-08T02:05:00Z,2,8,7,1,NA,7,0,1
2020-04-08T02:05:00Z,5,6,2,4,10,4,0,1
2020-04-08T02:05:00Z,8,5,2,6,NA,2,0,1
2020-04-08T02:05:00Z,10,0,0,1,NA,4,0,1
2020-04-08T02:05:00Z,18,3.5,6.5,6.5,NA,7,0,2
2020-04-08T02:05:00Z,19,4,7,10,NA,1,0,1
2020-04-08T02:10:00Z,6,2,9,1,3,1,0,1
2020-04-08T02:10:00Z,9,10,10,9,5,4,0,1
2020-04-08T02:10:00Z,10,10,5,1,NA,4,0,1
2020-04-08T02:10:00Z,13,6,1,1,NA,7,0,1
2020-04-08T02:15:00Z,2,6,10,7,NA,7,0,1
2020-04-08T02:15:00Z,3,0,0,8,10,7,0,1
2020-04-08T02:15:00Z,8,3,1,8,NA,4,0,1
2020-04-08T02:15:00Z,9,8,10,3,3,3,0,1
2020-04-08T02:15:00Z,10,2,10,1,NA,2,0,1
2020-04-08T02:15:00Z,14,6.5,5,3,NA,9.5,0,2
2020-04-08T02:15:00Z,19,10,5,1,NA,5,0,1
2020-04-08T02:20:00Z,2,7,7,2,NA,2,0,1
2020-04-08T02:20:00Z,5,0,4,1,1,6,0,1
2020-04-08T02:20:00Z,6,5.5,10,6.5,6.5,1,0,2
2020-04-08T02:20:00Z,9,6,1,3,0,3,0,1
2020-04-08T02:20:00Z,15,8.5,5,5,NA,7,0,2
2020-04-08T02:25:00Z,6,0,6,6,9,7,1,1
2020-04-08T02:25:00Z,11,1,6,5,3,10,0,1
2020-04-08T02:25:00Z,14,4,10,7,NA,4,0,1
2020-04-08T02:25:00Z,15,8,4,10,NA,2,0,1
2020-04-08T02:30:00Z,1,3,2,7,6,3,0,1
2020-04-08T02:30:00Z,2,3,5.5,0.5,NA,5,0,2
2020-04-08T02:30:00Z,3,10,1,5,6,6,0,1
2020-04-08T02:30:00Z,4,5,0,0,NA,5,0,1
2020-04-08T02:30:00Z,5,3,1,0,8,9,0,1
2020-04-08T02:30:00Z,8,4,4,7,NA,8,0,1
2020-04-08T02:30:00Z,9,2,7,7,7,10,0,1
2020-04-08T02:30:00Z,12,1,9,2,NA,6,0,1
2020-04-08T02:30:00Z,15,10,10,8,NA,1,0,1
2020-04-08T02:35:00Z,2,8,2,7,NA,8,0,1
2020-04-08T02:35:00Z,3,7,0,10,2,1,0,1
2020-04-08T02:35:00Z,6,5.333333333333333,7,4.666666666666667,3.3333333333333335,6,0,3
2020-04-08T02:35:00Z,8,4,2,4,NA,1,1,1
2020-04-08T02:35:00Z,13,8,10,0,NA,8,0,1
2020-04-08T02:35:00Z,14,9,10,1,NA,8,1,1
2020-04-08T02:40:00Z,2,3,10,5,0,9,0,1
2020-04-08T02:40:00Z,3,7,0,6,5,7,0,1
2020-04-08T02:40:00Z,6,3,4.5,7,2.5,1.5,0,2
2020-04-08T02:40:00Z,8,3,6,6,NA,2,0,1
2020-04-08T02:40:00Z,9,9,5.5,3,9.5,7.5,0,2
2020-04-08T02:40:00Z,10,4,0,8,NA,4,0,1
2020-04-08T02:40:00Z,12,3.5,9,5.5,NA,3.5,0,2
2020-04-08T02:40:00Z,14,10,0,4,NA,3,0,1
2020-04-08T02:40:00Z,16,9,8,7,8,4,1,1
2020-04-08T02:40:00Z,18,3.5,4,7.5,NA,5,0,2
2020-04-08T02:45:00Z,2,10,9,3,NA,10,0,1
2020-04-08T02:45:00Z,4,10,7,0,NA,5,0,1
2020-04-08T02:45:00Z,16,2.5,4.5,4,8,3.5,0,2
2020-04-08T02:45:00Z,17,0,8,7,NA,0,0,1
2020-04-08T02:50:00Z,1,6.5,4.5,0.5,8,9.5,0,2
2020-04-08T02:50:00Z,2,1,7,9,NA,10,0,1
2020-04-08T02:50:00Z,8,5,10,5,NA,10,0,1
2020-04-08T02:50:00Z,9,5,6,2,10,8,0,1
2020-04-08T02:50:00Z,10,10,5,5,NA,10,0,1
2020-04-08T02:50:00Z,14,10,1,2,NA,2,0,1
2020-04-08T02:55:00Z,2,5.5,6,6,NA,5,0,2
2020-04-08T02:55:00Z,3,6,3,0,10,0,0,1
2020-04-08T02:55:00Z,5,9,10,2,10,2,0,1
2020-04-08T02:55:00Z,6,3,0,1,6,1,0,1
2020-04-08T02:55:00Z,12,6,4,1,NA,4,0,1
2020-04-08T03:00:00Z,1,10,7,1,4,7,0,1
2020-04-08T03:00:00Z,4,8,9,6,NA,10,0,1
2020-04-08T03:00:00Z,6,1,0,10,7,1,0,1
2020-04-08T03:00:00Z,9,7,8,5,10,3,0,1
2020-04-08T03:00:00Z,14,2.5,3,7.5,NA,7.5,0,2
2020-04-08T03:00:00Z,15,10,5,4,9,8,0,2
2020-04-08T03:00:00Z,18,7,2.5,7.5,NA,7.5,0,2
2020-04-08T03:00:00Z,19,5.5,10,5,NA,7,0,2
2020-04-08T03:05:00Z,3,4,5,4,7,2,0,1
2020-04-08T03:05:00Z,6,0,10,0,3,10,0,1
2020-04-08T03:05:00Z,9,10,3,8,4,2,0,1
2020-04-08T03:05:00Z,13,10,3,4,NA,9,0,1
2020-04-08T03:05:00Z,14,0,3,4,NA,6,0,1
2020-04-08T03:05:00Z,15,10,7,2,NA,0,0,1
2020-04-08T03:10:00Z,2,5,8.5,10,NA,2.5,0,2
2020-04-08T03:10:00Z,5,7,10,1,6,7,0,1
2020-04-08T03:10:00Z,6,1,10,7,6,3,1,1
2020-04-08T03:10:00Z,8,0,5,10,NA,10,0,1
2020-04-08T03:10:00Z,9,1.5,3.5,3,7.5,6,0,2
2020-04-08T03:15:00Z,2,9,10,8,NA,8,0,1
2020-04-08T03:15:00Z,4,4,1.5,5.5,NA,8.5,0,2
2020-04-08T03:15:00Z,6,5,10,10,10,1,1,1
2020-04-08T03:15:00Z,10,2,6,10,NA,10,0,1
2020-04-08T03:15:00Z,15,5.5,5,5.75,NA,1,0.25,4
2020-04-08T03:20:00Z,2,8,1.5,7.5,NA,8.5,0,2
2020-04-08T03:20:00Z,3,5,8.5,6,2.5,4.5,0,2
2020-04-08T03:20:00Z,12,10,0.5,4,NA,6.5,0,2
2020-04-08T03:20:00Z,14,9,7.5,6,NA,8.5,0.5,2
2020-04-08T03:20:00Z,15,10,6,3,NA,6,0,1
2020-04-08T03:20:00Z,16,10,3,1,1,6,0,1
2020-04-08T03:25:00Z,1,2,2,7,7,6,0,1
2020-04-08T03:25:00Z,2,4,6.5,1,NA,5,0,2
2020-04-08T03:25:00Z,3,5,6,5.5,7,4,0,2
2020-04-08T03:25:00Z,15,8,6,8,NA,9,0,1
2020-04-08T03:30:00Z,2,7,10,1,NA,5,0,1
2020-04-08T03:30:00Z,6,8,10,8,4,2,1,1
2020-04-08T03:30:00Z,14,1,1,3,NA,3,0,1
2020-04-08T03:35:00Z,3,10,0,0,5,1,0,1
2020-04-08T03:35:00Z,6,9,10,3,0,7,0,1
2020-04-08T03:35:00Z,9,6,0,8,9,8,0,1
2020-04-08T03:35:00Z,10,9.5,8,1.5,NA,3.5,0,2
2020-04-08T03:35:00Z,14,9,8.5,3.5,NA,1.5,0.5,2
2020-04-08T03:35:00Z,15,7,6,7,NA,7,0,1
2020-04-08T03:35:00Z,19,1,2,10,NA,1,1,1
2020-04-08T03:40:00Z,1,8,5,10,9,6,0,1
2020-04-08T03:40:00Z,6,8.333333333333334,2,4,3.3333333333333335,7.333333333333333,0,3
2020-04-08T03:40:00Z,8,7,4,6.5,NA,5.5,0,2
2020-04-08T03:40:00Z,9,2,6,2,9,4,1,1
2020-04-08T03:40:00Z,10,0,7,2,NA,10,0,1
2020-04-08T03:40:00Z,11,6,9,8,1,9,0,1
2020-04-08T03:40:00Z,13,9,5,8,NA,9,0,1
2020-04-08T03:40:00Z,15,9,10,8,NA,4,0,1
2020-04-08T03:40:00Z,18,10,0,1,3,0,0,1
2020-04-08T03:45:00Z,1,4,8,5,9,1,0,1
2020-04-08T03:45:00Z,6,5,8.5,10,8,2,0,2
2020-04-08T03:45:00Z,8,7,3.5,4.5,NA,8.5,0,2
2020-04-08T03:45:00Z,9,10,2,6,8,7,0,1
2020-04-08T03:45:00Z,15,7,3,0,NA,0,0,1
2020-04-08T03:45:00Z,18,0,10,10,NA,5,0,1
2020-04-08T03:50:00Z,4,2,10,9,NA,4,0,1
2020-04-08T03:50:00Z,5,0,10,9,5,2,0,1
2020-04-08T03:50:00Z,6,3.5,9,4,2.5,3.5,0,2
2020-04-08T03:50:00Z,8,6.5,6.5,6,NA,6,0,2
2020-04-08T03:50:00Z,14,4,1,10,NA,1,0,1
2020-04-08T03:50:00Z,15,8,8,3,9,8,0,1
2020-04-08T03:55:00Z,2,5,10,10,NA,1,0,1
2020-04-08T03:55:00Z,4,9,2,9,NA,6,0,1
2020-04-08T03:55:00Z,6,5,4,3,5,6,0,1
2020-04-08T03:55:00Z,8,3,7,3,NA,6,0,1
2020-04-08T03:55:00Z,10,2,10,10,NA,1,1,1
2020-04-08T03:55:00Z,17,2,3,10,NA,6,0,1
2020-04-08T04:00:00Z,4,1,5,2,NA,4,0,1
2020-04-08T04:00:00Z,6,1.5,5,9.5,9.5,6,0,2
2020-04-08T04:00:00Z,9,4.8,3.8,3.6,7,6,0.2,5
2020-04-08T04:00:00Z,15,4,6,6,NA,10,0,1
2020-04-08T04:00:00Z,19,4,5,0,NA,10,0,1
2020-04-08T04:05:00Z,2,5,2,9,NA,4.5,0,2
2020-04-08T04:05:00Z,3,6,4,10,10,7,0,1
2020-04-08T04:05:00Z,5,0,6,3,10,4,0,1
2020-04-08T04:05:00Z,9,6,3.5,7,3,6,0,2
2020-04-08T04:05:00Z,14,8,5,3,NA,5,0,1
2020-04-08T04:05:00Z,15,6,1,4,NA,4,0,1
2020-04-08T04:05:00Z,16,4.5,4.5,5.5,5.5,6,0,2
2020-04-08T04:05:00Z,19,6,9,4,NA,9,0,1
2020-04-08T04:10:00Z,1,2,10,7,10,10,0,1
2020-04-08T04:10:00Z,2,7,6.333333333333333,5.666666666666667,NA,5.333333333333333,0,3
2020-04-08T04:10:00Z,5,9,4,10,5,10,0,1
2020-04-08T04:10:00Z,8,7,10,10,NA,5,0,1
2020-04-08T04:10:00Z,12,1,2,1,NA,3,0,1
2020-04-08T04:10:00Z,13,5,2,10,NA,6,0,1
2020-04-08T04:10:00Z,14,8,0,9,NA,10,0,1
2020-04-08T04:15:00Z,3,10,2,10,5,1,0,1
2020-04-08T04:15:00Z,4,2,2,3,NA,3,0,1
2020-04-08T04:15:00Z,5,2,1,10,3,10,0,1
2020-04-08T04:15:00Z,6,2,4.5,2.5,6.25,4.25,0,4
2020-04-08T04:15:00Z,8,3.5,2.5,9,NA,3.5,0.5,2
2020-04-08T04:15:00Z,9,5,2.5,6.5,3.5,0,0,2
2020-04-08T04:15:00Z,15,6,0,10,NA,8.5,0,2
2020-04-08T04:20:00Z,1,7,5,10,3,3,0,1
2020-04-08T04:20:00Z,2,3,9,8,NA,5,1,1
2020-04-08T04:20:00Z,3,1,8,3,6,1,0,1
2020-04-08T04:20:00Z,5,4,4,3,5,8,0,1
2020-04-08T04:20:00Z,6,3,7.5,4.5,0.5,7,0,2
2020-04-08T04:20:00Z,8,6,10,5,NA,9,0,1
2020-04-08T04:20:00Z,9,3.3333333333333335,5,7,4.666666666666667,2.6666666666666665,0,3
2020-04-08T04:20:00Z,15,3.5,5.5,6.5,NA,5.5,0,2
2020-04-08T04:25:00Z,1,2,3,7,1,10,0,1
2020-04-08T04:25:00Z,3,7.5,8,6,7,5,0,2
2020-04-08T04:25:00Z,5,10,3,2,10,9,0,1
2020-04-08T04:25:00Z,10,0,7,5,NA,5,0,1
2020-04-08T04:25:00Z,11,10,1,0,5,4,0,1
2020-04-08T04:25:00Z,15,5,0,1,NA,1,0,1
2020-04-08T04:25:00Z,19,1,0,2,NA,3,0,1
2020-04-08T04:30:00Z,1,2,10,1,2,8,0,1
2020-04-08T04:30:00Z,6,6,2,9,7.5,5,0,2
2020-04-08T04:30:00Z,12,5,10,2,NA,3,0,1
2020-04-08T04:30:00Z,17,7,10,4,NA,0,0,1
2020-04-08T04:30:00Z,18,10,5,4,NA,8,0,1
2020-04-08T04:35:00Z,2,8,3,2,NA,5,0,1
2020-04-08T04:40:00Z,1,1,10,7,7,6,0,1
2020-04-08T04:40:00Z,3,6,6,6,8,4,0,1
2020-04-08T04:40:00Z,10,7,0,7,NA,3,0,1
2020-04-08T04:40:00Z,12,8,7,10,NA,1,0,1
2020-04-08T04:40:00Z,13,0,7,9,NA,6,0,1
2020-04-08T04:40:00Z,15,0,2,5,NA,10,0,1
2020-04-08T04:40:00Z,19,7,10,7,NA,3,0,1
2020-04-08T04:45:00Z,2,10,6,0,NA,3,0,1
2020-04-08T04:45:00Z,3,6,8,0,3,5,0,1
2020-04-08T04:45:00Z,6,10,10,7,10,8,0,1
2020-04-08T04:45:00Z,12,5,6,10,NA,1,0,1
2020-04-08T04:45:00Z,14,8,10,10,NA,2,0,1
2020-04-08T04:45:00Z,16,10,10,6,1,9,0,1
2020-04-08T04:50:00Z,3,3,8,2,10,5,0,1
2020-04-08T04:50:00Z,5,5,10,10,3,5,0,1
2020-04-08T04:50:00Z,6,3,6,6,0,2,0,1
2020-04-08T04:50:00Z,8,4.5,3.75,5,NA,6.5,0,4
2020-04-08T04:50:00Z,14,10,6,7,NA,6,0,1
2020-04-08T04:50:00Z,15,1,0,4,NA,3,0,1
2020-04-08T04:55:00Z,4,6,4,5,6,9,0,1
2020-04-08T04:55:00Z,6,10,6,10,10,9,0,1
2020-04-08T04:55:00Z,10,1,8,10,NA,5,0,1
2020-04-08T04:55:00Z,15,7.5,7,5,NA,4,0,2
2020-04-08T05:00:00Z,3,8,6,10,9,10,0,1
2020-04-08T05:00:00Z,6,1,7,8,9.333333333333334,5.333333333333333,0,3
2020-04-08T05:00:00Z,11,9,10,10,1,1,0,1
2020-04-08T05:00:00Z,18,2,5,5.5,NA,1.5,0,2
2020-04-08T05:05:00Z,3,2,9,1,3,5,0,1
2020-04-08T05:05:00Z,8,0,1,1,NA,7,0,1
2020-04-08T05:05:00Z,9,0,6,8,10,1,0,1
2020-04-08T05:05:00Z,10,3,7,7,NA,6,0,1
2020-04-08T05:10:00Z,3,5.5,0,2,9,7,0,2
2020-04-08T05:10:00Z,5,6,7.5,8.5,9,4.5,0,2
2020-04-08T05:10:00Z,6,4,9,3,5,10,0,1
2020-04-08T05:10:00Z,8,1,9,9,3,10,0,1
2020-04-08T05:10:00Z,12,4,8,5,NA,8,0,1
2020-04-08T05:10:00Z,15,6,9,10,NA,2,0,1
2020-04-08T05:15:00Z,3,7,8,6,2,9,0,1
2020-04-08T05:15:00Z,8,6,9,7,NA,6,1,1
2020-04-08T05:15:00Z,15,2.6,7.4,7,NA,3.8,0,5
2020-04-08T05:15:00Z,16,7,1,4,4,2,0,1
2020-04-08T05:15:00Z,19,6,7,5,NA,6,0,1
2020-04-08T05:20:00Z,2,10,3,8,NA,6,0,1
2020-04-08T05:20:00Z,5,6,7,2,9,7,0,1
2020-04-08T05:20:00Z,8,10,0,7,NA,1,0,1
2020-04-08T05:20:00Z,9,2,3,0,8,10,1,1
2020-04-08T05:20:00Z,12,10,6,7,NA,7,1,1
2020-04-08T05:20:00Z,17,0,8,2,NA,1,0,1
2020-04-08T05:25:00Z,9,5,5,2,9,6,0,1
2020-04-08T05:25:00Z,15,5.5,5.5,4.5,NA,7,0,2
2020-04-08T05:25:00Z,16,10,10,0,9,10,0,1
2020-04-08T05:25:00Z,19,0,0,6,NA,3,0,1
2020-04-08T05:30:00Z,3,10,6,9,3,4,0,1
2020-04-08T05:30:00Z,5,0,0,2,6,1,0,1
2020-04-08T05:30:00Z,8,6,1,10,NA,5.5,0,2
2020-04-08T05:30:00Z,9,2,9,10,1,3,0,1
2020-04-08T05:30:00Z,10,4,1,8,NA,7,0,1
2020-04-08T05:30:00Z,15,10,2,5,NA,2,0,1
2020-04-08T05:30:00Z,18,10,1,6,NA,10,0,1
2020-04-08T05:30:00Z,19,6,0,0,NA,1,1,1
2020-04-08T05:35:00Z,4,8,2,10,NA,0,0,1
2020-04-08T05:35:00Z,6,8,10,6,3,6,0,1
2020-04-08T05:35:00Z,9,5,2,4,1,0,0,1
2020-04-08T05:35:00Z,10,7,10,3,NA,7,0,1
2020-04-08T05:35:00Z,13,1,4,8,NA,1,0,1
2020-04-08T05:35:00Z,14,10,6.5,8.5,NA,3.5,0,2
2020-04-08T05:35:00Z,15,6,7,5,NA,4,0,1
2020-04-08T05:40:00Z,1,6,10,3,9,10,0,1
2020-04-08T05:40:00Z,2,1.5,8,2.5,NA,3.5,0,2
2020-04-08T05:40:00Z,9,9,7,10,10,0,0,1
2020-04-08T05:40:00Z,15,6.5,6.5,3.5,NA,3.5,0.5,2
2020-04-08T05:40:00Z,17,0,1,4,NA,10,0,1
2020-04-08T05:45:00Z,2,6,3.5,3.5,NA,6,0,2
2020-04-08T05:45:00Z,3,5,5,0,10,8,0,1
2020-04-08T05:45:00Z,5,1,5,9,5,4,0,1
2020-04-08T05:45:00Z,6,10,10,4,1,1,0,1
2020-04-08T05:45:00Z,9,6,7,8,0,8,0,1
2020-04-08T05:45:00Z,10,9,7,4,NA,2,0,1
2020-04-08T05:45:00Z,14,0,1,8,NA,8,0,1
2020-04-08T05:45:00Z,16,6,6,2,10,10,0,1
2020-04-08T05:50:00Z,2,6.5,6,3,NA,5.5,0,2
2020-04-08T05:50:00Z,6,2.5,4,4,7.5,7,0,2
2020-04-08T05:50:00Z,8,7,4,7.5,NA,1.5,0,2
2020-04-08T05:50:00Z,11,7,6,10,7,3,0,1
2020-04-08T05:50:00Z,15,10,7,3,NA,5,0,1
2020-04-08T05:50:00Z,16,5,0,0,8,4,0,1
2020-04-08T05:55:00Z,2,3,10,9,NA,9,0,1
2020-04-08T05:55:00Z,6,7,5,4,7,10,0,1
2020-04-08T05:55:00Z,8,0,5,2,NA,10,0,1
2020-04-08T05:55:00Z,9,1,1,6,7,5,0,1
2020-04-08T05:55:00Z,11,6,10,9,4,5,0,2
2020-04-08T05:55:00Z,14,7,10,5,NA,7,0,1
2020-04-08T05:55:00Z,15,3,1,10,NA,9,0,1
2020-04-08T05:55:00Z,16,10,1,10,4,6,0,1
2020-04-08T06:00:00Z,2,2,2.5,6.5,NA,7,0.5,2
2020-04-08T06:00:00Z,3,7,0,0,7,4,0,1
2020-04-08T06:00:00Z,4,10,1,10,NA,9,0,1
2020-04-08T06:00:00Z,8,0,6,6,NA,1,0,2
2020-04-08T06:05:00Z,6,8,10,7,10,0,1,1
2020-04-08T06:05:00Z,11,6,5,1,4,10,0,1
2020-04-08T06:05:00Z,13,8,10,0,NA,4,0,1
2020-04-08T06:05:00Z,14,3,2,8,NA,10,1,1
2020-04-08T06:05:00Z,15,2,1,4,NA,10,0,1
2020-04-08T06:05:00Z,16,8,9,9,0,10,0,1
2020-04-08T06:10:00Z,4,2.5,9.5,7.5,NA,7,0,2
2020-04-08T06:10:00Z,13,2,4,3,NA,10,0,1
2020-04-08T06:10:00Z,15,2.6666666666666665,7.333333333333333,9,NA,7,0,3
2020-04-08T06:15:00Z,3,5,7,10,8,7,0,1
2020-04-08T06:15:00Z,6,0,7,10,6,7,0,1
2020-04-08T06:15:00Z,8,3,4,8,NA,8,0,1
2020-04-08T06:15:00Z,9,6,7,6,3,0,0,1
2020-04-08T06:15:00Z,14,8,6.5,6,NA,3,0,2
2020-04-08T06:15:00Z,16,7,10,7,6,2,0,1
2020-04-08T06:15:00Z,17,4,10,0,NA,5,0,1
2020-04-08T06:20:00Z,2,5,2.5,4.5,NA,5,0,2
2020-04-08T06:20:00Z,8,9.5,6.5,5.5,NA,5,0,2
2020-04-08T06:20:00Z,18,7,1,10,NA,7,0,1
2020-04-08T06:20:00Z,19,7,9,3,NA,7,0,1
2020-04-08T06:25:00Z,1,4,1.5,3,2,6.5,0,2
2020-04-08T06:25:00Z,2,3,8,1,NA,2,0,1
2020-04-08T06:25:00Z,5,6.5,5.5,6.5,5.5,4.5,0,2
2020-04-08T06:25:00Z,6,10,8,2,10,10,0,1
2020-04-08T06:25:00Z,8,10,3,4,NA,4,0,1
2020-04-08T06:25:00Z,12,9,1,10,NA,7,0,1
2020-04-08T06:25:00Z,14,5.5,8.5,5,NA,6.5,0,2
2020-04-08T06:25:00Z,15,10,1,7.5,NA,5.5,0,2
2020-04-08T06:25:00Z,16,2,2,4,8,5,0,1
2020-04-08T06:30:00Z,2,6.5,4,5,NA,6.5,0,2
2020-04-08T06:30:00Z,3,4,1,9,10,10,0,1
2020-04-08T06:30:00Z,5,2,9,4,4,5,0,1
2020-04-08T06:30:00Z,6,2,0,8,4,1,0,1
2020-04-08T06:30:00Z,9,10,2,10,5,8,0,1
2020-04-08T06:30:00Z,15,0,10,0,NA,6,1,1
2020-04-08T06:30:00Z,16,5,9,8,8,10,0,1
2020-04-08T06:30:00Z,19,9,8,5,NA,2,0,1
2020-04-08T06:35:00Z,2,5,10,6,NA,6,0,1
2020-04-08T06:35:00Z,3,0,8,4,10,10,0,1
2020-04-08T06:35:00Z,4,8.5,5,4.5,NA,6,0,2
2020-04-08T06:35:00Z,8,7,3,8,NA,10,0,2
2020-04-08T06:35:00Z,10,4.5,3.5,4.5,NA,5.5,0,2
2020-04-08T06:35:00Z,12,8,7,10,NA,0,0,1
2020-04-08T06:35:00Z,19,6,2,8,NA,10,1,1
2020-04-08T06:40:00Z,2,2,2,3,NA,6,0,1
2020-04-08T06:40:00Z,5,8,8,2,9,0,0,1
2020-04-08T06:40:00Z,9,1,4,1,1,5,0,1
2020-04-08T06:40:00Z,14,6,7,7,NA,6,0,1
2020-04-08T06:40:00Z,15,5,6,9,NA,10,1,1
2020-04-08T06:40:00Z,17,7,3,4,NA,8,0,1
2020-04-08T06:40:00Z,18,5,5,6,NA,7,0,1
2020-04-08T06:45:00Z,1,7.5,3,7.5,7,5.5,0.5,2
2020-04-08T06:45:00Z,3,7.5,8,6.5,9,3,0,2
2020-04-08T06:45:00Z,6,0,9,1,9,0,0,1
2020-04-08T06:45:00Z,14,7,9,2,NA,10,0,1
2020-04-08T06:45:00Z,15,5,10,2,NA,2,1,1
2020-04-08T06:45:00Z,17,8,9,4,NA,4,0,1
2020-04-08T06:50:00Z,1,5.5,6,8,5.5,7,0,2
2020-04-08T06:50:00Z,3,1,9,4,10,2,1,1
2020-04-08T06:50:00Z,6,8,9,7.5,8,7,0,2
2020-04-08T06:50:00Z,8,3,6.5,7,NA,6,0.5,2
2020-04-08T06:50:00Z,9,0,2,7,10,10,0,1
2020-04-08T06:50:00Z,19,1,7,7,NA,5,0,1
2020-04-08T06:55:00Z,2,6,10,5.5,NA,8,0,2
2020-04-08T06:55:00Z,3,10,9,3,1,10,0,1
2020-04-08T06:55:00Z,9,9,7,10,10,6,0,1
2020-04-08T06:55:00Z,10,5,3,5,NA,6,0,1
2020-04-08T06:55:00Z,14,7,5,10,NA,7.5,0,2
2020-04-08T06:55:00Z,15,1,3,0,NA,1,0,1
2020-04-08T06:55:00Z,16,10,7,0,5,2,0,1
2020-04-08T06:55:00Z,17,2,6,6,NA,10,1,1
2020-04-08T06:55:00Z,19,5,9.5,7.5,NA,6.5,0,2
2020-04-08T07:00:00Z,1,8.5,0.5,8,6.5,2,0,2
2020-04-08T07:00:00Z,3,1,3,5,7,2,0,1
2020-04-08T07:00:00Z,6,7,5,7,3,3.3333333333333335,0,3
2020-04-08T07:00:00Z,9,6.5,4.75,6,5.5,8.25,0,4
2020-04-08T07:00:00Z,14,7,0,10,NA,3,0,1
2020-04-08T07:00:00Z,15,4.666666666666667,6.333333333333333,5.666666666666667,NA,4,0,3
2020-04-08T07:10:00Z,1,10,3,2,10,6,0,1
2020-04-08T07:10:00Z,6,2,9,4,7,9,0,1
2020-04-08T07:10:00Z,8,7,9,2,NA,0,0,1
2020-04-08T07:10:00Z,11,0,3,3,5,8,0,1
2020-04-08T07:10:00Z,15,3,5.5,8.5,NA,7,0,2
2020-04-08T07:10:00Z,16,0,0,8,5,10,1,1
2020-04-08T07:10:00Z,19,0,10,8,NA,7,0,1
2020-04-08T07:15:00Z,2,10,9,3,NA,8,0,1
2020-04-08T07:15:00Z,6,1,10,10,9,5,0,1
2020-04-08T07:15:00Z,9,9,3,2.5,5,5,0,2
2020-04-08T07:15:00Z,18,10,5,0,NA,10,0,1
2020-04-08T07:20:00Z,2,0.5,4,2.5,NA,6,0,2
2020-04-08T07:20:00Z,3,7,7.5,6.5,6.5,9,0,2
2020-04-08T07:20:00Z,6,4,9,4,4,8,0,1
2020-04-08T07:20:00Z,8,10,7,2.5,NA,7.5,0,2
2020-04-08T07:20:00Z,9,6,7,7.5,5,7,0,2
2020-04-08T07:20:00Z,11,1,1,10,7,7,1,1
2020-04-08T07:20:00Z,15,10,7,0,NA,2,0,1
2020-04-08T07:25:00Z,1,10,1,7,4,7,0,1
2020-04-08T07:25:00Z,2,3.6666666666666665,6,6.666666666666667,NA,5.666666666666667,0,3
2020-04-08T07:25:00Z,6,4,4,8,6,0,0,1
2020-04-08T07:25:00Z,9,4,8,1,4,1,0,1
2020-04-08T07:25:00Z,12,5,7,9,NA,2,0,1
2020-04-08T07:25:00Z,15,5.5,8,8,NA,6.5,0,2
2020-04-08T07:25:00Z,16,6,10,8,4,2,0,1
2020-04-08T07:25:00Z,17,7,3,2,NA,10,0,1
2020-04-08T07:25:00Z,19,9,3,1,NA,3,0,1
2020-04-08T07:30:00Z,2,3,9,1,NA,6,0,1
2020-04-08T07:30:00Z,3,3.3333333333333335,7.333333333333333,4,5.666666666666667,4.666666666666667,0,3
2020-04-08T07:30:00Z,9,9,0,6,5,7,1,1
2020-04-08T07:30:00Z,18,10,9,6,NA,8,0,1
2020-04-08T07:30:00Z,19,7,4,1,NA,3,0,1
2020-04-08T07:35:00Z,2,1,3,8,NA,10,0,1
2020-04-08T07:35:00Z,9,8,6,10,7,6,0,1
2020-04-08T07:35:00Z,18,4,8,9,NA,5,0,1
2020-04-08T07:40:00Z,1,10,10,8,10,10,0,1
2020-04-08T07:40:00Z,2,4,10,7,NA,4,0,1
2020-04-08T07:40:00Z,8,7,10,4,NA,0,1,1
2020-04-08T07:40:00Z,12,6,5,0,NA,0,0,1
2020-04-08T07:40:00Z,13,5,0,2,NA,6,0,1
2020-04-08T07:40:00Z,14,0,8,7,NA,6,0,1
2020-04-08T07:40:00Z,16,4,5,9,0,6,0,1
2020-04-08T07:45:00Z,2,5,5,9,NA,2,0,2
2020-04-08T07:45:00Z,4,0,2,2,NA,5,0,1
2020-04-08T07:45:00Z,9,10,1,9,4,7,0,1
2020-04-08T07:45:00Z,18,1,10,10,NA,7,1,1
2020-04-08T07:50:00Z,2,2,10,10,NA,2,0,1
2020-04-08T07:50:00Z,3,2,6,9,5,10,0,1
2020-04-08T07:50:00Z,4,5,7,10,NA,4,0,1
2020-04-08T07:50:00Z,5,1,10,6,7,4,0,1
2020-04-08T07:50:00Z,10,5,0,10,NA,1,0,1
2020-04-08T07:50:00Z,11,9,0,10,10,10,0,1
2020-04-08T07:50:00Z,17,0,6,4,NA,8,0,1
2020-04-08T07:50:00Z,19,3,2,8,NA,5,0,1
2020-04-08T07:55:00Z,1,5,7,4,6,2,0,1
2020-04-08T07:55:00Z,2,2,5,9,NA,4,0,1
2020-04-08T07:55:00Z,3,6,7,3,4,10,0,1
2020-04-08T07:55:00Z,6,2,2,1,10,10,0,1
2020-04-08T07:55:00Z,8,10,5,5.5,NA,2.5,0,2
2020-04-08T07:55:00Z,9,6.666666666666667,7,8.666666666666666,5,1.6666666666666667,0,3
2020-04-08T07:55:00Z,12,2,6,1,NA,1,0,1
2020-04-08T07:55:00Z,18,6.5,5,5,NA,2.5,0,2
2020-04-08T08:00:00Z,5,1,9,1,6,0,0,1
2020-04-08T08:00:00Z,8,3,5,0,NA,8,1,1
2020-04-08T08:00:00Z,9,4,2,8,10,10,0,1
2020-04-08T08:00:00Z,15,10,3,10,NA,2,0,1
2020-04-08T08:00:00Z,17,3,7,4,NA,4,0,1
2020-04-08T08:00:00Z,19,0,0,10,NA,0,0,1
2020-04-08T08:05:00Z,2,1,3,7,NA,8,1,1
2020-04-08T08:05:00Z,9,10,2.5,4.5,1.5,3.5,0,2
2020-04-08T08:05:00Z,14,9,3,3,NA,0,1,1
2020-04-08T08:05:00Z,15,4.333333333333333,4.333333333333333,6.666666666666667,NA,7.666666666666667,0,3
2020-04-08T08:05:00Z,19,6.5,5,5.5,NA,2,0,2
2020-04-08T08:10:00Z,2,4,4,7,NA,5,0,1
2020-04-08T08:10:00Z,3,1,4,7.5,3.5,5.5,0,2
2020-04-08T08:10:00Z,5,10,4,2,6,10,0,1
2020-04-08T08:10:00Z,6,9,0,9,5,4,0,1
2020-04-08T08:10:00Z,9,7,8.5,5,7,4.5,0,2
2020-04-08T08:10:00Z,15,5,5,7.5,NA,5,0,2
2020-04-08T08:15:00Z,1,8,6,2,1,8,0,1
2020-04-08T08:15:00Z,8,2.5,7,2.5,NA,4,0,2
2020-04-08T08:15:00Z,11,6,4.5,7,3.5,4.5,0,2
2020-04-08T08:20:00Z,3,9.5,3.5,1.5,4.5,1.5,0.5,2
2020-04-08T08:20:00Z,4,7,4,9.5,NA,5.5,0,2
2020-04-08T08:20:00Z,5,2,7,6,7,2,0,1
2020-04-08T08:20:00Z,6,9,3,10,4,4,0,1
2020-04-08T08:20:00Z,8,10,10,8,NA,10,1,1
2020-04-08T08:20:00Z,14,3,7,0,NA,6,0,1
2020-04-08T08:20:00Z,16,4,5,10,1,9,0,1
2020-04-08T08:25:00Z,6,7,3,7,0,10,0,1
2020-04-08T08:25:00Z,8,1.6666666666666667,4,3.6666666666666665,NA,3.6666666666666665,0,3
2020-04-08T08:25:00Z,11,10,1,7,7,0,0,1
2020-04-08T08:25:00Z,12,10,3,0,NA,6,0,1
2020-04-08T08:25:00Z,16,0,6,8,6,10,0,1
2020-04-08T08:25:00Z,18,3,1,9,NA,1,0,1
2020-04-08T08:30:00Z,2,4,2,2,NA,8,0,1
2020-04-08T08:30:00Z,3,7,7,5.5,1,4.5,0,2
2020-04-08T08:30:00Z,5,1,0,6,3,7,0,1
2020-04-08T08:30:00Z,6,9,2,0,10,0,0,1
2020-04-08T08:30:00Z,14,2,4,5,NA,3,0,1
2020-04-08T08:30:00Z,15,10,2.5,7,NA,4.5,0,2
2020-04-08T08:30:00Z,16,5,9,7,2,3,0,1
2020-04-08T08:35:00Z,1,7.136363636363637,8.090909090909092,5.954545454545454,6.2727272727272725,7.363636363636363,0.09090909090909091,22
2020-04-08T08:35:00Z,2,3.3684210526315788,4.157894736842105,4.894736842105263,NA,1.631578947368421,1.894736842105263,19
2020-04-08T08:35:00Z,3,5.934210526315789,7.964912280701754,6.048245614035087,6.9868421052631575,5.048245614035087,5.973684210526316,228
2020-04-08T08:35:00Z,4,2.5,2.5,3.25,NA,2,4.75,4
2020-04-08T08:35:00Z,5,3.1666666666666665,4.833333333333333,4.333333333333333,2.1666666666666665,3.8333333333333335,0.5,6
2020-04-08T08:35:00Z,6,2,1.9285714285714286,2,2,2.0714285714285716,1.9285714285714286,14
2020-04-08T08:35:00Z,7,NA,8,6,NA,NA,6,1
2020-04-08T08:35:00Z,8,7.1,7.2,6.8,NA,5.5,1.8,10
2020-04-08T08:35:00Z,9,7.016949152542373,6.762711864406779,6.728813559322034,5.169491525423729,5.983050847457627,1,59
2020-04-08T08:35:00Z,10,5.938775510204081,8.816326530612244,5.918367346938775,NA,6.877551020408164,1.9183673469387754,49
2020-04-08T08:35:00Z,11,5.86,9.1,5.1,3.96,4.92,2.94,50
2020-04-08T08:35:00Z,12,2.857142857142857,5.142857142857143,3.7142857142857144,NA,3.5714285714285716,4.428571428571429,7
2020-04-08T08:35:00Z,13,5,4.5,4.5,NA,5,0,2
2020-04-08T08:35:00Z,14,6.075,6.891666666666667,6.883333333333334,5.5,5.066666666666666,3.9166666666666665,120
2020-04-08T08:35:00Z,15,2.8823529411764706,3.3529411764705883,2.8823529411764706,NA,1.9411764705882353,3.1176470588235294,17
2020-04-08T08:35:00Z,16,2.375,2.25,2.5,2,1.375,2,8
2020-04-08T08:35:00Z,17,1.25,7.25,6,NA,3.125,2,8
2020-04-08T08:35:00Z,18,2.838235294117647,7,3.9558823529411766,3.3333333333333335,4.8088235294117645,3.8823529411764706,68
2020-04-08T08:35:00Z,19,1.4,2.2,2.1,NA,3.4,2.8,10
2020-04-08T08:40:00Z,1,6.654545454545454,7.327272727272727,5.745454545454545,6.072727272727272,6.8,0.23636363636363636,55
2020-04-08T08:40:00Z,2,3.0140845070422535,3.971830985915493,5.014084507042254,3.5,1,2.0422535211267605,71
2020-04-08T08:40:00Z,3,6.08235294117647,8,6.027450980392157,6.976470588235294,5.019607843137255,6.047058823529412,510
2020-04-08T08:40:00Z,4,3.75,3.3333333333333335,3.5,NA,1.75,5.833333333333333,12
2020-04-08T08:40:00Z,5,4.16,6.12,3.76,1.2,3.08,1.08,25
2020-04-08T08:40:00Z,6,2.0303030303030303,2,1.7878787878787878,2,2,2.090909090909091,33
2020-04-08T08:40:00Z,7,NA,9,6.5,NA,NA,5,2
2020-04-08T08:40:00Z,8,7.0625,6.921875,7.046875,5.5,5,1.984375,64
2020-04-08T08:40:00Z,9,6.987179487179487,6.980769230769231,7.038461538461538,4.987179487179487,5.987179487179487,0.9807692307692307,156
2020-04-08T08:40:00Z,11,5.991666666666666,8.966666666666667,5.008333333333334,3.9583333333333335,5.066666666666666,3.05,120
2020-04-08T08:40:00Z,12,3.0303030303030303,6.03030303030303,3.9393939393939394,NA,3.1818181818181817,5,33
2020-04-08T08:40:00Z,13,4.142857142857143,4.285714285714286,4.428571428571429,NA,3.7142857142857144,1.1428571428571428,7
2020-04-08T08:40:00Z,14,5.955284552845528,7,6.991869918699187,5.333333333333333,4.955284552845528,4.036585365853658,246
2020-04-08T08:40:00Z,15,3.1904761904761907,2.9365079365079363,3.1746031746031744,10,2.3174603174603177,2.9047619047619047,63
2020-04-08T08:40:00Z,16,2.52,2.32,2.56,2.52,1.28,1.56,25
2020-04-08T08:40:00Z,17,0.7647058823529411,7.0588235294117645,5.882352941176471,NA,3.176470588235294,1.9411764705882353,17
2020-04-08T08:40:00Z,18,3.0074626865671643,7.119402985074627,4.044776119402985,5,5.164179104477612,3.970149253731343,134
2020-04-08T08:40:00Z,19,1.6818181818181819,2.772727272727273,2.1363636363636362,NA,2.9545454545454546,2.727272727272727,22
2020-04-08T08:45:00Z,1,6.6235294117647054,7.329411764705882,5.435294117647059,6.117647058823529,6.8,0.27058823529411763,85
2020-04-08T08:45:00Z,2,2.987012987012987,4.077922077922078,5.064935064935065,3,1.12987012987013,2.1298701298701297,77
2020-04-08T08:45:00Z,3,5.95,7.96,5.966,6.978,5.054,5.994,500
2020-04-08T08:45:00Z,4,4.043478260869565,2.869565217391304,2.739130434782609,NA,1.826086956521739,6.086956521739131,23
2020-04-08T08:45:00Z,5,4.071428571428571,6.142857142857143,4.178571428571429,0.8571428571428571,3.0357142857142856,1,28
2020-04-08T08:45:00Z,6,1.868421052631579,1.736842105263158,2,1.8157894736842106,1.8157894736842106,1.9736842105263157,38
2020-04-08T08:45:00Z,7,NA,7.5,6,NA,NA,5.25,4
2020-04-08T08:45:00Z,8,6.9904761904761905,6.9904761904761905,7.019047619047619,5,4.819047619047619,2.0095238095238095,105
2020-04-08T08:45:00Z,9,7.014705882352941,7.007352941176471,6.963235294117647,5.110294117647059,5.926470588235294,0.9705882352941176,136
2020-04-08T08:45:00Z,11,5.947826086956522,9.060869565217391,4.895652173913043,4.060869565217391,4.991304347826087,3.121739130434783,115
2020-04-08T08:45:00Z,12,3.0606060606060606,5.909090909090909,3.727272727272727,NA,2.757575757575758,5.03030303030303,33
2020-04-08T08:45:00Z,13,3.5,3.9285714285714284,3.642857142857143,0,3.857142857142857,1.6428571428571428,14
2020-04-08T08:45:00Z,14,6.013888888888889,7.078703703703703,6.99537037037037,7.25,4.944444444444445,3.9305555555555554,216
2020-04-08T08:45:00Z,15,2.972972972972973,3.2027027027027026,2.918918918918919,NA,2.2162162162162162,3.1216216216216215,74
2020-04-08T08:45:00Z,16,3.4482758620689653,3.310344827586207,3.413793103448276,3.413793103448276,2.6206896551724137,1.0344827586206897,29
2020-04-08T08:45:00Z,17,0.96,7.16,6.08,NA,3.4,2.12,25
2020-04-08T08:45:00Z,18,3.1188811188811187,7.083916083916084,4.048951048951049,3.3333333333333335,5.111888111888112,4.006993006993007,143
2020-04-08T08:45:00Z,19,0.7894736842105263,2.210526315789474,2.0526315789473686,8,2.789473684210526,3.1052631578947367,19
2020-04-08T08:50:00Z,1,6.045454545454546,6.424242424242424,5.409090909090909,5.712121212121212,5.954545454545454,0.24242424242424243,66
2020-04-08T08:50:00Z,2,3.0632911392405062,4.050632911392405,4.949367088607595,4,1.1518987341772151,2.1772151898734178,79
2020-04-08T08:50:00Z,3,6.0190677966101696,7.951271186440678,5.997881355932203,6.997881355932203,5.023305084745763,6.004237288135593,472
2020-04-08T08:50:00Z,4,4,3.1481481481481484,3.3333333333333335,1,2,5.962962962962963,27
2020-04-08T08:50:00Z,5,3.875,6.166666666666667,4.125,1,2.9166666666666665,0.9583333333333334,24
2020-04-08T08:50:00Z,6,2.0638297872340425,1.9787234042553192,1.9361702127659575,2.276595744680851,1.9148936170212767,2.0638297872340425,47
2020-04-08T08:50:00Z,7,NA,7.75,5.75,NA,NA,4.5,4
2020-04-08T08:50:00Z,8,6.917355371900826,6.909090909090909,6.966942148760331,NA,5.0578512396694215,2,121
2020-04-08T08:50:00Z,9,7.031746031746032,6.944444444444445,7,5.023809523809524,5.976190476190476,1.007936507936508,126
2020-04-08T08:50:00Z,11,6.174311926605505,9.009174311926605,4.8807339449541285,3.8990825688073394,4.889908256880734,3.018348623853211,109
2020-04-08T08:50:00Z,12,3.1666666666666665,5.861111111111111,4.027777777777778,0,3,5,36
2020-04-08T08:50:00Z,13,4,4,3.9166666666666665,NA,3.4166666666666665,1.5,12
2020-04-08T08:50:00Z,14,6.0954773869346734,6.939698492462312,6.9798994974874375,NA,4.989949748743719,3.969849246231156,199
2020-04-08T08:50:00Z,15,2.956043956043956,2.89010989010989,3.0549450549450547,7.666666666666667,1.989010989010989,3.021978021978022,91
2020-04-08T08:50:00Z,16,3,3.1176470588235294,3.0588235294117645,3.2058823529411766,1.8529411764705883,1.3529411764705883,34
2020-04-08T08:50:00Z,17,0.775,6.9,6.025,10,2.875,2.15,40
2020-04-08T08:50:00Z,18,2.9517241379310346,7.068965517241379,3.924137931034483,4,4.9862068965517246,4.055172413793104,145
2020-04-08T08:50:00Z,19,1.125,2.03125,2.03125,2,2.90625,3.125,32
2020-04-08T08:55:00Z,1,6.672131147540983,7.360655737704918,5.524590163934426,5.983606557377049,6.721311475409836,0.21311475409836064,61
2020-04-08T08:55:00Z,2,2.92,4.1,5.08,10,1.11,1.96,100
2020-04-08T08:55:00Z,3,6.068181818181818,8.02892561983471,5.981404958677686,7.037190082644628,5.008264462809917,5.948347107438017,484
2020-04-08T08:55:00Z,4,4.041666666666667,3.0416666666666665,3.0833333333333335,7,2.0833333333333335,6.25,24
2020-04-08T08:55:00Z,5,4.103448275862069,5.931034482758621,3.8620689655172415,1.1379310344827587,3.2758620689655173,1.2413793103448276,29
2020-04-08T08:55:00Z,6,1.9142857142857144,2.142857142857143,1.9714285714285715,1.9428571428571428,1.9714285714285715,1.9714285714285715,35
2020-04-08T08:55:00Z,7,NA,9,6.333333333333333,NA,NA,4.666666666666667,3
2020-04-08T08:55:00Z,8,7.029411764705882,6.992647058823529,7.051470588235294,6.5,5.0661764705882355,1.8897058823529411,136
2020-04-08T08:55:00Z,9,7.0256410256410255,6.965811965811966,6.871794871794871,5.153846153846154,5.880341880341881,0.9658119658119658,117
2020-04-08T08:55:00Z,11,5.974137931034483,9,4.887931034482759,4.017241379310345,5.120689655172414,3.0689655172413794,116
2020-04-08T08:55:00Z,12,3,5.757575757575758,3.9393939393939394,NA,3.0303030303030303,4.9393939393939394,33
2020-04-08T08:55:00Z,13,3.9444444444444446,3.611111111111111,3.888888888888889,6,3.611111111111111,1.4444444444444444,18
2020-04-08T08:55:00Z,14,6.042328042328043,7,6.973544973544974,4,4.978835978835979,4.052910052910053,189
2020-04-08T08:55:00Z,15,3.0121951219512195,3.097560975609756,2.9634146341463414,5,2,2.8902439024390243,82
2020-04-08T08:55:00Z,16,3.4571428571428573,3.342857142857143,3.5714285714285716,3.4,2.6285714285714286,0.8857142857142857,35
2020-04-08T08:55:00Z,17,1.0238095238095237,6.833333333333333,6.0476190476190474,4.5,3.0714285714285716,1.7619047619047619,42
2020-04-08T08:55:00Z,18,2.9583333333333335,7.15,4.05,3.6,5.05,3.933333333333333,120
2020-04-08T08:55:00Z,19,1.2380952380952381,2.142857142857143,1.9523809523809523,NA,3.3333333333333335,2.238095238095238,21
2020-04-08T09:00:00Z,1,6.064516129032258,6.645161290322581,5.354838709677419,5.870967741935484,6.145161290322581,0.2903225806451613,62
2020-04-08T09:00:00Z,2,3.047169811320755,4.0754716981132075,4.971698113207547,4.666666666666667,1.2547169811320755,2.188679245283019,106
2020-04-08T09:00:00Z,3,5.9655172413793105,8.004597701149425,6.045977011494253,7.004597701149425,5.022988505747127,6.0183908045977015,435
2020-04-08T09:00:00Z,4,4.8,3.325,3.525,NA,2.6,4.725,40
2020-04-08T09:00:00Z,5,3.8333333333333335,6.166666666666667,4.111111111111111,0.8611111111111112,3.1666666666666665,1.0833333333333333,36
2020-04-08T09:00:00Z,6,2.073170731707317,2.024390243902439,1.8780487804878048,2.024390243902439,1.951219512195122,1.951219512195122,41
2020-04-08T09:00:00Z,7,NA,8.6,6,NA,NA,5.2,5
2020-04-08T09:00:00Z,8,7.007246376811594,7.050724637681159,7.0144927536231885,8,4.891304347826087,2,138
2020-04-08T09:00:00Z,9,6.89908256880734,7.018348623853211,6.981651376146789,5.018348623853211,5.963302752293578,1.0458715596330275,109
2020-04-08T09:00:00Z,11,6.018867924528302,8.849056603773585,5.084905660377358,4.0754716981132075,4.89622641509434,3.1037735849056602,106
2020-04-08T09:00:00Z,12,3,5.8604651162790695,4,NA,2.9069767441860463,4.930232558139535,43
2020-04-08T09:00:00Z,13,3.727272727272727,3.4545454545454546,3.909090909090909,NA,3.5454545454545454,1.5454545454545454,11
2020-04-08T09:00:00Z,14,6.020408163265306,6.98469387755102,6.964285714285714,9,5.030612244897959,4.096938775510204,196
2020-04-08T09:00:00Z,15,2.911111111111111,3.022222222222222,2.911111111111111,7,2.033333333333333,2.888888888888889,90
2020-04-08T09:00:00Z,16,3.6551724137931036,3.689655172413793,3.5172413793103448,3.586206896551724,2.7586206896551726,0.8620689655172413,29
2020-04-08T09:00:00Z,17,1,7.033333333333333,5.733333333333333,NA,2.8,2.2666666666666666,30
2020-04-08T09:00:00Z,18,2.908333333333333,7.058333333333334,4.116666666666666,4,5.075,4.083333333333333,120
2020-04-08T09:00:00Z,19,1.5384615384615385,2.0384615384615383,2.5,NA,3.269230769230769,2.6538461538461537,26
2020-04-08T09:05:00Z,1,5.255813953488372,5.6976744186046515,5.023255813953488,5.325581395348837,5.558139534883721,0.4418604651162791,43
2020-04-08T09:05:00Z,2,2.943820224719101,4.089887640449438,5.044943820224719,10,0.9550561797752809,2.101123595505618,89
2020-04-08T09:05:00Z,3,6.0592255125284735,8.015945330296127,5.979498861047836,7.011389521640091,5.020501138952164,5.924829157175399,439
2020-04-08T09:05:00Z,4,4.883720930232558,3.7906976744186047,3.7674418604651163,9,2.86046511627907,4.744186046511628,43
2020-04-08T09:05:00Z,5,4.214285714285714,6.142857142857143,3.8214285714285716,0.8928571428571429,3,0.8214285714285714,28
2020-04-08T09:05:00Z,6,1.736842105263158,2.236842105263158,1.9736842105263157,2.0789473684210527,2.236842105263158,1.9210526315789473,38
2020-04-08T09:05:00Z,7,NA,8.75,6.25,NA,NA,4.75,4
2020-04-08T09:05:00Z,8,6.905882352941177,7.041176470588235,6.982352941176471,5.75,4.9941176470588236,1.9705882352941178,170
2020-04-08T09:05:00Z,9,6.884955752212389,7.035398230088496,7.008849557522124,5.035398230088496,5.95575221238938,1.0353982300884956,113
2020-04-08T09:05:00Z,11,6.212765957446808,9.02127659574468,4.9787234042553195,4.085106382978723,5.031914893617022,3.0531914893617023,94
2020-04-08T09:05:00Z,12,3,5.955555555555556,4.044444444444444,NA,2.7777777777777777,5.111111111111111,45
2020-04-08T09:05:00Z,13,3.473684210526316,3.3684210526315788,3.526315789473684,NA,3.6315789473684212,1.8421052631578947,19
2020-04-08T09:05:00Z,14,5.953846153846154,6.8820512820512825,6.933333333333334,4.25,5.030769230769231,3.958974358974359,195
2020-04-08T09:05:00Z,15,2.950617283950617,2.925925925925926,3.074074074074074,NA,1.9135802469135803,2.9876543209876543,81
2020-04-08T09:05:00Z,16,3.1724137931034484,3.5172413793103448,3.310344827586207,3.103448275862069,2.413793103448276,1.0689655172413792,29
2020-04-08T09:05:00Z,17,1.119047619047619,7,6,9,2.880952380952381,2,42
2020-04-08T09:05:00Z,18,2.9761904761904763,7.015873015873016,4.063492063492063,NA,4.984126984126984,3.9603174603174605,126
2020-04-08T09:05:00Z,19,0.5454545454545454,2,2.1818181818181817,NA,2.727272727272727,2.909090909090909,11
2020-04-08T09:10:00Z,1,6.192982456140351,6.543859649122807,5.614035087719298,5.684210526315789,6.315789473684211,0.3508771929824561,57
2020-04-08T09:10:00Z,2,3.077777777777778,3.988888888888889,4.888888888888889,6.5,1.0333333333333334,1.9666666666666666,90
2020-04-08T09:10:00Z,3,5.9926108374384235,7.931034482758621,6.014778325123153,7.036945812807882,4.990147783251231,6.068965517241379,406
2020-04-08T09:10:00Z,4,4.703703703703703,3.6666666666666665,3.888888888888889,1,3.0555555555555554,4.722222222222222,54
2020-04-08T09:10:00Z,5,3.7142857142857144,6.085714285714285,4.114285714285714,0.8857142857142857,3.1714285714285713,0.6857142857142857,35
2020-04-08T09:10:00Z,6,2.1666666666666665,2.138888888888889,2.361111111111111,1.9166666666666667,1.8055555555555556,2.2222222222222223,36
2020-04-08T09:10:00Z,7,NA,8,6.333333333333333,NA,7,4.666666666666667,3
2020-04-08T09:10:00Z,8,6.993421052631579,7,6.934210526315789,9,5.072368421052632,1.9342105263157894,152
2020-04-08T09:10:00Z,9,6.926229508196721,6.844262295081967,6.852459016393443,5.163934426229508,5.934426229508197,0.9344262295081968,122
2020-04-08T09:10:00Z,11,6.021739130434782,8.902173913043478,5.032608695652174,3.9782608695652173,4.989130434782608,2.880434782608696,92
2020-04-08T09:10:00Z,12,3.076923076923077,6.0256410256410255,4.076923076923077,0,2.9743589743589745,5,39
2020-04-08T09:10:00Z,13,3.875,3.6875,3.75,NA,4.0625,1.375,16
2020-04-08T09:10:00Z,14,6.08994708994709,6.915343915343915,7.005291005291006,3.5,5.079365079365079,4.079365079365079,189
2020-04-08T09:10:00Z,15,2.7346938775510203,2.989795918367347,2.8469387755102042,NA,2.0408163265306123,3.0816326530612246,98
2020-04-08T09:10:00Z,16,3.9393939393939394,3.878787878787879,3.9696969696969697,4.03030303030303,2.9393939393939394,0.6666666666666666,33
2020-04-08T09:10:00Z,17,0.9705882352941176,7.029411764705882,6.029411764705882,NA,3.0588235294117645,2.264705882352941,34
2020-04-08T09:10:00Z,18,2.9846153846153847,6.907692307692308,3.9692307692307693,7,5.046153846153846,3.923076923076923,130
2020-04-08T09:10:00Z,19,1.2857142857142858,2.238095238095238,2.0476190476190474,NA,2.761904761904762,2.7142857142857144,21
2020-04-08T09:15:00Z,1,6.153846153846154,6.410256410256411,5.512820512820513,5.794871794871795,6.153846153846154,0.3076923076923077,39
2020-04-08T09:15:00Z,2,3.032258064516129,4.048387096774194,4.975806451612903,0,0.9516129032258065,2.0080645161290325,124
2020-04-08T09:15:00Z,3,6.413394919168591,8.286374133949192,6.3764434180138565,7.3325635103926095,5.348729792147806,5.297921478060046,433
2020-04-08T09:15:00Z,4,4.961538461538462,4.115384615384615,3.9423076923076925,6.5,3.230769230769231,4.403846153846154,52
2020-04-08T09:15:00Z,5,4.033333333333333,5.766666666666667,4.166666666666667,1.1,3,0.9666666666666667,30
2020-04-08T09:15:00Z,6,2.1666666666666665,1.6666666666666667,2.4583333333333335,2.375,1.9583333333333333,1.9583333333333333,24
2020-04-08T09:15:00Z,7,NA,8.4,6.4,NA,NA,4.8,5
2020-04-08T09:15:00Z,8,6.987804878048781,6.914634146341464,6.920731707317073,6,5.091463414634147,1.9268292682926829,164
2020-04-08T09:15:00Z,9,6.961904761904762,6.885714285714286,6.895238095238096,5.066666666666666,6,1.161904761904762,105
2020-04-08T09:15:00Z,11,6.074074074074074,8.842592592592593,5.101851851851852,4,5,3.0185185185185186,108
2020-04-08T09:15:00Z,12,2.7906976744186047,5.976744186046512,4.069767441860465,2,2.697674418604651,4.790697674418604,43
2020-04-08T09:15:00Z,13,3.769230769230769,3.3076923076923075,4.076923076923077,NA,4.230769230769231,1.2307692307692308,13
2020-04-08T09:15:00Z,14,6.005847953216374,6.906432748538012,7.011695906432749,2.6,5.035087719298246,4,171
2020-04-08T09:15:00Z,15,2.948717948717949,3.08974358974359,3.1923076923076925,5,1.8717948717948718,3.0641025641025643,78
2020-04-08T09:15:00Z,16,4.041666666666667,4.208333333333333,4.291666666666667,3.9583333333333335,3.1666666666666665,0.5833333333333334,24
2020-04-08T09:15:00Z,17,1.2790697674418605,6.883720930232558,5.72093023255814,5.5,3.046511627906977,1.7674418604651163,43
2020-04-08T09:15:00Z,18,3.063063063063063,7.027027027027027,3.828828828828829,1,4.972972972972973,3.9279279279279278,111
2020-04-08T09:15:00Z,19,1,1.75,2.1875,NA,3.0625,3.4375,16
2020-04-08T09:20:00Z,1,5.7560975609756095,6.024390243902439,5.146341463414634,5.682926829268292,6,0.4146341463414634,41
2020-04-08T09:20:00Z,2,3.020408163265306,3.9489795918367347,5.204081632653061,6.333333333333333,0.9897959183673469,1.969387755102041,98
2020-04-08T09:20:00Z,4,4.809523809523809,3.880952380952381,3.8333333333333335,NA,2.761904761904762,4.833333333333333,42
2020-04-08T09:20:00Z,5,3.793103448275862,5.931034482758621,3.8620689655172415,0.9655172413793104,3.310344827586207,1.1379310344827587,29
2020-04-08T09:20:00Z,6,1.8709677419354838,2,1.903225806451613,2.2580645161290325,2.064516129032258,1.8064516129032258,31
2020-04-08T09:20:00Z,7,7,8,5.714285714285714,NA,NA,5.285714285714286,7
2020-04-08T09:20:00Z,8,7.01063829787234,6.9787234042553195,7.031914893617022,8,5.0638297872340425,2.0106382978723403,188
2020-04-08T09:20:00Z,9,7.023255813953488,7.069767441860465,6.895348837209302,5.058139534883721,6.011627906976744,0.9534883720930233,86
2020-04-08T09:20:00Z,11,6,9.027027027027026,5,3.9324324324324325,5.094594594594595,3.0405405405405403,74
2020-04-08T09:20:00Z,12,3.0961538461538463,5.8076923076923075,4,4,2.9423076923076925,5.096153846153846,52
2020-04-08T09:20:00Z,13,4,3.933333333333333,3.8666666666666667,NA,4,1.6666666666666667,15
2020-04-08T09:20:00Z,14,6.034246575342466,7.082191780821918,7.0479452054794525,7,5.027397260273973,3.993150684931507,146
2020-04-08T09:20:00Z,15,3.0256410256410255,3.217948717948718,3.2435897435897436,6,2.0384615384615383,3,78
2020-04-08T09:20:00Z,16,3.0344827586206895,3.3448275862068964,3.206896551724138,3.103448275862069,2.0344827586206895,1.0344827586206897,29
2020-04-08T09:20:00Z,17,1.2564102564102564,6.9743589743589745,5.897435897435898,NA,2.923076923076923,2.051282051282051,39
2020-04-08T09:20:00Z,18,3.149532710280374,7.158878504672897,4,2,4.94392523364486,4.02803738317757,107
2020-04-08T09:20:00Z,19,1,1.8125,1.9375,NA,3.0625,2.9375,16
2020-04-08T09:25:00Z,1,4.675,4.575,4.825,4.8,4.725,0.425,40
2020-04-08T09:25:00Z,2,2.9747899159663866,3.9411764705882355,5.151260504201681,7,1.1428571428571428,1.949579831932773,119
2020-04-08T09:25:00Z,4,5.0625,4.09375,3.921875,NA,3.015625,4.4375,64
2020-04-08T09:25:00Z,5,3.9166666666666665,6.055555555555555,4.111111111111111,1.25,3.138888888888889,0.6944444444444444,36
2020-04-08T09:25:00Z,6,2.3214285714285716,1.8928571428571428,2.4642857142857144,2.5714285714285716,2.2857142857142856,1.75,28
2020-04-08T09:25:00Z,7,NA,8,5.6923076923076925,NA,NA,4.923076923076923,13
2020-04-08T09:25:00Z,8,7.111111111111111,6.993055555555555,6.916666666666667,3.5,5.006944444444445,1.9722222222222223,144
2020-04-08T09:25:00Z,9,7.092783505154639,7.030927835051546,7.051546391752577,5.051546391752577,5.948453608247423,0.9896907216494846,97
2020-04-08T09:25:00Z,11,6.035294117647059,9.08235294117647,5.070588235294117,3.976470588235294,4.91764705882353,3.0352941176470587,85
2020-04-08T09:25:00Z,12,3.0217391304347827,5.934782608695652,4.1521739130434785,8,3.0434782608695654,4.956521739130435,46
2020-04-08T09:25:00Z,13,3.388888888888889,3.2777777777777777,3.2777777777777777,NA,3.388888888888889,2.1666666666666665,18
2020-04-08T09:25:00Z,14,5.944055944055944,6.972027972027972,6.916083916083916,8,5.06993006993007,3.972027972027972,143
2020-04-08T09:25:00Z,15,3.0821917808219177,2.9863013698630136,2.8904109589041096,3,2.136986301369863,3.0273972602739727,73
2020-04-08T09:25:00Z,16,3.433333333333333,3.566666666666667,3,3.533333333333333,2.4,1.2333333333333334,30
2020-04-08T09:25:00Z,17,1,7,6.157894736842105,NA,3,2.1578947368421053,38
2020-04-08T09:25:00Z,18,2.9887640449438204,7.146067415730337,4.033707865168539,8.5,4.910112359550562,3.9101123595505616,89
2020-04-08T09:25:00Z,19,1.6363636363636365,2.090909090909091,2.272727272727273,9,3.1818181818181817,2.909090909090909,11
2020-04-08T09:30:00Z,1,6.344827586206897,6.931034482758621,5.482758620689655,6,6.379310344827586,0.1724137931034483,29
2020-04-08T09:30:00Z,2,2.96875,3.9375,4.916666666666667,10,1,1.9895833333333333,96
2020-04-08T09:30:00Z,4,4.5777777777777775,3.6444444444444444,3.6222222222222222,7,2.6444444444444444,5.022222222222222,45
2020-04-08T09:30:00Z,5,3.68,6.12,3.88,0.92,3.28,0.84,25
2020-04-08T09:30:00Z,6,2.1363636363636362,2.1818181818181817,2.1818181818181817,2.1818181818181817,1.9545454545454546,1.9545454545454546,22
2020-04-08T09:30:00Z,7,10,7.666666666666667,6,NA,8,5,6
2020-04-08T09:30:00Z,8,6.961111111111111,6.855555555555555,7.111111111111111,4.333333333333333,5.033333333333333,1.9388888888888889,180
2020-04-08T09:30:00Z,9,6.880597014925373,6.925373134328358,6.880597014925373,4.850746268656716,5.880597014925373,0.9701492537313433,67
2020-04-08T09:30:00Z,12,3,6.071428571428571,3.9285714285714284,7.5,2.8214285714285716,5.053571428571429,56
2020-04-08T09:30:00Z,13,3.764705882352941,3.823529411764706,3.6470588235294117,NA,3.8823529411764706,1.588235294117647,17
2020-04-08T09:30:00Z,14,6.080645161290323,7.056451612903226,6.991935483870968,0.5,5.104838709677419,3.967741935483871,124
2020-04-08T09:30:00Z,15,3.157142857142857,2.9285714285714284,2.9857142857142858,3,1.9428571428571428,3.0714285714285716,70
2020-04-08T09:30:00Z,16,3.2962962962962963,3.111111111111111,3.111111111111111,3.037037037037037,1.7777777777777777,1.1851851851851851,27
2020-04-08T09:30:00Z,17,1.1111111111111112,7.222222222222222,5.972222222222222,NA,2.861111111111111,1.7777777777777777,36
2020-04-08T09:30:00Z,18,2.9574468085106385,7.085106382978723,4.117021276595745,6,5.0212765957446805,3.978723404255319,94
2020-04-08T09:30:00Z,19,1,1.9545454545454546,2.0454545454545454,NA,2.909090909090909,2.9545454545454546,22
2020-04-08T09:35:00Z,1,5.7894736842105265,5.684210526315789,5.342105263157895,5.184210526315789,5.552631578947368,0.42105263157894735,38
2020-04-08T09:35:00Z,2,3.03125,4.114583333333333,5.083333333333333,3,1.0104166666666667,1.9479166666666667,96
2020-04-08T09:35:00Z,4,4.763636363636364,3.890909090909091,3.963636363636364,8,2.7818181818181817,4.836363636363636,55
2020-04-08T09:35:00Z,5,4,6.357142857142857,4.142857142857143,1.1785714285714286,3.142857142857143,0.9285714285714286,28
2020-04-08T09:35:00Z,6,2.1724137931034484,2.0344827586206895,2.413793103448276,1.896551724137931,2.206896551724138,1.7241379310344827,29
2020-04-08T09:35:00Z,7,NA,7.4,6,NA,NA,5,5
2020-04-08T09:35:00Z,8,7.048780487804878,6.975609756097561,6.926829268292683,6,4.878048780487805,2.0548780487804876,164
2020-04-08T09:35:00Z,9,7.123595505617978,7.112359550561798,6.98876404494382,5.033707865168539,6.101123595505618,0.9325842696629213,89
2020-04-08T09:35:00Z,12,3,5.96875,3.875,4,2.875,5.0625,32
2020-04-08T09:35:00Z,13,4.25,3.9166666666666665,3.5,4,3.75,1.75,12
2020-04-08T09:35:00Z,14,5.887096774193548,7.024193548387097,7.040322580645161,0,5.120967741935484,4.153225806451613,124
2020-04-08T09:35:00Z,15,3.1129032258064515,3.0483870967741935,2.8225806451612905,NA,2.225806451612903,3.1451612903225805,62
2020-04-08T09:35:00Z,16,3.473684210526316,4.157894736842105,3.6315789473684212,3.789473684210526,2.6315789473684212,0.7368421052631579,19
2020-04-08T09:35:00Z,17,0.96,7.08,6.28,NA,2.8,1.6,25
2020-04-08T09:35:00Z,18,3.048076923076923,7,3.9326923076923075,4,5.0576923076923075,4.048076923076923,104
2020-04-08T09:35:00Z,19,1.125,2,1.9583333333333333,NA,3.2916666666666665,3,24
2020-04-08T09:40:00Z,1,5.8,6,5.114285714285714,5.542857142857143,5.685714285714286,0.42857142857142855,35
2020-04-08T09:40:00Z,2,3,4.119047619047619,4.988095238095238,6.5,0.9880952380952381,1.9166666666666667,84
2020-04-08T09:40:00Z,4,4.849056603773585,3.6792452830188678,3.641509433962264,4,2.7547169811320753,4.962264150943396,53
2020-04-08T09:40:00Z,5,4.2727272727272725,6.045454545454546,4.181818181818182,1.1363636363636365,2.8181818181818183,0.9545454545454546,22
2020-04-08T09:40:00Z,6,2.037037037037037,1.7407407407407407,1.8148148148148149,1.8148148148148149,2.111111111111111,2,27
2020-04-08T09:40:00Z,7,NA,8.5,7,NA,NA,5.5,2
2020-04-08T09:40:00Z,8,7.052980132450331,7.079470198675497,7.046357615894039,5,4.973509933774834,1.9735099337748345,151
2020-04-08T09:40:00Z,9,6.942528735632184,6.954022988505747,6.839080459770115,4.9655172413793105,5.988505747126437,0.9655172413793104,87
2020-04-08T09:40:00Z,12,3.061224489795918,6,3.7551020408163267,NA,3.0816326530612246,4.816326530612245,49
2020-04-08T09:40:00Z,13,3.111111111111111,3.4444444444444446,2.888888888888889,NA,3.2222222222222223,2.111111111111111,9
2020-04-08T09:40:00Z,14,5.946428571428571,6.9375,7.107142857142857,5,5.071428571428571,4.026785714285714,112
2020-04-08T09:40:00Z,15,3.123076923076923,3.0307692307692307,3.0615384615384613,10,2.2153846153846155,2.9846153846153847,65
2020-04-08T09:40:00Z,16,3.76,3.96,3.68,3.64,2.64,0.8,25
2020-04-08T09:40:00Z,17,0.9285714285714286,7,5.928571428571429,7,3,1.9642857142857142,28
2020-04-08T09:40:00Z,18,3.119565217391304,6.978260869565218,3.9456521739130435,1,4.956521739130435,4,92
2020-04-08T09:40:00Z,19,0.9375,2,1.8125,NA,2.8125,2.8125,16
2020-04-08T09:45:00Z,1,5.361111111111111,5.111111111111111,5.305555555555555,4.972222222222222,5.277777777777778,0.2777777777777778,36
2020-04-08T09:45:00Z,2,3.0454545454545454,4.011363636363637,5.1022727272727275,4,1.125,1.9431818181818181,88
2020-04-08T09:45:00Z,4,5,3.883720930232558,3.7674418604651163,NA,2.7674418604651163,4.767441860465116,43
2020-04-08T09:45:00Z,5,3.9375,6,3.9375,0.9375,2.9375,0.9375,16
2020-04-08T09:45:00Z,6,2.0588235294117645,1.8823529411764706,1.9411764705882353,1.8235294117647058,2.764705882352941,1.6470588235294117,17
2020-04-08T09:45:00Z,7,NA,7.5,6.333333333333333,NA,NA,5.333333333333333,6
2020-04-08T09:45:00Z,8,7.017857142857143,6.946428571428571,6.976190476190476,4,5.005952380952381,2,168
2020-04-08T09:45:00Z,9,6.886075949367089,7.151898734177215,7.063291139240507,5.139240506329114,6.113924050632911,1.0759493670886076,79
2020-04-08T09:45:00Z,12,2.870967741935484,6.032258064516129,4.161290322580645,NA,3.032258064516129,4.967741935483871,31
2020-04-08T09:45:00Z,13,3.272727272727273,3.272727272727273,3.5454545454545454,NA,3.1818181818181817,2.3636363636363638,11
2020-04-08T09:45:00Z,14,5.9,7,6.954545454545454,2.6666666666666665,4.9818181818181815,3.9272727272727272,110
2020-04-08T09:45:00Z,15,2.94,2.94,2.9,NA,2.08,3,50
2020-04-08T09:45:00Z,16,3.925925925925926,3.962962962962963,4.185185185185185,3.925925925925926,2.962962962962963,0.6296296296296297,27
2020-04-08T09:45:00Z,17,1.027027027027027,7.135135135135135,5.945945945945946,NA,2.8378378378378377,2.054054054054054,37
2020-04-08T09:45:00Z,18,3.077777777777778,7.022222222222222,3.9444444444444446,NA,4.944444444444445,3.8333333333333335,90
2020-04-08T09:45:00Z,19,1.625,2.125,2.25,NA,3.375,2.8125,16
2020-04-08T09:50:00Z,1,3.5925925925925926,3.8518518518518516,4.555555555555555,4.333333333333333,4.037037037037037,0.7777777777777778,27
2020-04-08T09:50:00Z,2,3.1839080459770117,4.068965517241379,4.977011494252873,3.5,1.1379310344827587,2.0919540229885056,87
2020-04-08T09:50:00Z,4,4.878048780487805,4.097560975609756,3.7804878048780486,NA,3.1463414634146343,4.2926829268292686,41
2020-04-08T09:50:00Z,5,3.6956521739130435,5.913043478260869,3.869565217391304,1.2608695652173914,3.0869565217391304,1.0434782608695652,23
2020-04-08T09:50:00Z,6,2,2.1578947368421053,2.4210526315789473,2.473684210526316,2.1052631578947367,1.9473684210526316,19
2020-04-08T09:50:00Z,7,NA,8.25,5.5,NA,NA,5,4
2020-04-08T09:50:00Z,8,6.9753086419753085,6.925925925925926,7.012345679012346,4.5,5,1.9259259259259258,162
2020-04-08T09:50:00Z,9,7.011764705882353,6.964705882352941,7,5.1647058823529415,5.976470588235294,0.9411764705882353,85
2020-04-08T09:50:00Z,12,2.96875,6.03125,3.96875,7,3.125,5.15625,32
2020-04-08T09:50:00Z,13,3.5,3.7142857142857144,3.5,NA,3.357142857142857,2.142857142857143,14
2020-04-08T09:50:00Z,14,6.137614678899083,7.018348623853211,7.018348623853211,NA,4.889908256880734,4.073394495412844,109
2020-04-08T09:50:00Z,15,3.1333333333333333,2.966666666666667,3.0833333333333335,4.5,2.0833333333333335,2.8666666666666667,60
2020-04-08T09:50:00Z,16,4.172413793103448,4,4.206896551724138,4.206896551724138,3.2758620689655173,0.6206896551724138,29
2020-04-08T09:50:00Z,17,0.8695652173913043,7.043478260869565,5.6521739130434785,7,3.260869565217391,2.217391304347826,23
2020-04-08T09:50:00Z,18,2.9651162790697674,6.895348837209302,3.953488372093023,NA,5.046511627906977,3.941860465116279,86
2020-04-08T09:50:00Z,19,1.3076923076923077,2.230769230769231,1.8461538461538463,NA,3.3846153846153846,2.8461538461538463,13
2020-04-08T09:55:00Z,1,5.212121212121212,5.333333333333333,5.121212121212121,5.303030303030303,5.424242424242424,0.5757575757575758,33
2020-04-08T09:55:00Z,2,3.0833333333333335,3.9791666666666665,5.104166666666667,NA,1,2.0833333333333335,48
2020-04-08T09:55:00Z,4,5.068181818181818,4.090909090909091,4.045454545454546,10,3.0454545454545454,4.5227272727272725,44
2020-04-08T09:55:00Z,5,4.052631578947368,5.842105263157895,4.2631578947368425,0.9473684210526315,3.1052631578947367,0.8947368421052632,19
2020-04-08T09:55:00Z,6,2.4285714285714284,2.2857142857142856,1.9047619047619047,2.619047619047619,2.238095238095238,1.7619047619047619,21
2020-04-08T09:55:00Z,7,NA,7,6,NA,NA,5,1
2020-04-08T09:55:00Z,8,6.913907284768212,6.947019867549669,6.933774834437086,5,4.880794701986755,2,151
2020-04-08T09:55:00Z,9,6.948717948717949,6.897435897435898,6.858974358974359,5.038461538461538,6.141025641025641,0.8974358974358975,78
2020-04-08T09:55:00Z,12,2.891891891891892,6.108108108108108,4.027027027027027,NA,2.810810810810811,5.027027027027027,37
2020-04-08T09:55:00Z,13,3.9444444444444446,4,4,4.5,4,1.1111111111111112,18
2020-04-08T09:55:00Z,14,6.145833333333333,7.041666666666667,6.979166666666667,7,4.958333333333333,4.0625,96
2020-04-08T09:55:00Z,15,3.14,3.08,3.22,NA,1.86,2.76,50
2020-04-08T09:55:00Z,16,4.142857142857143,4.142857142857143,4.142857142857143,4.428571428571429,3.142857142857143,0.47619047619047616,21
2020-04-08T09:55:00Z,17,1,7.0285714285714285,6.142857142857143,NA,3.142857142857143,2.142857142857143,35
2020-04-08T09:55:00Z,18,3.111111111111111,6.888888888888889,3.9382716049382718,7,4.802469135802469,4.0246913580246915,81
2020-04-08T09:55:00Z,19,1.5555555555555556,2.2222222222222223,2.5555555555555554,NA,2.6666666666666665,2.7777777777777777,9
2020-04-08T10:00:00Z,1,5,4.884615384615385,5,5.076923076923077,5,0.5384615384615384,26
2020-04-08T10:00:00Z,2,3.011627906976744,3.941860465116279,5,7,1,2.0348837209302326,86
2020-04-08T10:00:00Z,4,5,3.891304347826087,3.9347826086956523,NA,2.869565217391304,4.6521739130434785,46
2020-04-08T10:00:00Z,5,3.9285714285714284,6,3.857142857142857,0.9285714285714286,3.2142857142857144,0.9285714285714286,14
2020-04-08T10:00:00Z,6,2.25,1.85,1.8,2.25,2.05,2.2,20
2020-04-08T10:00:00Z,7,NA,8,6,NA,NA,4.75,4
2020-04-08T10:00:00Z,8,6.956204379562044,6.897810218978102,6.883211678832117,5.8,4.9489051094890515,1.9343065693430657,137
2020-04-08T10:00:00Z,9,6.917808219178082,6.904109589041096,6.904109589041096,5.027397260273973,6.109589041095891,0.9315068493150684,73
2020-04-08T10:00:00Z,12,2.9210526315789473,5.921052631578948,3.8684210526315788,NA,3,5.078947368421052,38
2020-04-08T10:00:00Z,13,3.736842105263158,3.473684210526316,3.4210526315789473,5,3.263157894736842,1.7894736842105263,19
2020-04-08T10:00:00Z,14,6.149425287356322,7.080459770114943,6.919540229885057,NA,5.057471264367816,4.057471264367816,87
2020-04-08T10:00:00Z,15,3.2222222222222223,3.2,3.2444444444444445,NA,2.1777777777777776,2.8666666666666667,45
2020-04-08T10:00:00Z,16,4.1875,4.0625,4,4,2.8125,0.6875,16
2020-04-08T10:00:00Z,17,1.3333333333333333,7,6.142857142857143,NA,3.0952380952380953,2.1904761904761907,21
2020-04-08T10:00:00Z,18,3.08955223880597,6.955223880597015,3.8358208955223883,4,4.7611940298507465,4.134328358208955,67
2020-04-08T10:00:00Z,19,1.1764705882352942,2,2.235294117647059,NA,2.823529411764706,3,17
2020-04-08T10:05:00Z,1,5.514285714285714,5.9714285714285715,5.257142857142857,5.485714285714286,5.457142857142857,0.37142857142857144,35
2020-04-08T10:05:00Z,2,2.9855072463768115,4.217391304347826,5.115942028985507,6.5,0.9565217391304348,2.1594202898550723,69
2020-04-08T10:05:00Z,4,4.630434782608695,3.608695652173913,3.5434782608695654,1.5,2.847826086956522,4.760869565217392,46
2020-04-08T10:05:00Z,5,3.7857142857142856,6.142857142857143,4.142857142857143,1.1428571428571428,2.642857142857143,1,14
2020-04-08T10:05:00Z,6,2.3684210526315788,1.736842105263158,2.0526315789473686,1.9473684210526316,2.210526315789474,1.894736842105263,19
2020-04-08T10:05:00Z,7,NA,7.8,6.2,NA,NA,5,5
2020-04-08T10:05:00Z,8,7.086021505376344,7.134408602150538,7.204301075268817,8.5,5.134408602150538,2.032258064516129,186
2020-04-08T10:05:00Z,9,6.972222222222222,6.888888888888889,6.944444444444445,5.069444444444445,5.944444444444445,1.0555555555555556,72
2020-04-08T10:05:00Z,12,3.0833333333333335,6.041666666666667,4.020833333333333,4,3.2916666666666665,4.854166666666667,48
2020-04-08T10:05:00Z,13,3.4444444444444446,3.4444444444444446,3.6666666666666665,NA,3.5555555555555554,1.4444444444444444,9
2020-04-08T10:05:00Z,14,5.923076923076923,7.087912087912088,7.065934065934066,5.5,5.021978021978022,3.901098901098901,91
2020-04-08T10:05:00Z,15,3.15,2.825,3.025,NA,2.2,2.875,40
2020-04-08T10:05:00Z,16,4.3125,4.25,4.1875,4.375,3.1875,0.5,16
2020-04-08T10:05:00Z,17,0.9545454545454546,6.909090909090909,6,NA,3.1363636363636362,2,22
2020-04-08T10:05:00Z,18,2.9411764705882355,6.894117647058824,3.988235294117647,4,4.9411764705882355,4.011764705882353,85
2020-04-08T10:05:00Z,19,1.0833333333333333,2,1.5833333333333333,NA,3.1666666666666665,2.9166666666666665,12
2020-04-08T10:10:00Z,1,5.153846153846154,4.6923076923076925,4.923076923076923,5.038461538461538,5.115384615384615,0.5384615384615384,26
2020-04-08T10:10:00Z,2,2.955223880597015,4.104477611940299,5.044776119402985,3,1.0895522388059702,1.7761194029850746,67
2020-04-08T10:10:00Z,4,4.8108108108108105,3.675675675675676,3.4864864864864864,NA,2.810810810810811,4.5675675675675675,37
2020-04-08T10:10:00Z,5,4.125,6.1875,4.1875,0.9375,3.0625,1.125,16
2020-04-08T10:10:00Z,6,2,2.0526315789473686,1.8421052631578947,1.894736842105263,2.1578947368421053,1.7894736842105263,19
2020-04-08T10:10:00Z,7,NA,7.666666666666667,6,NA,NA,5,3
2020-04-08T10:10:00Z,8,7.325123152709359,7.472906403940887,7.354679802955665,9.5,5.344827586206897,1.935960591133005,203
2020-04-08T10:10:00Z,9,7.0508474576271185,7.067796610169491,7.169491525423729,5,5.898305084745763,0.8983050847457628,59
2020-04-08T10:10:00Z,12,3.196078431372549,5.980392156862745,3.9607843137254903,NA,2.9019607843137254,5.137254901960785,51
2020-04-08T10:10:00Z,13,3.5,3.6666666666666665,3.75,4,3.6666666666666665,1.6666666666666667,12
2020-04-08T10:10:00Z,14,5.8604651162790695,7.011627906976744,7.151162790697675,2,5,3.872093023255814,86
2020-04-08T10:10:00Z,15,2.8979591836734695,3.0408163265306123,2.979591836734694,10,2.020408163265306,3.122448979591837,49
2020-04-08T10:10:00Z,16,4.111111111111111,4.222222222222222,4.055555555555555,4,2.7222222222222223,0.5,18
2020-04-08T10:10:00Z,17,1.125,7,6.041666666666667,NA,2.8333333333333335,2.25,24
2020-04-08T10:10:00Z,18,3.1285714285714286,7.171428571428572,4.042857142857143,9,4.957142857142857,4.171428571428572,70
2020-04-08T10:10:00Z,19,2.090909090909091,2.909090909090909,2.4545454545454546,NA,3.3636363636363638,2.8181818181818183,11
2020-04-08T10:15:00Z,1,4.714285714285714,4.476190476190476,4.666666666666667,4.238095238095238,4.619047619047619,0.6666666666666666,21
2020-04-08T10:15:00Z,2,2.9482758620689653,4.224137931034483,5.206896551724138,NA,1,1.8103448275862069,58
2020-04-08T10:15:00Z,4,4.90625,4.15625,3.984375,NA,2.921875,4.390625,64
2020-04-08T10:15:00Z,5,3.7083333333333335,5.833333333333333,3.875,1,2.6666666666666665,0.7916666666666666,24
2020-04-08T10:15:00Z,6,2.090909090909091,1.7272727272727273,1.9090909090909092,2,2,2.3636363636363638,11
2020-04-08T10:15:00Z,7,NA,8,5.5,NA,NA,5,4
2020-04-08T10:15:00Z,8,7.407563025210084,7.369747899159663,7.390756302521009,NA,5.453781512605042,2.0252100840336134,238
2020-04-08T10:15:00Z,9,6.971830985915493,7.014084507042254,6.971830985915493,5,6.267605633802817,0.9859154929577465,71
2020-04-08T10:15:00Z,12,3.13953488372093,6.1395348837209305,3.9069767441860463,5.666666666666667,2.953488372093023,4.837209302325581,43
2020-04-08T10:15:00Z,13,3.375,3.25,3.5,NA,3.375,1.625,8
2020-04-08T10:15:00Z,14,6.176470588235294,7,6.970588235294118,NA,4.9411764705882355,4,68
2020-04-08T10:15:00Z,15,3.2222222222222223,3.1944444444444446,3.111111111111111,5.5,2.2222222222222223,2.638888888888889,36
2020-04-08T10:15:00Z,16,4.6,4.6,5.3,4.4,3.1,0.5,10
2020-04-08T10:15:00Z,17,0.8333333333333334,6.833333333333333,5.833333333333333,NA,2.875,2.0833333333333335,24
2020-04-08T10:15:00Z,18,2.933333333333333,7.083333333333333,3.9166666666666665,8,4.883333333333334,3.8666666666666667,60
2020-04-08T10:15:00Z,19,0.7272727272727273,1.7272727272727273,1.8181818181818181,NA,3,2.6363636363636362,11
2020-04-08T10:20:00Z,1,1.5,1.1666666666666667,4.166666666666667,2.8333333333333335,2.3333333333333335,0.3333333333333333,6
2020-04-08T10:20:00Z,2,2.9210526315789473,3.763157894736842,4.842105263157895,NA,1.0789473684210527,1.736842105263158,76
2020-04-08T10:20:00Z,4,4.916666666666667,3.9583333333333335,4.1875,7,2.9166666666666665,4.208333333333333,48
2020-04-08T10:20:00Z,5,3.9130434782608696,5.869565217391305,4.086956521739131,1.0869565217391304,3.0434782608695654,0.9130434782608695,23
2020-04-08T10:20:00Z,6,1.9,2.1,2,1.85,2.05,1.45,20
2020-04-08T10:20:00Z,7,NA,8.5,5.5,NA,NA,5.5,2
2020-04-08T10:20:00Z,8,7.4,7.332,7.34,2.6,5.316,1.896,250
2020-04-08T10:20:00Z,9,7.046153846153846,6.892307692307693,7.061538461538461,5.2,6.138461538461539,0.7076923076923077,65
2020-04-08T10:20:00Z,12,3.1372549019607843,5.862745098039215,4.098039215686274,1,3,4.470588235294118,51
2020-04-08T10:20:00Z,13,2.3,2.3,2.1,NA,2.3,2.8,10
2020-04-08T10:20:00Z,14,6.0519480519480515,7.012987012987013,6.987012987012987,3,4.935064935064935,3.4805194805194803,77
2020-04-08T10:20:00Z,15,3.076923076923077,3.1538461538461537,2.980769230769231,3,2.2115384615384617,2.269230769230769,52
2020-04-08T10:20:00Z,16,3.896551724137931,4.448275862068965,4.068965517241379,3.8620689655172415,3.1724137931034484,0.4482758620689655,29
2020-04-08T10:20:00Z,17,1.0769230769230769,7.153846153846154,5.8076923076923075,NA,3.269230769230769,1.7307692307692308,26
2020-04-08T10:20:00Z,18,3.0533333333333332,7,4.026666666666666,10,5.053333333333334,3.6933333333333334,75
2020-04-08T10:20:00Z,19,1,2.5,2.5714285714285716,NA,3.4285714285714284,1.9285714285714286,14
2020-04-08T10:25:00Z,1,1.8,1.0666666666666667,3.7333333333333334,3.2666666666666666,2.3333333333333335,0.8,15
2020-04-08T10:25:00Z,2,3.074626865671642,4.014925373134329,5.044776119402985,NA,1.1343283582089552,1.537313432835821,67
2020-04-08T10:25:00Z,4,4.681818181818182,3.840909090909091,3.6136363636363638,NA,3.022727272727273,4.2727272727272725,44
2020-04-08T10:25:00Z,5,4.3076923076923075,6,3.8461538461538463,0.7692307692307693,3.1538461538461537,0.7692307692307693,13
2020-04-08T10:25:00Z,6,1.7391304347826086,1.7826086956521738,1.9565217391304348,1.9130434782608696,2.1739130434782608,1.391304347826087,23
2020-04-08T10:25:00Z,7,NA,7,6,NA,NA,5,1
2020-04-08T10:25:00Z,8,7.356877323420075,7.349442379182156,7.386617100371748,6.285714285714286,5.360594795539034,1.8884758364312269,269
2020-04-08T10:25:00Z,9,7,6.84375,7,4.90625,6.03125,0.8125,64
2020-04-08T10:25:00Z,12,3.0952380952380953,6.190476190476191,4.142857142857143,8,2.9761904761904763,4.571428571428571,42
2020-04-08T10:25:00Z,13,2.6666666666666665,2.6,2.466666666666667,NA,2.466666666666667,3.2,15
2020-04-08T10:25:00Z,14,6.045454545454546,7.106060606060606,7.181818181818182,2,4.954545454545454,3.3333333333333335,66
2020-04-08T10:25:00Z,15,2.943396226415094,3,2.981132075471698,9,1.8679245283018868,2.018867924528302,53
2020-04-08T10:25:00Z,16,3.5714285714285716,3.3333333333333335,3.7142857142857144,3.761904761904762,2.4761904761904763,0.47619047619047616,21
2020-04-08T10:25:00Z,17,1.0714285714285714,7.142857142857143,5.928571428571429,7,3.142857142857143,2.2142857142857144,28
2020-04-08T10:25:00Z,18,3.2,7.15,3.8833333333333333,NA,4.983333333333333,3.6666666666666665,60
2020-04-08T10:25:00Z,19,1.1428571428571428,1.7142857142857142,2,NA,2.7142857142857144,2.857142857142857,7
2020-04-08T10:30:00Z,1,2.4166666666666665,1.3333333333333333,4.166666666666667,3.0833333333333335,2.25,0.5833333333333334,12
2020-04-08T10:30:00Z,2,3.041095890410959,4.082191780821918,5.068493150684931,0,0.8493150684931506,1.547945205479452,73
2020-04-08T10:30:00Z,4,4.761904761904762,3.761904761904762,4.023809523809524,7,3.3095238095238093,4.285714285714286,42
2020-04-08T10:30:00Z,5,3.727272727272727,5.909090909090909,4.090909090909091,1.0909090909090908,2.8636363636363638,0.45454545454545453,22
2020-04-08T10:30:00Z,6,2.1875,2.21875,2,1.78125,1.90625,1.09375,32
2020-04-08T10:30:00Z,7,NA,8,6.2,NA,NA,5,5
2020-04-08T10:30:00Z,8,7.31496062992126,7.362204724409449,7.318897637795276,6.666666666666667,5.358267716535433,1.7834645669291338,254
2020-04-08T10:30:00Z,9,6.784810126582278,7.0886075949367084,6.886075949367089,5.177215189873418,5.924050632911392,0.8354430379746836,79
2020-04-08T10:30:00Z,12,2.975,6.075,4.125,NA,3.2,4.275,40
2020-04-08T10:30:00Z,13,2.6,2.5,3,NA,3.1,2.3,10
2020-04-08T10:30:00Z,14,6.108433734939759,6.963855421686747,6.975903614457831,NA,5.096385542168675,3.6265060240963853,83
2020-04-08T10:30:00Z,15,3.1272727272727274,3.0727272727272728,3.0545454545454547,NA,2.0545454545454547,2.6363636363636362,55
2020-04-08T10:30:00Z,16,3.4545454545454546,3.1818181818181817,3.090909090909091,3,2,1.1818181818181819,11
2020-04-08T10:30:00Z,17,1.0344827586206897,7.275862068965517,6,NA,2.896551724137931,1.5172413793103448,29
2020-04-08T10:30:00Z,18,2.91044776119403,7.059701492537314,3.955223880597015,1,4.865671641791045,3.6865671641791047,67
2020-04-08T10:30:00Z,19,0.9333333333333333,1.6,2.2,NA,2.933333333333333,2.6,15
2020-04-08T10:35:00Z,1,2.2666666666666666,1.6666666666666667,3.7333333333333334,2.7333333333333334,1.9333333333333333,0.6,15
2020-04-08T10:35:00Z,2,3.257142857142857,3.942857142857143,4.828571428571428,8.75,1.1285714285714286,1.4,70
2020-04-08T10:35:00Z,4,4.733333333333333,3.7666666666666666,3.7666666666666666,NA,3.033333333333333,4.666666666666667,30
2020-04-08T10:35:00Z,5,4,6.055555555555555,4.055555555555555,1.1111111111111112,2.9444444444444446,0.8888888888888888,18
2020-04-08T10:35:00Z,6,1.9411764705882353,1.8823529411764706,2.5294117647058822,2.411764705882353,2.1176470588235294,0.7647058823529411,17
2020-04-08T10:35:00Z,7,NA,8,5,NA,NA,5,2
2020-04-08T10:35:00Z,8,7.3539094650205765,7.329218106995885,7.308641975308642,7.25,5.271604938271605,1.897119341563786,243
2020-04-08T10:35:00Z,9,7.084745762711864,6.898305084745763,6.915254237288136,4.983050847457627,5.932203389830509,0.7627118644067796,59
2020-04-08T10:35:00Z,12,3.0952380952380953,5.928571428571429,3.9523809523809526,NA,2.857142857142857,4.357142857142857,42
2020-04-08T10:35:00Z,13,3.75,3.8333333333333335,3.9166666666666665,NA,3.8333333333333335,0.25,12
2020-04-08T10:35:00Z,14,6.159420289855072,6.869565217391305,6.927536231884058,NA,4.956521739130435,3.4347826086956523,69
2020-04-08T10:35:00Z,15,2.9375,2.9166666666666665,3.0416666666666665,NA,2.2291666666666665,2.2916666666666665,48
2020-04-08T10:35:00Z,16,3.857142857142857,3.7142857142857144,3.9285714285714284,3.7142857142857144,3,0.42857142857142855,14
2020-04-08T10:35:00Z,17,0.8275862068965517,7.344827586206897,5.931034482758621,NA,3.1379310344827585,1.6896551724137931,29
2020-04-08T10:35:00Z,18,2.9615384615384617,6.903846153846154,3.9423076923076925,NA,5.0576923076923075,3.6346153846153846,52
2020-04-08T10:35:00Z,19,1.4444444444444444,1.6666666666666667,2,9,3.2222222222222223,2.3333333333333335,9
2020-04-08T10:40:00Z,1,2.3333333333333335,1.3333333333333333,3.7777777777777777,2.7777777777777777,2.2222222222222223,0.8888888888888888,9
2020-04-08T10:40:00Z,2,3.0615384615384613,3.953846153846154,5.107692307692307,3,1.123076923076923,1.6307692307692307,65
2020-04-08T10:40:00Z,4,4.714285714285714,4,3.8214285714285716,NA,2.9285714285714284,4.678571428571429,28
2020-04-08T10:40:00Z,5,4.15,6.1,4.1,0.9,2.6,0.5,20
2020-04-08T10:40:00Z,6,2.0555555555555554,2,2,1.7777777777777777,2,1.1111111111111112,18
2020-04-08T10:40:00Z,7,NA,8,5,NA,NA,4,1
2020-04-08T10:40:00Z,8,7.41588785046729,7.434579439252336,7.294392523364486,NA,5.542056074766355,1.8504672897196262,214
2020-04-08T10:40:00Z,9,6.968253968253968,7.015873015873016,6.841269841269841,5.126984126984127,5.888888888888889,0.6825396825396826,63
2020-04-08T10:40:00Z,12,3.0392156862745097,6,4.1568627450980395,NA,2.8823529411764706,4.607843137254902,51
2020-04-08T10:40:00Z,13,2.875,2.875,3,NA,3.375,2.125,8
2020-04-08T10:40:00Z,14,5.745762711864407,7.203389830508475,6.915254237288136,NA,4.9491525423728815,3.169491525423729,59
2020-04-08T10:40:00Z,15,2.977272727272727,3.159090909090909,3.1136363636363638,9,2.022727272727273,2.75,44
2020-04-08T10:40:00Z,16,4,4,4.0625,3.875,3.3125,0.25,16
2020-04-08T10:40:00Z,17,0.8888888888888888,7.148148148148148,6.148148148148148,0,2.925925925925926,1.5185185185185186,27
2020-04-08T10:40:00Z,18,3.02,6.92,3.98,NA,5.06,3.1,50
2020-04-08T10:40:00Z,19,1.0833333333333333,2.1666666666666665,1.9166666666666667,NA,2.9166666666666665,0.9166666666666666,12
2020-04-08T10:45:00Z,1,2.090909090909091,1.0909090909090908,4,3.090909090909091,2,0.7272727272727273,11
2020-04-08T10:45:00Z,2,3.135593220338983,4.016949152542373,4.864406779661017,6,1.0169491525423728,1.423728813559322,59
2020-04-08T10:45:00Z,4,4.730769230769231,4.038461538461538,4.230769230769231,6,2.923076923076923,4.038461538461538,26
2020-04-08T10:45:00Z,5,4,6.3076923076923075,3.6153846153846154,1.2307692307692308,3.076923076923077,0.5384615384615384,13
2020-04-08T10:45:00Z,6,2,1.6470588235294117,2,2.235294117647059,2.3529411764705883,1,17
2020-04-08T10:45:00Z,7,NA,8,6,NA,NA,4.666666666666667,3
2020-04-08T10:45:00Z,8,7.263414634146342,7.360975609756098,7.234146341463415,4.25,5.273170731707317,1.7853658536585366,205
2020-04-08T10:45:00Z,9,6.821917808219178,7.041095890410959,6.945205479452055,4.794520547945205,6.041095890410959,0.684931506849315,73
2020-04-08T10:45:00Z,12,3.1515151515151514,5.787878787878788,4.303030303030303,NA,3.303030303030303,4.484848484848484,33
2020-04-08T10:45:00Z,13,2.769230769230769,2.6923076923076925,3,NA,2.6153846153846154,2.3076923076923075,13
2020-04-08T10:45:00Z,14,6,7.12,7.14,2,5.04,2.92,50
2020-04-08T10:45:00Z,15,3.292682926829268,3.3902439024390243,3.5365853658536586,4,2.2195121951219514,2.317073170731707,41
2020-04-08T10:45:00Z,16,3.9375,4.0625,3.875,4,2.6875,0.6875,16
2020-04-08T10:45:00Z,17,1.0909090909090908,7.2727272727272725,6.045454545454546,3,3.1818181818181817,1.5454545454545454,22
2020-04-08T10:45:00Z,18,2.98,7.04,4.02,0,4.8,3.74,50
2020-04-08T10:45:00Z,19,1,2.0714285714285716,2,NA,3.142857142857143,2.357142857142857,14
2020-04-08T10:50:00Z,1,2,1.0769230769230769,4.6923076923076925,2.769230769230769,2.5384615384615383,0.6923076923076923,13
2020-04-08T10:50:00Z,2,3.1228070175438596,3.9649122807017543,5.105263157894737,2,0.9122807017543859,1.6842105263157894,57
2020-04-08T10:50:00Z,4,5.219512195121951,3.951219512195122,3.975609756097561,NA,2.8536585365853657,4.341463414634147,41
2020-04-08T10:50:00Z,5,4.066666666666666,5.733333333333333,4.333333333333333,1.4,2.8,0.8,15
2020-04-08T10:50:00Z,6,2.4347826086956523,2.130434782608696,2.217391304347826,2.608695652173913,2.5217391304347827,0.9130434782608695,23
2020-04-08T10:50:00Z,7,NA,8,5,NA,NA,4,1
2020-04-08T10:50:00Z,8,7.326633165829146,7.472361809045226,7.326633165829146,3.5,5.442211055276382,1.6582914572864322,199
2020-04-08T10:50:00Z,9,7.136363636363637,6.924242424242424,7.2727272727272725,5,6.090909090909091,0.8333333333333334,66
2020-04-08T10:50:00Z,12,3.2666666666666666,5.966666666666667,4,10,3.1333333333333333,4.3,30
2020-04-08T10:50:00Z,13,3.4444444444444446,3.111111111111111,2.888888888888889,NA,3.3333333333333335,1.3333333333333333,9
2020-04-08T10:50:00Z,14,5.836363636363636,7.072727272727272,7.036363636363636,NA,4.945454545454545,2.9272727272727272,55
2020-04-08T10:50:00Z,15,3.1707317073170733,2.951219512195122,3.1707317073170733,7,1.951219512195122,2.2439024390243905,41
2020-04-08T10:50:00Z,16,4,4.2,4,4.2,3.2,0.3333333333333333,15
2020-04-08T10:50:00Z,17,1.0526315789473684,7.052631578947368,5.7368421052631575,5,2.5789473684210527,1.631578947368421,19
2020-04-08T10:50:00Z,18,3.0638297872340425,7.0638297872340425,3.893617021276596,7,4.872340425531915,3.25531914893617,47
2020-04-08T10:50:00Z,19,1.2666666666666666,1.7333333333333334,2.066666666666667,NA,3,1.2,15
2020-04-08T10:55:00Z,1,2.5555555555555554,1.2222222222222223,4.111111111111111,3.111111111111111,1.8888888888888888,0.6666666666666666,9
2020-04-08T10:55:00Z,2,2.982142857142857,3.9464285714285716,4.946428571428571,NA,0.9642857142857143,1.4107142857142858,56
2020-04-08T10:55:00Z,4,5.083333333333333,4,3.875,1,2.9583333333333335,4.375,24
2020-04-08T10:55:00Z,5,3.9375,5.875,3.9375,1.125,3.3125,0.6875,16
2020-04-08T10:55:00Z,6,2.263157894736842,2.3684210526315788,1.9473684210526316,2.6315789473684212,2.6842105263157894,0.8421052631578947,19
2020-04-08T10:55:00Z,7,NA,7.666666666666667,6.333333333333333,NA,NA,5.333333333333333,3
2020-04-08T10:55:00Z,8,7.362637362637362,7.516483516483516,7.269230769230769,2,5.423076923076923,1.6703296703296704,182
2020-04-08T10:55:00Z,9,7.116666666666666,7,6.95,5.166666666666667,5.9,0.9,60
2020-04-08T10:55:00Z,12,3,5.923076923076923,3.948717948717949,0,2.8461538461538463,4.512820512820513,39
2020-04-08T10:55:00Z,13,3.8666666666666667,3.466666666666667,3.066666666666667,NA,4.133333333333334,1.2,15
2020-04-08T10:55:00Z,14,5.983606557377049,7.081967213114754,6.950819672131147,4,5.098360655737705,3.2950819672131146,61
2020-04-08T10:55:00Z,15,3.076923076923077,3.0256410256410255,3.051282051282051,0,2.358974358974359,2.2051282051282053,39
2020-04-08T10:55:00Z,16,4.25,4,4.1875,4.125,2.875,0.5,16
2020-04-08T10:55:00Z,17,1.1111111111111112,6.962962962962963,6,7,3.2222222222222223,1.6666666666666667,27
2020-04-08T10:55:00Z,18,2.92,7.1,3.96,4,5.14,3.32,50
2020-04-08T10:55:00Z,19,1.0625,2.0625,1.625,NA,3.3125,1.875,16
2020-04-08T11:00:00Z,1,2.1333333333333333,0.8,4.266666666666667,3.2,1.9333333333333333,0.9333333333333333,15
2020-04-08T11:00:00Z,2,3.180327868852459,4.213114754098361,5.016393442622951,5,1.2295081967213115,1.6557377049180328,61
2020-04-08T11:00:00Z,4,4.84375,3.90625,3.875,NA,2.875,5.09375,32
2020-04-08T11:00:00Z,5,4.25,6.1,4,1.05,3.2,0.7,20
2020-04-08T11:00:00Z,6,2.6,2.1333333333333333,2.8,2.3333333333333335,2.7333333333333334,0.6666666666666666,15
2020-04-08T11:00:00Z,8,7.411764705882353,7.288770053475936,7.2994652406417115,5.8,5.310160427807487,1.732620320855615,187
2020-04-08T11:00:00Z,9,6.935483870967742,6.870967741935484,7.032258064516129,5.016129032258065,6.096774193548387,0.8387096774193549,62
2020-04-08T11:00:00Z,12,3.032258064516129,6.064516129032258,4.193548387096774,0,2.935483870967742,4.548387096774194,31
2020-04-08T11:00:00Z,13,3.5,3.125,3,6,3.25,1.375,8
2020-04-08T11:00:00Z,14,5.833333333333333,6.928571428571429,6.833333333333333,NA,4.9523809523809526,2.8095238095238093,42
2020-04-08T11:00:00Z,15,3,3.0454545454545454,2.8636363636363638,NA,1.9090909090909092,2.090909090909091,44
2020-04-08T11:00:00Z,16,3.3846153846153846,3.5384615384615383,3.923076923076923,3.769230769230769,2.6923076923076925,0.6153846153846154,13
2020-04-08T11:00:00Z,17,1.125,7.25,5.9375,3,3.1875,1.8125,16
2020-04-08T11:00:00Z,18,3.0232558139534884,7.093023255813954,4.023255813953488,NA,4.767441860465116,3.4186046511627906,43
2020-04-08T11:00:00Z,19,1,2.125,2.125,1,2.875,1.125,8
2020-04-08T11:05:00Z,1,2,0.8461538461538461,4.076923076923077,2.923076923076923,2,0.6153846153846154,13
2020-04-08T11:05:00Z,2,3.0208333333333335,4.083333333333333,4.958333333333333,7,1.125,1.375,48
2020-04-08T11:05:00Z,4,5.0476190476190474,3.9523809523809526,4.142857142857143,10,3.0476190476190474,4.142857142857143,21
2020-04-08T11:05:00Z,5,4,5.823529411764706,3.9411764705882355,1.7058823529411764,3.176470588235294,0.5294117647058824,17
2020-04-08T11:05:00Z,6,2.1904761904761907,2.0952380952380953,2,1.8571428571428572,2,1.619047619047619,21
2020-04-08T11:05:00Z,7,NA,7.5,7,NA,NA,2.5,2
2020-04-08T11:05:00Z,8,7.295454545454546,7.375,7.255681818181818,9,5.244318181818182,1.6818181818181819,176
2020-04-08T11:05:00Z,9,7.08,6.94,7.02,5.14,6,0.82,50
2020-04-08T11:05:00Z,12,3.090909090909091,6.121212121212121,4.03030303030303,NA,2.9696969696969697,4.96969696969697,33
2020-04-08T11:05:00Z,13,3.5555555555555554,3,2.7777777777777777,NA,3.6666666666666665,1,9
2020-04-08T11:05:00Z,14,5.760869565217392,7.065217391304348,7,5,4.956521739130435,3.108695652173913,46
2020-04-08T11:05:00Z,15,3.1904761904761907,3.0952380952380953,2.9047619047619047,NA,1.7619047619047619,1.7142857142857142,21
2020-04-08T11:05:00Z,16,3.4375,3.4375,4.375,4.0625,3.0625,0.125,16
2020-04-08T11:05:00Z,17,0.9,6.9,5.95,NA,3.25,1.65,20
2020-04-08T11:05:00Z,18,2.9047619047619047,6.904761904761905,4.071428571428571,NA,4.976190476190476,3.0714285714285716,42
2020-04-08T11:05:00Z,19,1.0909090909090908,1.7272727272727273,2.090909090909091,NA,2.8181818181818183,2.3636363636363638,11
2020-04-08T11:10:00Z,1,1.8333333333333333,0.6666666666666666,3.6666666666666665,2.3333333333333335,1.8333333333333333,0.6666666666666666,6
2020-04-08T11:10:00Z,2,3.19672131147541,4.098360655737705,5.016393442622951,NA,1.180327868852459,1.540983606557377,61
2020-04-08T11:10:00Z,4,5.173913043478261,3.869565217391304,4.130434782608695,NA,2.9130434782608696,3.8260869565217392,23
2020-04-08T11:10:00Z,5,3.8260869565217392,6.3478260869565215,3.6956521739130435,1.3478260869565217,2.869565217391304,0.7391304347826086,23
2020-04-08T11:10:00Z,6,2.217391304347826,2.130434782608696,2.0434782608695654,2.5652173913043477,2.3043478260869565,0.8695652173913043,23
2020-04-08T11:10:00Z,7,NA,8.2,5.4,NA,2,4,5
2020-04-08T11:10:00Z,8,7.35,7.41875,7.53125,6.5,5.49375,1.78125,160
2020-04-08T11:10:00Z,9,6.894736842105263,6.982456140350878,7.052631578947368,5.035087719298246,5.859649122807017,0.9122807017543859,57
2020-04-08T11:10:00Z,12,3.032258064516129,5.806451612903226,4,NA,3.064516129032258,4.032258064516129,31
2020-04-08T11:10:00Z,13,3,3,3.5,NA,4,1.5,2
2020-04-08T11:10:00Z,14,6.026315789473684,6.894736842105263,6.7894736842105265,NA,4.973684210526316,2.9473684210526314,38
2020-04-08T11:10:00Z,15,3.03125,3.0625,3.1875,NA,1.90625,1.90625,32
2020-04-08T11:10:00Z,16,3.9411764705882355,4.235294117647059,4.117647058823529,4.470588235294118,3.764705882352941,0.5294117647058824,17
2020-04-08T11:10:00Z,17,1.3076923076923077,6.846153846153846,6,NA,3,1.4615384615384615,13
2020-04-08T11:10:00Z,18,2.9019607843137254,7.078431372549019,3.8627450980392157,NA,4.9411764705882355,3.1372549019607843,51
2020-04-08T11:10:00Z,19,0.8181818181818182,2.1818181818181817,1.9090909090909092,NA,2.8181818181818183,2.1818181818181817,11
2020-04-08T11:15:00Z,1,1.5555555555555556,0.8888888888888888,4.555555555555555,2.888888888888889,2,0.7777777777777778,9
2020-04-08T11:15:00Z,2,2.888888888888889,3.7333333333333334,4.955555555555556,NA,0.9555555555555556,1.4,45
2020-04-08T11:15:00Z,4,5.178571428571429,4.107142857142857,4.178571428571429,NA,3.0357142857142856,3.7857142857142856,28
2020-04-08T11:15:00Z,5,3.909090909090909,5.545454545454546,3.909090909090909,0.9090909090909091,3.1818181818181817,0.7272727272727273,11
2020-04-08T11:15:00Z,6,1.7333333333333334,2.066666666666667,2.466666666666667,2.3333333333333335,2.3333333333333335,1.3333333333333333,15
2020-04-08T11:15:00Z,7,NA,8,6,NA,NA,3.3333333333333335,3
2020-04-08T11:15:00Z,8,7.429411764705883,7.482352941176471,7.435294117647059,2.6666666666666665,5.476470588235294,1.8058823529411765,170
2020-04-08T11:15:00Z,9,6.87719298245614,6.964912280701754,7,5.035087719298246,6.157894736842105,0.7192982456140351,57
2020-04-08T11:15:00Z,12,3.0681818181818183,5.795454545454546,3.9545454545454546,NA,2.977272727272727,4.795454545454546,44
2020-04-08T11:15:00Z,13,2.6,2.4,3.2,NA,3.2,2.6,5
2020-04-08T11:15:00Z,14,5.976744186046512,6.837209302325581,7.069767441860465,NA,5.023255813953488,3.372093023255814,43
2020-04-08T11:15:00Z,15,3.1379310344827585,2.9310344827586206,3.103448275862069,5,2,1.9655172413793103,29
2020-04-08T11:15:00Z,16,3.5,3.1,3.5,3.3,2.3,0.6,10
2020-04-08T11:15:00Z,17,0.7,7.1,6.4,8,2.8,1.5,10
2020-04-08T11:15:00Z,18,2.972972972972973,7.054054054054054,4.054054054054054,0,4.8108108108108105,3.810810810810811,37
2020-04-08T11:15:00Z,19,1.6,2,3,NA,2.8,1.8,5
2020-04-08T11:20:00Z,1,1.8571428571428572,0.8571428571428571,4.142857142857143,3.2857142857142856,1.5714285714285714,1.2857142857142858,7
2020-04-08T11:20:00Z,2,2.836734693877551,3.877551020408163,5.163265306122449,NA,1.1020408163265305,1.5918367346938775,49
2020-04-08T11:20:00Z,4,4.6923076923076925,4,3.769230769230769,3,2.3846153846153846,4.461538461538462,26
2020-04-08T11:20:00Z,5,3.9444444444444446,6,4.055555555555555,0.8888888888888888,3,0.7222222222222222,18
2020-04-08T11:20:00Z,6,2.357142857142857,2.2142857142857144,2.7142857142857144,2.357142857142857,2.142857142857143,1.3571428571428572,14
2020-04-08T11:20:00Z,7,NA,7.5,6.5,NA,NA,3,2
2020-04-08T11:20:00Z,8,7.408536585365853,7.304878048780488,7.402439024390244,4.75,5.451219512195122,1.6402439024390243,164
2020-04-08T11:20:00Z,9,6.840909090909091,7,7.045454545454546,5.136363636363637,6,0.75,44
2020-04-08T11:20:00Z,12,3.130434782608696,5.891304347826087,4.021739130434782,8,2.9565217391304346,3.847826086956522,46
2020-04-08T11:20:00Z,13,2.9,2.6,2.7,NA,3.2,2.8,10
2020-04-08T11:20:00Z,14,6.0256410256410255,6.743589743589744,6.846153846153846,1,5.128205128205129,3.5128205128205128,39
2020-04-08T11:20:00Z,15,2.90625,2.78125,2.84375,NA,1.875,2.15625,32
2020-04-08T11:20:00Z,16,3.5,3.75,3.5,3.625,2.25,0.125,8
2020-04-08T11:20:00Z,17,1.5,7,5.571428571428571,NA,3.357142857142857,1.3571428571428572,14
2020-04-08T11:20:00Z,18,3.129032258064516,7.064516129032258,4.193548387096774,NA,5.129032258064516,3.7419354838709675,31
2020-04-08T11:20:00Z,19,1.5555555555555556,2.3333333333333335,2.111111111111111,NA,3.3333333333333335,2.111111111111111,9
2020-04-08T11:25:00Z,1,2,0.8571428571428571,3.857142857142857,3.2857142857142856,2.2857142857142856,0.8571428571428571,7
2020-04-08T11:25:00Z,2,3.163265306122449,4.122448979591836,5.163265306122449,NA,0.9591836734693877,1.5714285714285714,49
2020-04-08T11:25:00Z,4,4.947368421052632,3.8947368421052633,4,7,3.263157894736842,4.473684210526316,19
2020-04-08T11:25:00Z,5,3.909090909090909,5.818181818181818,3.727272727272727,1,2.5454545454545454,0.36363636363636365,11
2020-04-08T11:25:00Z,6,2.235294117647059,2.0588235294117645,2.823529411764706,2.176470588235294,3,1,17
2020-04-08T11:25:00Z,7,NA,7,5,NA,NA,5,1
2020-04-08T11:25:00Z,8,7.436619718309859,7.345070422535211,7.401408450704225,4.333333333333333,5.443661971830986,1.795774647887324,142
2020-04-08T11:25:00Z,9,6.883720930232558,6.813953488372093,6.930232558139535,5.27906976744186,6.209302325581396,0.6744186046511628,43
2020-04-08T11:25:00Z,12,3,6.178571428571429,4.25,NA,3.0714285714285716,4.535714285714286,28
2020-04-08T11:25:00Z,13,2.5454545454545454,2.5454545454545454,3,NA,2.909090909090909,2.272727272727273,11
2020-04-08T11:25:00Z,14,6.206896551724138,6.896551724137931,7.068965517241379,5.5,4.896551724137931,3.2758620689655173,29
2020-04-08T11:25:00Z,15,3.3793103448275863,3.2413793103448274,3.0344827586206895,8,2.413793103448276,1.6551724137931034,29
2020-04-08T11:25:00Z,16,4.416666666666667,4.583333333333333,5.083333333333333,4.666666666666667,2.75,0.3333333333333333,12
2020-04-08T11:25:00Z,17,1.0833333333333333,7.083333333333333,6.25,NA,3,1.4166666666666667,12
2020-04-08T11:25:00Z,18,3.127659574468085,7.0638297872340425,4.23404255319149,NA,5.042553191489362,3.425531914893617,47
2020-04-08T11:25:00Z,19,1.4,2.3,2.3,NA,3.5,1.8,10
2020-04-08T11:30:00Z,1,1.8571428571428572,1.1428571428571428,3.5714285714285716,3,2,0.7142857142857143,7
2020-04-08T11:30:00Z,2,3.0555555555555554,3.8333333333333335,5.194444444444445,NA,0.8611111111111112,1.5555555555555556,36
2020-04-08T11:30:00Z,4,4.631578947368421,3.736842105263158,3.8947368421052633,8,2.6842105263157894,4.105263157894737,19
2020-04-08T11:30:00Z,5,4.181818181818182,5.909090909090909,4.090909090909091,1.3636363636363635,3.090909090909091,0.7272727272727273,11
2020-04-08T11:30:00Z,6,2,2.3636363636363638,1.9090909090909092,2.090909090909091,1.8181818181818181,1.0909090909090908,11
2020-04-08T11:30:00Z,7,NA,8,6.333333333333333,NA,NA,5,3
2020-04-08T11:30:00Z,8,7.350746268656716,7.343283582089552,7.402985074626866,NA,5.447761194029851,1.671641791044776,134
2020-04-08T11:30:00Z,9,7.055555555555555,7.083333333333333,6.916666666666667,5.194444444444445,6.25,0.6111111111111112,36
2020-04-08T11:30:00Z,11,6.009487666034156,8.96584440227704,5.0588235294117645,3.9449715370018974,5.013282732447818,2.7703984819734346,527
2020-04-08T11:30:00Z,12,3.0357142857142856,6.107142857142857,4.071428571428571,NA,2.857142857142857,3.892857142857143,28
2020-04-08T11:30:00Z,13,3.25,3.5,2.875,NA,3.375,1.875,8
2020-04-08T11:30:00Z,14,5.864864864864865,7,6.945945945945946,NA,4.864864864864865,3.2162162162162162,37
2020-04-08T11:30:00Z,15,3.736842105263158,3.526315789473684,3.3684210526315788,NA,2.263157894736842,1.8421052631578947,19
2020-04-08T11:30:00Z,16,5,5,3.6666666666666665,4.5,2.8333333333333335,0.16666666666666666,6
2020-04-08T11:30:00Z,17,0.8571428571428571,6.928571428571429,5.785714285714286,NA,3.2142857142857144,2.2142857142857144,14
2020-04-08T11:30:00Z,18,2.892857142857143,7.107142857142857,4.142857142857143,0,4.964285714285714,3.4285714285714284,28
2020-04-08T11:30:00Z,19,0.8333333333333334,1.6666666666666667,1.75,5,3.1666666666666665,1.75,12
2020-04-08T11:35:00Z,1,2.25,1.25,4,3,1.5,0.25,4
2020-04-08T11:35:00Z,2,3.0434782608695654,4.065217391304348,4.913043478260869,NA,1.0434782608695652,1.5,46
2020-04-08T11:35:00Z,4,4.571428571428571,3.2142857142857144,3.5,NA,2.2142857142857144,5.214285714285714,14
2020-04-08T11:35:00Z,5,4,6.4,4,1,3.2,0.6,5
2020-04-08T11:35:00Z,6,3.142857142857143,2.357142857142857,2.357142857142857,2.857142857142857,2.0714285714285716,0.7857142857142857,14
2020-04-08T11:35:00Z,7,NA,8.333333333333334,6.333333333333333,NA,NA,5.666666666666667,3
2020-04-08T11:35:00Z,8,7.384057971014493,7.413043478260869,7.2898550724637685,2.5,5.420289855072464,1.8115942028985508,138
2020-04-08T11:35:00Z,9,6.833333333333333,6.976190476190476,6.809523809523809,4.857142857142857,6.190476190476191,0.8095238095238095,42
2020-04-08T11:35:00Z,11,6.074074074074074,8.703703703703704,5.037037037037037,4.2592592592592595,4.851851851851852,2.5925925925925926,27
2020-04-08T11:35:00Z,12,2.861111111111111,6.055555555555555,3.9166666666666665,NA,2.861111111111111,4.138888888888889,36
2020-04-08T11:35:00Z,13,2.6666666666666665,2.5,2.6666666666666665,NA,2.8333333333333335,2.5,6
2020-04-08T11:35:00Z,14,6.083333333333333,6.916666666666667,6.958333333333333,NA,5.166666666666667,2.9583333333333335,24
2020-04-08T11:35:00Z,15,2.9523809523809526,3.142857142857143,3.0952380952380953,4,2.3333333333333335,2.619047619047619,21
2020-04-08T11:35:00Z,16,4,4.125,3.875,3.875,3.375,0.25,8
2020-04-08T11:35:00Z,17,1.0909090909090908,7.2727272727272725,5.636363636363637,NA,2.909090909090909,1.8181818181818181,11
2020-04-08T11:35:00Z,18,3.032258064516129,7.064516129032258,3.967741935483871,NA,4.935483870967742,3.161290322580645,31
2020-04-08T11:35:00Z,19,1.2,2,1.8,NA,2.8,1.2,5
2020-04-08T11:40:00Z,1,3.5,3,4.25,3.25,2.25,0.5,4
2020-04-08T11:40:00Z,2,3.1944444444444446,3.7222222222222223,5.027777777777778,3,1.0833333333333333,1.6111111111111112,36
2020-04-08T11:40:00Z,4,5.181818181818182,4.2272727272727275,3.9545454545454546,9,3.0454545454545454,3.8181818181818183,22
2020-04-08T11:40:00Z,5,4.2,6.1,3.7,0.7,2.9,0.6,10
2020-04-08T11:40:00Z,6,1.8,2.2,1.8,2.2,1.8,0.2,5
2020-04-08T11:40:00Z,7,NA,8,7,NA,NA,5.5,2
2020-04-08T11:40:00Z,8,7.25,7.330645161290323,7.274193548387097,6,5.274193548387097,1.5806451612903225,124
2020-04-08T11:40:00Z,9,7.075,7.05,7.125,5.025,6.1,0.65,40
2020-04-08T11:40:00Z,11,6.041666666666667,8.458333333333334,5.416666666666667,4.041666666666667,5.333333333333333,2.8333333333333335,24
2020-04-08T11:40:00Z,12,3.0555555555555554,5.722222222222222,4.166666666666667,NA,2.9444444444444446,4.388888888888889,36
2020-04-08T11:40:00Z,13,4.571428571428571,4.142857142857143,4.285714285714286,NA,4.571428571428571,0.5714285714285714,7
2020-04-08T11:40:00Z,14,5.933333333333334,7.033333333333333,6.9,NA,4.7,2.8,30
2020-04-08T11:40:00Z,15,3.55,3.8,3.2,7,3,1.65,20
2020-04-08T11:40:00Z,16,3.888888888888889,3.888888888888889,4.444444444444445,4,2.7777777777777777,0.5555555555555556,9
2020-04-08T11:40:00Z,17,1.125,6.625,5.875,NA,3.25,1,8
2020-04-08T11:40:00Z,18,3.206896551724138,6.896551724137931,4.137931034482759,NA,5.103448275862069,3.5517241379310347,29
2020-04-08T11:40:00Z,19,1,2.4,2.4,NA,3.4,1.4,5
2020-04-08T11:45:00Z,1,1.75,0.75,4.75,3,2,0.5,4
2020-04-08T11:45:00Z,2,2.942857142857143,4.057142857142857,4.885714285714286,NA,0.8285714285714286,1.4285714285714286,35
2020-04-08T11:45:00Z,4,5.052631578947368,4.2105263157894735,4.315789473684211,NA,3.210526315789474,3.8947368421052633,19
2020-04-08T11:45:00Z,5,3.8181818181818183,5.909090909090909,4.2727272727272725,1,3.3636363636363638,0.5454545454545454,11
2020-04-08T11:45:00Z,6,2.0833333333333335,1.6666666666666667,2.3333333333333335,1.8333333333333333,2,1.25,12
2020-04-08T11:45:00Z,8,7.389830508474576,7.305084745762712,7.228813559322034,7.5,5.313559322033898,1.6864406779661016,118
2020-04-08T11:45:00Z,9,6.795454545454546,7,6.909090909090909,5.25,5.840909090909091,0.6818181818181818,44
2020-04-08T11:45:00Z,11,6.066666666666666,9,4.866666666666666,4.266666666666667,5.333333333333333,2.6,15
2020-04-08T11:45:00Z,12,2.911764705882353,6.147058823529412,4.117647058823529,3,3.0588235294117645,4.294117647058823,34
2020-04-08T11:45:00Z,13,2.3333333333333335,2.3333333333333335,2,NA,1.3333333333333333,2.3333333333333335,3
2020-04-08T11:45:00Z,14,6.083333333333333,7.041666666666667,6.875,NA,5.083333333333333,3.2083333333333335,24
2020-04-08T11:45:00Z,15,2.962962962962963,3.111111111111111,3.185185185185185,0,2.259259259259259,1.8888888888888888,27
2020-04-08T11:45:00Z,16,3.75,3.75,3.5833333333333335,3.8333333333333335,3.3333333333333335,0.25,12
2020-04-08T11:45:00Z,17,0.75,7,6.25,NA,3,2,4
2020-04-08T11:45:00Z,18,3.28,7.12,4.12,8,5.04,3.24,25
2020-04-08T11:45:00Z,19,0.5714285714285714,2,2.5714285714285716,NA,2.4285714285714284,2.142857142857143,7
2020-04-08T11:50:00Z,1,1.5714285714285714,1.2857142857142858,4,2.857142857142857,2,0.7142857142857143,7
2020-04-08T11:50:00Z,2,3.0588235294117645,3.8823529411764706,4.735294117647059,1,1.0588235294117647,1.2647058823529411,34
2020-04-08T11:50:00Z,4,4.625,3.6875,3.6875,NA,2.625,4,16
2020-04-08T11:50:00Z,5,3.75,6.166666666666667,3.9166666666666665,0.8333333333333334,2.9166666666666665,0.8333333333333334,12
2020-04-08T11:50:00Z,6,2.25,2.6666666666666665,1.8333333333333333,2.3333333333333335,1.9166666666666667,1.1666666666666667,12
2020-04-08T11:50:00Z,7,NA,8.666666666666666,5.666666666666667,NA,NA,5.333333333333333,3
2020-04-08T11:50:00Z,8,7.367924528301887,7.471698113207547,7.4245283018867925,0,5.4245283018867925,1.7452830188679245,106
2020-04-08T11:50:00Z,9,7,6.774193548387097,6.935483870967742,4.870967741935484,6.032258064516129,0.8064516129032258,31
2020-04-08T11:50:00Z,11,6,8.857142857142858,5,4.285714285714286,4.5,2.5,14
2020-04-08T11:50:00Z,12,3.1904761904761907,5.571428571428571,3.9523809523809526,NA,3.0476190476190474,4.428571428571429,21
2020-04-08T11:50:00Z,13,5,5.333333333333333,5,NA,5.333333333333333,0,3
2020-04-08T11:50:00Z,14,5.833333333333333,6.866666666666666,7.166666666666667,NA,5.133333333333334,3.1666666666666665,30
2020-04-08T11:50:00Z,15,3.2666666666666666,3.1333333333333333,2.8666666666666667,NA,1.8666666666666667,2.1333333333333333,15
2020-04-08T11:50:00Z,16,3.75,4.083333333333333,3.4166666666666665,3.5833333333333335,2.6666666666666665,0.5,12
2020-04-08T11:50:00Z,17,0.6842105263157895,6.842105263157895,5.894736842105263,8,2.789473684210526,1.2105263157894737,19
2020-04-08T11:50:00Z,18,3.037037037037037,6.851851851851852,4.111111111111111,NA,5,3.8518518518518516,27
2020-04-08T11:50:00Z,19,1,2.142857142857143,2.2857142857142856,NA,2.5714285714285716,2,7
2020-04-08T11:55:00Z,1,1.75,0.625,4.375,2.875,1.75,0.75,8
2020-04-08T11:55:00Z,2,2.888888888888889,4.111111111111111,4.7407407407407405,NA,1.2592592592592593,1.2222222222222223,27
2020-04-08T11:55:00Z,4,5.285714285714286,4.285714285714286,4.5,NA,3.357142857142857,4,14
2020-04-08T11:55:00Z,5,3.75,6.125,4.5,0.75,3.125,0.5,8
2020-04-08T11:55:00Z,6,3.076923076923077,3.1538461538461537,3.8461538461538463,2.6153846153846154,3.230769230769231,1.0769230769230769,13
2020-04-08T11:55:00Z,8,7.475728155339806,7.398058252427185,7.41747572815534,4.666666666666667,5.621359223300971,1.6796116504854368,103
2020-04-08T11:55:00Z,9,6.970588235294118,6.9411764705882355,7.0588235294117645,5,5.852941176470588,0.7352941176470589,34
2020-04-08T11:55:00Z,11,5.7894736842105265,9.31578947368421,5.421052631578948,3.6842105263157894,5.157894736842105,2.210526315789474,19
2020-04-08T11:55:00Z,12,3.05,5.7,3.9,NA,3.15,4.8,20
2020-04-08T11:55:00Z,13,6,5,4,NA,5,0,1
2020-04-08T11:55:00Z,14,6.111111111111111,7.166666666666667,7.166666666666667,NA,5.111111111111111,2.9444444444444446,18
2020-04-08T11:55:00Z,15,3,3.066666666666667,2.8,NA,2.1333333333333333,2.3333333333333335,15
2020-04-08T11:55:00Z,16,4.8,4.8,4,4.6,3.2,0.2,5
2020-04-08T11:55:00Z,17,1,6.857142857142857,6.285714285714286,NA,3,1.4285714285714286,7
2020-04-08T11:55:00Z,18,3.0277777777777777,6.972222222222222,3.9166666666666665,5,4.861111111111111,3.5277777777777777,36
2020-04-08T11:55:00Z,19,0.6,1.9,1.9,NA,3.1,2.4,10
2020-04-08T12:00:00Z,1,2.3333333333333335,0.3333333333333333,3.6666666666666665,3,2,0.6666666666666666,3
2020-04-08T12:00:00Z,2,3.1739130434782608,3.9130434782608696,4.956521739130435,NA,1,1.8695652173913044,23
2020-04-08T12:00:00Z,4,5.461538461538462,4.153846153846154,4.538461538461538,2,3.230769230769231,3.5384615384615383,13
2020-04-08T12:00:00Z,5,4.230769230769231,6.076923076923077,4,0.8461538461538461,2.769230769230769,0.7692307692307693,13
2020-04-08T12:00:00Z,6,2,2.642857142857143,2.4285714285714284,2.2857142857142856,2.642857142857143,1,14
2020-04-08T12:00:00Z,8,7.6879432624113475,7.773049645390071,7.865248226950355,5,5.872340425531915,1.7375886524822695,141
2020-04-08T12:00:00Z,9,8.276785714285714,8.285714285714286,8.214285714285714,6.464285714285714,7.1875,1.6517857142857142,112
2020-04-08T12:00:00Z,11,5.642857142857143,8.928571428571429,5.142857142857143,3.9285714285714284,5.285714285714286,1.7857142857142858,14
2020-04-08T12:00:00Z,12,2.9583333333333335,5.666666666666667,4.041666666666667,5,3.1666666666666665,5,24
2020-04-08T12:00:00Z,13,5,4,5,NA,5,0,1
2020-04-08T12:00:00Z,14,5.75,7.4375,7.125,1,4.6875,3.375,16
2020-04-08T12:00:00Z,15,3.1904761904761907,3.0476190476190474,3.238095238095238,NA,2.0952380952380953,1.4761904761904763,21
2020-04-08T12:00:00Z,16,3.875,3.75,3.625,3.75,2.75,0.25,8
2020-04-08T12:00:00Z,17,0.6,6.8,6.2,NA,2.7,1.8,10
2020-04-08T12:00:00Z,18,3.25,7.107142857142857,4,NA,5.035714285714286,3.0357142857142856,28
2020-04-08T12:00:00Z,19,2,4,1,NA,2,0,1
2020-04-08T12:05:00Z,1,2,1.25,3.75,3.5,2.75,1.25,4
2020-04-08T12:05:00Z,2,3.25,4.714285714285714,5.428571428571429,6,1.6428571428571428,1.1071428571428572,28
2020-04-08T12:05:00Z,4,4.875,3.375,3.375,NA,2.75,5,8
2020-04-08T12:05:00Z,5,3.5,6,4,1.5,3.5,0.5,2
2020-04-08T12:05:00Z,6,2.111111111111111,1.8888888888888888,2.111111111111111,1.7777777777777777,2.111111111111111,0.6666666666666666,9
2020-04-08T12:05:00Z,8,8.47970479704797,8.435424354243542,8.357933579335793,5.3,6.3837638376383765,1.9261992619926198,271
2020-04-08T12:05:00Z,11,6.090909090909091,9.090909090909092,4.818181818181818,4.181818181818182,5,1.9090909090909092,11
2020-04-08T12:05:00Z,12,2.9565217391304346,6.043478260869565,4.086956521739131,NA,2.9130434782608696,4.521739130434782,23
2020-04-08T12:05:00Z,13,5,6.333333333333333,2.3333333333333335,NA,5.666666666666667,1,3
2020-04-08T12:05:00Z,14,5.75,6.8,7.2,NA,4.45,2.6,20
2020-04-08T12:05:00Z,15,3.0833333333333335,2.9166666666666665,3.25,NA,2,1.9166666666666667,12
2020-04-08T12:05:00Z,16,4.571428571428571,4.428571428571429,3.2857142857142856,4.714285714285714,4.571428571428571,0.14285714285714285,7
2020-04-08T12:05:00Z,17,0.7777777777777778,7.333333333333333,6.222222222222222,NA,3.2222222222222223,1.4444444444444444,9
2020-04-08T12:05:00Z,18,3.0588235294117645,6.705882352941177,4.235294117647059,NA,5.176470588235294,3,17
2020-04-08T12:05:00Z,19,1.4,2.2,1.6,NA,2.6,3.2,5
2020-04-08T12:10:00Z,1,2.7142857142857144,1.7142857142857142,3.7142857142857144,3.5714285714285716,3.142857142857143,0.8571428571428571,7
2020-04-08T12:10:00Z,2,3.2222222222222223,3.6666666666666665,4.666666666666667,2,1.2222222222222223,2.0555555555555554,18
2020-04-08T12:10:00Z,4,5.545454545454546,4.090909090909091,3.727272727272727,NA,3.272727272727273,4.090909090909091,11
2020-04-08T12:10:00Z,5,4.142857142857143,6,4.142857142857143,1.4285714285714286,3.4285714285714284,1.1428571428571428,7
2020-04-08T12:10:00Z,6,2,1.7777777777777777,2.6666666666666665,3.5555555555555554,2.4444444444444446,1,9
2020-04-08T12:10:00Z,8,8.443579766536965,8.513618677042802,8.46692607003891,4.4,6.4319066147859925,1.972762645914397,257
2020-04-08T12:10:00Z,11,5.833333333333333,8.833333333333334,5.416666666666667,4.333333333333333,4.666666666666667,2.3333333333333335,12
2020-04-08T12:10:00Z,12,2.92,6.2,4.12,NA,3.08,4.44,25
2020-04-08T12:10:00Z,13,3.5,3.75,3.5,4,2.75,1.75,4
2020-04-08T12:10:00Z,14,6.071428571428571,7.214285714285714,6.5,NA,5.142857142857143,3.0714285714285716,14
2020-04-08T12:10:00Z,15,3.3333333333333335,2.888888888888889,2.9444444444444446,NA,2.0555555555555554,1.5,18
2020-04-08T12:10:00Z,16,3.2,2.4,3,3,2.2,0.4,5
2020-04-08T12:10:00Z,17,1.0833333333333333,7.166666666666667,5.833333333333333,NA,2.6666666666666665,1.25,12
2020-04-08T12:10:00Z,18,2.85,6.9,4.4,NA,5.15,3.2,20
2020-04-08T12:10:00Z,19,0.8,2.4,1.6,NA,3.6,1,5
2020-04-08T12:15:00Z,1,2,0.8,4,2.6,2.8,0.6,5
2020-04-08T12:15:00Z,2,3.2777777777777777,4.166666666666667,4.833333333333333,NA,1.4444444444444444,1.4444444444444444,18
2020-04-08T12:15:00Z,4,5.8125,4.25,4.5,NA,3.4375,3.625,16
2020-04-08T12:15:00Z,5,3.6666666666666665,5.333333333333333,4.666666666666667,1.8888888888888888,3.5555555555555554,0.4444444444444444,9
2020-04-08T12:15:00Z,6,2.5,2.5,3,2,2.3,0.7,10
2020-04-08T12:15:00Z,11,6.090909090909091,9.090909090909092,4.454545454545454,4.181818181818182,5.090909090909091,2,11
2020-04-08T12:15:00Z,12,3,6,4,NA,3.238095238095238,4.0476190476190474,21
2020-04-08T12:15:00Z,13,3,2.5,2.5,NA,3,2,4
2020-04-08T12:15:00Z,14,6.25,6.875,7,NA,5.125,3.375,16
2020-04-08T12:15:00Z,15,3.4285714285714284,3.1904761904761907,3.3333333333333335,4,2.1904761904761907,2.2857142857142856,21
2020-04-08T12:15:00Z,16,3.5555555555555554,3.3333333333333335,3.5555555555555554,3.5555555555555554,2.888888888888889,0,9
2020-04-08T12:15:00Z,17,0.6666666666666666,7.222222222222222,6.777777777777778,NA,3.111111111111111,1.6666666666666667,9
2020-04-08T12:15:00Z,18,3.272727272727273,6.863636363636363,4.045454545454546,NA,5.181818181818182,3.090909090909091,22
2020-04-08T12:15:00Z,19,1,1.6,1.8,NA,2.8,1.6,5
2020-04-08T12:20:00Z,1,2.3333333333333335,1,4.333333333333333,2.6666666666666665,2,1,3
2020-04-08T12:20:00Z,2,3.125,4,4.8125,NA,0.75,1,16
2020-04-08T12:20:00Z,4,5.166666666666667,4.083333333333333,3.8333333333333335,NA,3.4166666666666665,3.75,12
2020-04-08T12:20:00Z,5,4.111111111111111,6.111111111111111,4,0.6666666666666666,2.6666666666666665,1,9
2020-04-08T12:20:00Z,6,2.4444444444444446,1.5555555555555556,2,1.8888888888888888,2.3333333333333335,0.7777777777777778,9
2020-04-08T12:20:00Z,7,NA,8,6,NA,NA,4,1
2020-04-08T12:20:00Z,11,6.0588235294117645,8.823529411764707,4.764705882352941,4.176470588235294,5.235294117647059,2.4705882352941178,17
2020-04-08T12:20:00Z,12,2.9130434782608696,5.826086956521739,3.8260869565217392,NA,3.130434782608696,4.304347826086956,23
2020-04-08T12:20:00Z,13,1.3333333333333333,2.6666666666666665,2.3333333333333335,NA,2,4.666666666666667,3
2020-04-08T12:20:00Z,14,6.4,7.1,7,6,5.2,3.2,10
2020-04-08T12:20:00Z,15,2.8,3,3.2,NA,2,2,10
2020-04-08T12:20:00Z,16,3.6,4,4,4.4,2.6,0.6,5
2020-04-08T12:20:00Z,17,0.8571428571428571,7.142857142857143,6.285714285714286,NA,2.857142857142857,1.4285714285714286,7
2020-04-08T12:20:00Z,18,3,6.944444444444445,4.222222222222222,NA,4.666666666666667,3,18
2020-04-08T12:20:00Z,19,1.3636363636363635,2.727272727272727,2.090909090909091,10,3.1818181818181817,1.7272727272727273,11
2020-04-08T12:25:00Z,2,2.7037037037037037,4.074074074074074,4.888888888888889,NA,0.8888888888888888,1.4074074074074074,27
2020-04-08T12:25:00Z,4,4.5,3.5714285714285716,3.857142857142857,3,2.9285714285714284,4.642857142857143,14
2020-04-08T12:25:00Z,5,4,4.8,4.6,1.4,3.4,0.4,5
2020-04-08T12:25:00Z,6,2,1.8,1.6,2.8,2.2,0.8,5
2020-04-08T12:25:00Z,7,NA,4,4,NA,NA,0.5,2
2020-04-08T12:25:00Z,11,6.111111111111111,9.222222222222221,5.333333333333333,4.333333333333333,4.888888888888889,1.7777777777777777,9
2020-04-08T12:25:00Z,12,2.9285714285714284,6.25,3.9285714285714284,NA,3,4.714285714285714,28
2020-04-08T12:25:00Z,13,2.5,2.75,3.5,NA,2.75,1.75,4
2020-04-08T12:25:00Z,14,5.9375,7,7.0625,NA,5.125,3.25,16
2020-04-08T12:25:00Z,15,3.1538461538461537,3.5384615384615383,3.076923076923077,NA,1.3076923076923077,1.8461538461538463,13
2020-04-08T12:25:00Z,16,3.5,3.3,3.4,2.8,1.9,0.7,10
2020-04-08T12:25:00Z,17,1.1111111111111112,7.111111111111111,5.333333333333333,NA,2.7777777777777777,2.111111111111111,9
2020-04-08T12:25:00Z,18,3,6.9375,4.0625,NA,4.8125,3.4375,16
2020-04-08T12:25:00Z,19,1.4,2.4,1.4,NA,3.2,3,5
2020-04-08T12:30:00Z,1,2,1,4,3,1,0,1
2020-04-08T12:30:00Z,2,3.409090909090909,4.090909090909091,5,NA,1.3181818181818181,1.6363636363636365,22
2020-04-08T12:30:00Z,4,5.071428571428571,3.9285714285714284,3.7857142857142856,NA,2.7857142857142856,3.5,14
2020-04-08T12:30:00Z,5,3.4,6.6,4.2,1.2,3.2,0.6,5
2020-04-08T12:30:00Z,6,2.7777777777777777,2.2222222222222223,2.111111111111111,2.111111111111111,2.888888888888889,1.7777777777777777,9
2020-04-08T12:30:00Z,7,NA,9,6,NA,NA,5,1
2020-04-08T12:30:00Z,11,6,8.4,5.2,3.9,5.4,2.6,10
2020-04-08T12:30:00Z,12,3.0454545454545454,6.318181818181818,4.136363636363637,7.5,3.0454545454545454,4.590909090909091,22
2020-04-08T12:30:00Z,14,5.85,7,7.15,NA,4.8,2.65,20
2020-04-08T12:30:00Z,15,3.4705882352941178,3.2941176470588234,3.0588235294117645,NA,1.8235294117647058,1.4705882352941178,17
2020-04-08T12:30:00Z,16,4.4,4.4,4.6,4.8,3.2,0.2,5
2020-04-08T12:30:00Z,17,0.16666666666666666,7,5.833333333333333,NA,3,1.5,6
2020-04-08T12:30:00Z,18,2.8125,7.3125,4,NA,5.6875,2.9375,16
2020-04-08T12:30:00Z,19,1.3333333333333333,1.8333333333333333,2.5,NA,2.1666666666666665,1,6
2020-04-08T12:35:00Z,1,1.3333333333333333,0.6666666666666666,4.333333333333333,2.6666666666666665,2.3333333333333335,1,3
2020-04-08T12:35:00Z,2,3.347826086956522,4.130434782608695,5.043478260869565,NA,0.9130434782608695,1.3478260869565217,23
2020-04-08T12:35:00Z,4,4.714285714285714,3.857142857142857,3.857142857142857,NA,3.142857142857143,4.571428571428571,14
2020-04-08T12:35:00Z,5,4.5,5.75,4,1.25,3.25,0.5,4
2020-04-08T12:35:00Z,6,3.1666666666666665,3.5,3.6666666666666665,3,3.1666666666666665,1.1666666666666667,6
2020-04-08T12:35:00Z,7,NA,8,6,NA,NA,5,1
2020-04-08T12:35:00Z,11,6,8.666666666666666,5.833333333333333,4.333333333333333,5.166666666666667,2.1666666666666665,6
2020-04-08T12:35:00Z,12,3.0869565217391304,6.130434782608695,4.086956521739131,2,2.9565217391304346,4.608695652173913,23
2020-04-08T12:35:00Z,13,1.5,2,2,NA,2.5,4.5,2
2020-04-08T12:35:00Z,14,6.133333333333334,7.133333333333334,7.4,9,5.2,3.2666666666666666,15
2020-04-08T12:35:00Z,15,3,3,2.875,NA,2.5,2.25,8
2020-04-08T12:35:00Z,16,4.375,4.375,4.625,4.75,3.5,0.125,8
2020-04-08T12:35:00Z,17,1.25,7.25,6,NA,2.75,1.25,8
2020-04-08T12:35:00Z,18,2.769230769230769,7,3.923076923076923,1,4.923076923076923,3.5384615384615383,13
2020-04-08T12:35:00Z,19,1,2.25,2.25,NA,2.5,0.75,4
2020-04-08T12:40:00Z,1,2,1,3.6666666666666665,2.6666666666666665,1.3333333333333333,0.3333333333333333,3
2020-04-08T12:40:00Z,2,3.1,4.05,5.2,NA,0.7,1.6,20
2020-04-08T12:40:00Z,4,5.25,4.25,4.25,NA,3.1666666666666665,3.4166666666666665,12
2020-04-08T12:40:00Z,5,3.75,5.5,4,0.5,3,0.5,4
2020-04-08T12:40:00Z,6,2,1.5,2,2.6666666666666665,2.1666666666666665,1,6
2020-04-08T12:40:00Z,11,6.181818181818182,9.454545454545455,5.454545454545454,3.727272727272727,5.090909090909091,2.1818181818181817,11
2020-04-08T12:40:00Z,12,2.8095238095238093,6.190476190476191,4,8.5,2.6666666666666665,4.666666666666667,21
2020-04-08T12:40:00Z,13,2.8,3.2,3,NA,2.8,2.2,5
2020-04-08T12:40:00Z,14,6.375,6.625,6.75,3,4.875,2.875,8
2020-04-08T12:40:00Z,15,3.25,3.6666666666666665,3.3333333333333335,NA,2.6666666666666665,0.75,12
2020-04-08T12:40:00Z,16,2.4,4.4,4.4,4.6,3.6,0.2,5
2020-04-08T12:40:00Z,17,1.2727272727272727,6.636363636363637,6.090909090909091,NA,2.909090909090909,2,11
2020-04-08T12:40:00Z,18,3,7.25,3.875,1,4.75,4.25,8
2020-04-08T12:40:00Z,19,1.5,2,2,0,2.75,2.5,4
2020-04-08T12:45:00Z,1,2,1.8333333333333333,3.6666666666666665,2.8333333333333335,2.1666666666666665,0.3333333333333333,6
2020-04-08T12:45:00Z,2,3.25,3.5833333333333335,5.333333333333333,NA,2.0833333333333335,1.1666666666666667,12
2020-04-08T12:45:00Z,4,4.833333333333333,3.5,3.75,NA,2.6666666666666665,5.25,12
2020-04-08T12:45:00Z,5,3,6,3,1,3,1,1
2020-04-08T12:45:00Z,6,2.25,2.25,2,2,2.25,0.5,8
2020-04-08T12:45:00Z,11,5.9,9,4.7,4,5.2,2.5,10
2020-04-08T12:45:00Z,12,3.130434782608696,5.826086956521739,3.869565217391304,NA,3.0434782608695654,4.086956521739131,23
2020-04-08T12:45:00Z,13,1.5,4.5,2.5,NA,5,1,4
2020-04-08T12:45:00Z,14,5.875,6.9375,6.4375,4,5.25,2.5,16
2020-04-08T12:45:00Z,15,3.25,3,3.125,NA,1.875,2.125,8
2020-04-08T12:45:00Z,16,4,4.333333333333333,4.666666666666667,4.166666666666667,4.083333333333333,0.25,12
2020-04-08T12:45:00Z,17,1.4545454545454546,6.818181818181818,6.090909090909091,NA,3.8181818181818183,1.3636363636363635,11
2020-04-08T12:45:00Z,18,2.9375,6.9375,3.8125,8,4.6875,3.375,16
2020-04-08T12:45:00Z,19,0.6,2.2,2.2,10,3,2.4,5
2020-04-08T12:50:00Z,1,2.6666666666666665,1.3333333333333333,3.3333333333333335,2.6666666666666665,2.6666666666666665,0,3
2020-04-08T12:50:00Z,2,3.388888888888889,4.055555555555555,5.5,4,1.3333333333333333,1.2222222222222223,18
2020-04-08T12:50:00Z,4,5.3,4.5,3.7,NA,3,3.4,10
2020-04-08T12:50:00Z,5,4,6,3.3333333333333335,0.6666666666666666,3,0.3333333333333333,3
2020-04-08T12:50:00Z,6,2.6666666666666665,3.1666666666666665,1.8333333333333333,2.6666666666666665,3.3333333333333335,1.3333333333333333,6
2020-04-08T12:50:00Z,7,NA,8,6,NA,NA,5,1
2020-04-08T12:50:00Z,11,6,8.857142857142858,5,4.142857142857143,5.285714285714286,2.4285714285714284,7
2020-04-08T12:50:00Z,12,2.888888888888889,5.833333333333333,3.6666666666666665,NA,2.9444444444444446,4.888888888888889,18
2020-04-08T12:50:00Z,13,5.5,5.5,4.5,NA,5.25,1,4
2020-04-08T12:50:00Z,14,5.8,6.9,7,NA,5.2,2.9,10
2020-04-08T12:50:00Z,15,3,2.6923076923076925,2.6923076923076925,NA,1.9230769230769231,1.1538461538461537,13
2020-04-08T12:50:00Z,16,3.4,3.4,3.2,3,1.6,0.6,5
2020-04-08T12:50:00Z,17,1,7.25,6,NA,3.75,2.25,4
2020-04-08T12:50:00Z,18,2.9,6.7,4.4,NA,4.8,3.2,10
2020-04-08T12:50:00Z,19,0.5,1.5,2,NA,3.5,3.5,2
2020-04-08T12:55:00Z,1,1.5,1,3.25,3,1.5,0.75,4
2020-04-08T12:55:00Z,2,3.0555555555555554,3.4444444444444446,4.944444444444445,NA,1.2222222222222223,1.0555555555555556,18
2020-04-08T12:55:00Z,4,5.1875,3.6875,3.9375,NA,3,4.5,16
2020-04-08T12:55:00Z,5,3.5,6.5,4,1,2.5,1,2
2020-04-08T12:55:00Z,6,2.75,2.5,2,2.125,2.375,0.5,8
2020-04-08T12:55:00Z,11,6.833333333333333,8.833333333333334,4.5,3.5,4.5,1.8333333333333333,6
2020-04-08T12:55:00Z,12,3.15,6.1,3.95,1,2.75,4.75,20
2020-04-08T12:55:00Z,13,4,3,4,NA,6,0,1
2020-04-08T12:55:00Z,14,6,6.875,7.125,NA,5,2.875,8
2020-04-08T12:55:00Z,15,2.888888888888889,3.111111111111111,3.7777777777777777,4.5,2.7777777777777777,0.8888888888888888,9
2020-04-08T12:55:00Z,16,4,3.25,4.25,3.625,2.75,0.5,8
2020-04-08T12:55:00Z,17,0.6,6.6,6,NA,3,1.8,5
2020-04-08T12:55:00Z,18,2.625,7.25,3.8125,NA,5.1875,3.0625,16
2020-04-08T12:55:00Z,19,3.5,5,4,NA,3,0.5,2
2020-04-08T13:00:00Z,1,2.6666666666666665,1.3333333333333333,4,2,1.3333333333333333,0.6666666666666666,3
2020-04-08T13:00:00Z,2,3.533333333333333,4.333333333333333,5.333333333333333,NA,1.7333333333333334,1,15
2020-04-08T13:00:00Z,4,4.461538461538462,3.769230769230769,3.6153846153846154,NA,2.3846153846153846,4.923076923076923,13
2020-04-08T13:00:00Z,5,4,6.6,4.4,1,2,0.8,5
2020-04-08T13:00:00Z,6,1.25,2.25,2,1.25,1.5,1.75,4
2020-04-08T13:00:00Z,7,NA,7,7,NA,NA,5,1
2020-04-08T13:00:00Z,11,5.142857142857143,8.428571428571429,5.285714285714286,5.142857142857143,4.571428571428571,2.142857142857143,7
2020-04-08T13:00:00Z,12,2.9444444444444446,5.555555555555555,4,2,3.1666666666666665,4.388888888888889,18
2020-04-08T13:00:00Z,14,5.5,7,6.666666666666667,NA,5.166666666666667,3,6
2020-04-08T13:00:00Z,15,3.8333333333333335,3,3.3333333333333335,NA,2.1666666666666665,1.3333333333333333,6
2020-04-08T13:00:00Z,16,4.5,4,3.5,3.5,2,0,2
2020-04-08T13:00:00Z,17,1.4545454545454546,6.818181818181818,6,NA,3.272727272727273,1.4545454545454546,11
2020-04-08T13:00:00Z,18,3.0833333333333335,6.5,4.5,NA,5.25,3.75,12
2020-04-08T13:00:00Z,19,1.5,1.5,2,NA,3,2,2
2020-04-08T13:05:00Z,1,1.5,1.5,4.5,3,2,0,2
2020-04-08T13:05:00Z,2,3,3.857142857142857,5.285714285714286,NA,1,1.7142857142857142,14
2020-04-08T13:05:00Z,4,6,4.5,4.2,NA,3.6,3.4,10
2020-04-08T13:05:00Z,5,4.2,5.8,4.4,1,3,0.4,5
2020-04-08T13:05:00Z,6,1.625,2,1.75,2.125,1.875,0.5,8
2020-04-08T13:05:00Z,11,6.142857142857143,9.142857142857142,5,4.142857142857143,5.142857142857143,1.7142857142857142,7
2020-04-08T13:05:00Z,12,3.2,5.95,3.95,NA,3.25,5.15,20
2020-04-08T13:05:00Z,13,1.5,2,2,NA,2,2,2
2020-04-08T13:05:00Z,14,6.5,7.25,6.875,NA,5.25,3.125,8
2020-04-08T13:05:00Z,15,2.888888888888889,2.6666666666666665,3.4444444444444446,NA,2.111111111111111,2.3333333333333335,9
2020-04-08T13:05:00Z,16,3.142857142857143,3.857142857142857,3.2857142857142856,2.7142857142857144,2.142857142857143,0.5714285714285714,7
2020-04-08T13:05:00Z,17,0.625,6.75,6,NA,2.875,1.875,8
2020-04-08T13:05:00Z,18,3.076923076923077,6.6923076923076925,3.3846153846153846,4,5.076923076923077,3.8461538461538463,13
2020-04-08T13:05:00Z,19,1.6666666666666667,4.333333333333333,2.3333333333333335,NA,2.3333333333333335,0.3333333333333333,3
2020-04-08T13:10:00Z,1,6,3.5,3,6,5.5,0,2
2020-04-08T13:10:00Z,2,3,4.2,5,NA,1,1.5,10
2020-04-08T13:10:00Z,4,4.571428571428571,5,4.857142857142857,NA,4.571428571428571,3,7
2020-04-08T13:10:00Z,5,5.125,4.875,3.5,2.875,3.75,0.625,8
2020-04-08T13:10:00Z,6,2,1.4,1.6,2.4,2.4,0.8,5
2020-04-08T13:10:00Z,11,6,9.11111111111111,4.444444444444445,4.111111111111111,4.888888888888889,2.5555555555555554,9
2020-04-08T13:10:00Z,12,3.2941176470588234,5.9411764705882355,3.764705882352941,3.5,3,3.764705882352941,17
2020-04-08T13:10:00Z,13,6,5,5,NA,6,0,1
2020-04-08T13:10:00Z,14,6,7.5,7,NA,5,4.25,4
2020-04-08T13:10:00Z,15,3.25,3.5,3.625,NA,3,1.625,8
2020-04-08T13:10:00Z,16,3.6,2.8,2.8,2.8,2,0.4,5
2020-04-08T13:10:00Z,17,1.125,6.875,6.375,NA,3,1.75,8
2020-04-08T13:10:00Z,18,2.8333333333333335,7.166666666666667,3.9166666666666665,4,5.166666666666667,3.5833333333333335,12
2020-04-08T13:10:00Z,19,7,8.5,7.5,NA,2,0,2
2020-04-08T13:15:00Z,1,1.75,0.75,4,2.75,1.25,0.5,4
2020-04-08T13:15:00Z,2,3.6153846153846154,4.3076923076923075,4.769230769230769,NA,1.1538461538461537,1,13
2020-04-08T13:15:00Z,4,5,4.142857142857143,4.714285714285714,NA,3.142857142857143,4,7
2020-04-08T13:15:00Z,5,5,6,4,0,3,0,1
2020-04-08T13:15:00Z,6,3,3.6666666666666665,3.1666666666666665,3.1666666666666665,3.3333333333333335,0.6666666666666666,6
2020-04-08T13:15:00Z,7,NA,8,7,6,NA,0,1
2020-04-08T13:15:00Z,11,6.5,10,5,4.5,5,1,2
2020-04-08T13:15:00Z,12,3.0555555555555554,6,3.9444444444444446,NA,3.1666666666666665,4.666666666666667,18
2020-04-08T13:15:00Z,13,3.6666666666666665,4.333333333333333,4.333333333333333,NA,3.6666666666666665,0,3
2020-04-08T13:15:00Z,14,6.333333333333333,7.5,7.333333333333333,NA,5.166666666666667,2.6666666666666665,6
2020-04-08T13:15:00Z,15,3.5,3.8,3.9,NA,1.3,2,10
2020-04-08T13:15:00Z,16,4.666666666666667,4.166666666666667,3.6666666666666665,4.5,3.8333333333333335,0.16666666666666666,6
2020-04-08T13:15:00Z,17,0,6.5,6.5,NA,4.5,1,2
2020-04-08T13:15:00Z,18,3,6.846153846153846,4.076923076923077,NA,4.3076923076923075,3.230769230769231,13
2020-04-08T13:15:00Z,19,1.25,1.75,2,NA,2.75,0.75,4
2020-04-08T13:20:00Z,1,2.75,3.5,4.25,4.25,4.25,0.25,4
2020-04-08T13:20:00Z,2,3.5,4.35,4.95,1,1.45,1.35,20
2020-04-08T13:20:00Z,4,4.444444444444445,4,4.666666666666667,NA,3,3.5555555555555554,9
2020-04-08T13:20:00Z,5,4,6,4,2,1.5,0.5,2
2020-04-08T13:20:00Z,6,3.2857142857142856,3.5714285714285716,3.7142857142857144,4,3.857142857142857,0.2857142857142857,7
2020-04-08T13:20:00Z,11,5.75,9.25,5.25,4,4.75,2.75,4
2020-04-08T13:20:00Z,12,3.230769230769231,5.538461538461538,3.6923076923076925,NA,3.4615384615384617,5,13
2020-04-08T13:20:00Z,13,4.5,4.5,5,NA,4.5,0,2
2020-04-08T13:20:00Z,14,5,5.75,5,NA,4.75,2.75,4
2020-04-08T13:20:00Z,15,3.625,3.25,2.875,NA,5,1.125,8
2020-04-08T13:20:00Z,16,3.3333333333333335,5,3,4.666666666666667,3.6666666666666665,0.3333333333333333,3
2020-04-08T13:20:00Z,17,1.6666666666666667,6.333333333333333,6.333333333333333,NA,3.3333333333333335,1.6666666666666667,3
2020-04-08T13:20:00Z,18,3.3333333333333335,7.166666666666667,3.6666666666666665,NA,5.166666666666667,3.3333333333333335,6
2020-04-08T13:20:00Z,19,1,2,2,NA,3,0,2
2020-04-08T13:25:00Z,2,2.9375,3.875,5.0625,6,1.375,1.0625,16
2020-04-08T13:25:00Z,4,4.6923076923076925,3.3076923076923075,3.3076923076923075,NA,2.3076923076923075,5.384615384615385,13
2020-04-08T13:25:00Z,5,4.666666666666667,6,4,1.3333333333333333,3.3333333333333335,0.3333333333333333,3
2020-04-08T13:25:00Z,6,2.25,2,1,1.25,1.5,2.5,4
2020-04-08T13:25:00Z,11,6,9.11111111111111,4.777777777777778,4,5.111111111111111,1.7777777777777777,9
2020-04-08T13:25:00Z,12,3.2222222222222223,6.111111111111111,3.888888888888889,NA,3,5,9
2020-04-08T13:25:00Z,14,6,6.666666666666667,7.333333333333333,NA,4.666666666666667,3.3333333333333335,3
2020-04-08T13:25:00Z,15,2.875,2.625,3.5,NA,2.875,1.75,8
2020-04-08T13:25:00Z,16,4.166666666666667,5,4.5,3.8333333333333335,3.5,0,6
2020-04-08T13:25:00Z,17,1,6.5,5.5,NA,2.75,1.25,4
2020-04-08T13:25:00Z,18,3.25,6.75,4,NA,5.5,3,4
2020-04-08T13:30:00Z,2,2.75,3.5,4.916666666666667,NA,1.0833333333333333,1.0833333333333333,12
2020-04-08T13:30:00Z,4,5.181818181818182,4.363636363636363,3.6363636363636362,4,3.272727272727273,3.727272727272727,11
2020-04-08T13:30:00Z,5,5.5,7,2.5,4,7,0,2
2020-04-08T13:30:00Z,6,1.3333333333333333,3,2,2,2.3333333333333335,0.6666666666666666,3
2020-04-08T13:30:00Z,11,6.4,8.2,4.4,3.8,5.8,2.4,5
2020-04-08T13:30:00Z,12,3.3,6,4.1,NA,3.05,4.25,20
2020-04-08T13:30:00Z,13,2,1.5,1,NA,2,3.5,2
2020-04-08T13:30:00Z,14,6.285714285714286,7,6.428571428571429,7,4.714285714285714,3,7
2020-04-08T13:30:00Z,15,3.1666666666666665,2.8333333333333335,3.5,NA,1.6666666666666667,1.5,6
2020-04-08T13:30:00Z,16,4.666666666666667,6,4.333333333333333,3.3333333333333335,4.666666666666667,0,3
2020-04-08T13:30:00Z,17,1.2,7.2,5.8,NA,3.2,1,5
2020-04-08T13:30:00Z,18,3,6.888888888888889,3.5555555555555554,NA,5.222222222222222,2.888888888888889,9
2020-04-08T13:30:00Z,19,3,2.25,4.5,NA,4.75,2.75,4
2020-04-08T13:35:00Z,1,2.5,1.5,4.5,3,2,1,2
2020-04-08T13:35:00Z,2,3.3,4.2,4.8,4,0.8,1.9,10
2020-04-08T13:35:00Z,4,4.25,3.5,3.875,NA,2.625,4.5,8
2020-04-08T13:35:00Z,5,2.6,6.6,5,1.8,4,0.8,5
2020-04-08T13:35:00Z,6,2.3333333333333335,1.3333333333333333,2,1.6666666666666667,3,0,3
2020-04-08T13:35:00Z,11,5.777777777777778,9,4.777777777777778,3.888888888888889,4.888888888888889,2.5555555555555554,9
2020-04-08T13:35:00Z,12,2.933333333333333,5.6,3.8,5,3.2,5,15
2020-04-08T13:35:00Z,13,2.6666666666666665,3.3333333333333335,2.3333333333333335,NA,3.3333333333333335,2.3333333333333335,3
2020-04-08T13:35:00Z,14,6.444444444444445,6.888888888888889,7.222222222222222,NA,5,3.6666666666666665,9
2020-04-08T13:35:00Z,15,3.5714285714285716,3.857142857142857,3,NA,3,0.42857142857142855,7
2020-04-08T13:35:00Z,16,4,4,4,3.6666666666666665,2.6666666666666665,0.3333333333333333,3
2020-04-08T13:35:00Z,17,1,7.5,6,NA,3.5,2,2
2020-04-08T13:35:00Z,18,3.5555555555555554,7.111111111111111,4.222222222222222,NA,5.111111111111111,2.888888888888889,9
2020-04-08T13:35:00Z,19,4.5,5,5.5,NA,6,1.5,2
2020-04-08T13:40:00Z,1,2,1,5,4,2,0,1
2020-04-08T13:40:00Z,2,2.8,4,4.6,NA,1.3,1.3,10
2020-04-08T13:40:00Z,4,6,3.5,4,NA,2,5,2
2020-04-08T13:40:00Z,5,4.75,6,4,0.75,2.25,0.25,4
2020-04-08T13:40:00Z,6,3,3,3,3,2,0,1
2020-04-08T13:40:00Z,11,7,9,5,4.25,5.25,2,4
2020-04-08T13:40:00Z,12,2.8,5.85,4,NA,3,5.25,20
2020-04-08T13:40:00Z,13,0,5,3,NA,10,0,1
2020-04-08T13:40:00Z,14,6.285714285714286,7.142857142857143,7.142857142857143,NA,5,2,7
2020-04-08T13:40:00Z,15,2.5,3.25,2.25,NA,1.5,1.75,4
2020-04-08T13:40:00Z,16,2,1,2,2,1,0,1
2020-04-08T13:40:00Z,17,1.4,7.2,5.8,NA,3.4,1.6,5
2020-04-08T13:40:00Z,18,2.909090909090909,7.454545454545454,3.6363636363636362,7,5,2.909090909090909,11
2020-04-08T13:40:00Z,19,0,1,2,NA,3.5,2.5,2
2020-04-08T13:45:00Z,1,1.75,0.75,4,3.25,2.25,0.25,4
2020-04-08T13:45:00Z,2,3.090909090909091,4.090909090909091,5.181818181818182,9,1.8181818181818181,1.3636363636363635,11
2020-04-08T13:45:00Z,4,4.833333333333333,3.3333333333333335,2.6666666666666665,NA,2.6666666666666665,5,6
2020-04-08T13:45:00Z,5,5,5,4,1,2,0,1
2020-04-08T13:45:00Z,6,3,4,3.5,3,2.5,0.5,2
2020-04-08T13:45:00Z,11,5.5,9.5,5,3.5,4.5,3.5,2
2020-04-08T13:45:00Z,12,3.125,6.375,4.125,NA,3.125,4.125,8
2020-04-08T13:45:00Z,13,5,5,4,NA,6,0,1
2020-04-08T13:45:00Z,14,6.142857142857143,7.142857142857143,7.285714285714286,NA,5.285714285714286,2.2857142857142856,7
2020-04-08T13:45:00Z,15,2.6666666666666665,2.6666666666666665,3,NA,2.3333333333333335,1.6666666666666667,3
2020-04-08T13:45:00Z,16,6,4,5.5,5,4.5,0,2
2020-04-08T13:45:00Z,17,2,6,6,NA,3,0,2
2020-04-08T13:45:00Z,18,3.25,7.5,3.75,NA,5.5,3,4
2020-04-08T13:45:00Z,19,1.6666666666666667,2,1.6666666666666667,NA,2.3333333333333335,2.3333333333333335,3
2020-04-08T13:50:00Z,1,1,1,4,3,1,0,1
2020-04-08T13:50:00Z,2,3,4,5.428571428571429,NA,0.7142857142857143,1.5714285714285714,7
2020-04-08T13:50:00Z,4,5,4.2,4.4,7,4.6,2.8,5
2020-04-08T13:50:00Z,5,4,6,5,1,1,0,1
2020-04-08T13:50:00Z,6,3.5,3.1666666666666665,2.6666666666666665,3.3333333333333335,2.6666666666666665,0.16666666666666666,6
2020-04-08T13:50:00Z,11,6.333333333333333,9,5.333333333333333,4,5,3,3
2020-04-08T13:50:00Z,12,3.2,5.9,3.5,NA,3.1,4.9,10
2020-04-08T13:50:00Z,13,2,1,1.6666666666666667,NA,2.6666666666666665,2,3
2020-04-08T13:50:00Z,14,5.5,7.5,7,NA,4.5,0.5,2
2020-04-08T13:50:00Z,15,3.75,3,4.25,NA,1.5,0.5,4
2020-04-08T13:50:00Z,16,2,7.5,7,3,6,0,2
2020-04-08T13:50:00Z,17,3,7.5,5.5,8,2.5,1,4
2020-04-08T13:50:00Z,18,3,6.428571428571429,4.428571428571429,NA,4.714285714285714,2.5714285714285716,7
2020-04-08T13:50:00Z,19,1,2.3333333333333335,2,NA,2,1,3
2020-04-08T13:55:00Z,1,2,1,4,3,2,2,1
2020-04-08T13:55:00Z,2,2.4444444444444446,4,4.777777777777778,8,1,1.8888888888888888,9
2020-04-08T13:55:00Z,4,5.5,4.25,4.5,NA,3.5,3.75,4
2020-04-08T13:55:00Z,5,5,7,5,1,2,1,1
2020-04-08T13:55:00Z,6,2,2,1.75,1.75,2,0.75,4
2020-04-08T13:55:00Z,12,3,7,3.5,NA,2.5,4,2
2020-04-08T13:55:00Z,14,5.666666666666667,7,7,NA,4,1.6666666666666667,3
2020-04-08T13:55:00Z,15,3.4285714285714284,4.285714285714286,3.5714285714285716,NA,2.857142857142857,0,7
2020-04-08T13:55:00Z,17,1.25,6.75,6.5,0,3.5,2.5,4
2020-04-08T13:55:00Z,18,3,7.375,4.125,NA,5.25,4,8
2020-04-08T13:55:00Z,19,1,2.5,1.5,NA,3,2,2
2020-04-08T14:00:00Z,1,1,1,3,3,2,1,1
2020-04-08T14:00:00Z,2,3.8333333333333335,5.333333333333333,4.666666666666667,NA,3.1666666666666665,1.1666666666666667,6
2020-04-08T14:00:00Z,4,6.25,4.5,5.25,6,5,2.25,4
2020-04-08T14:00:00Z,5,4,6,4,1,3,1,1
2020-04-08T14:00:00Z,6,2.3333333333333335,1.6666666666666667,2.3333333333333335,2,1.6666666666666667,1,3
2020-04-08T14:00:00Z,11,5.444444444444445,9.11111111111111,5.111111111111111,4.222222222222222,4.888888888888889,3.111111111111111,9
2020-04-08T14:00:00Z,12,3.111111111111111,5.888888888888889,4,NA,2.7777777777777777,4.777777777777778,9
2020-04-08T14:00:00Z,13,2,3,2,NA,2,3,1
2020-04-08T14:00:00Z,14,6.25,7.25,7.25,NA,4.75,1,4
2020-04-08T14:00:00Z,15,2.6666666666666665,3,2.6666666666666665,NA,1.6666666666666667,2.6666666666666665,3
2020-04-08T14:00:00Z,16,5.666666666666667,5.666666666666667,3.6666666666666665,3.6666666666666665,4.666666666666667,0,3
2020-04-08T14:00:00Z,17,4,8,6,NA,2,0,1
2020-04-08T14:00:00Z,18,3,6.333333333333333,4,NA,5,2.3333333333333335,3
2020-04-08T14:00:00Z,19,3.5,4,2.5,NA,4,0,2
2020-04-08T14:05:00Z,1,6,2,3.5,4.5,3,0,2
2020-04-08T14:05:00Z,2,2.857142857142857,3.7142857142857144,5,NA,1,2.142857142857143,7
2020-04-08T14:05:00Z,4,4.5,3,2.5,NA,2,6,2
2020-04-08T14:05:00Z,5,5,5,3,0,4,0,1
2020-04-08T14:05:00Z,6,2,0.5,1.5,2,2,2.5,2
2020-04-08T14:05:00Z,11,5.833333333333333,9.166666666666666,4.833333333333333,3.8333333333333335,5.166666666666667,2.3333333333333335,6
2020-04-08T14:05:00Z,12,3.1666666666666665,5.666666666666667,3.8333333333333335,NA,3.1666666666666665,5.333333333333333,6
2020-04-08T14:05:00Z,13,2.6666666666666665,3,3,NA,3,1.3333333333333333,3
2020-04-08T14:05:00Z,14,6,6.8,7.4,3,4.8,1.4,5
2020-04-08T14:05:00Z,15,3.3333333333333335,3.3333333333333335,2.3333333333333335,NA,3.3333333333333335,1.3333333333333333,3
2020-04-08T14:05:00Z,16,4,4.75,4,4.5,3.25,0.5,4
2020-04-08T14:05:00Z,17,1.5,7,6,NA,2.5,0,2
2020-04-08T14:05:00Z,18,3.875,7.125,5,NA,4.625,3.125,8
2020-04-08T14:05:00Z,19,1,1,3,NA,5,3,1
2020-04-08T14:10:00Z,1,2.3333333333333335,2,2.6666666666666665,5,3.3333333333333335,1.3333333333333333,3
2020-04-08T14:10:00Z,2,3.9,3.5,4.4,NA,2.3,1.4,10
2020-04-08T14:10:00Z,4,5,4,4.75,NA,3.5,3.5,4
2020-04-08T14:10:00Z,5,3,5,3,1,3,0,1
2020-04-08T14:10:00Z,6,2,1.5,2,2.5,2,0.5,2
2020-04-08T14:10:00Z,11,6,9.5,5,4.5,5,3.5,2
2020-04-08T14:10:00Z,12,2.8,6.2,4.2,6,3,4.4,10
2020-04-08T14:10:00Z,13,2.5,1.5,3,NA,2,1.5,2
2020-04-08T14:10:00Z,14,5.6,6.4,7.2,NA,4.6,1.8,5
2020-04-08T14:10:00Z,15,3.5,2.75,2.75,NA,2.5,2.5,4
2020-04-08T14:10:00Z,16,3.75,3.25,4,3.5,2.25,0,4
2020-04-08T14:10:00Z,18,3.3333333333333335,6.666666666666667,3.6666666666666665,NA,4.333333333333333,4,3
2020-04-08T14:10:00Z,19,2,2,2,NA,4,3.5,2
2020-04-08T14:15:00Z,1,4,3.5,5,4,5.5,0,2
2020-04-08T14:15:00Z,2,3.8333333333333335,3.6666666666666665,5.166666666666667,NA,2.6666666666666665,1.1666666666666667,6
2020-04-08T14:15:00Z,4,5,3.5,4,NA,2.1666666666666665,4.333333333333333,6
2020-04-08T14:15:00Z,5,6,10,7,8,3,0,1
2020-04-08T14:15:00Z,11,5.5,9,5,4,4,3,2
2020-04-08T14:15:00Z,12,3.25,5.875,3.875,NA,3.125,4.625,8
2020-04-08T14:15:00Z,13,4,3.4,3.2,NA,3.6,1.2,5
2020-04-08T14:15:00Z,14,5.25,7,7,NA,4.75,1,4
2020-04-08T14:15:00Z,15,6,3.8,4,NA,2.6,1.2,5
2020-04-08T14:15:00Z,16,3.3333333333333335,5.666666666666667,3.3333333333333335,6,1.6666666666666667,0,3
2020-04-08T14:15:00Z,17,1.5,6,6.5,NA,4,1.5,2
2020-04-08T14:15:00Z,18,2.5,7.25,4.25,NA,4.5,3,4
2020-04-08T14:20:00Z,2,3.2857142857142856,4.142857142857143,4.857142857142857,NA,1.8571428571428572,0.5714285714285714,7
2020-04-08T14:20:00Z,4,5.333333333333333,3.6666666666666665,4.333333333333333,NA,2.6666666666666665,3.6666666666666665,3
2020-04-08T14:20:00Z,6,2.5,5.5,3.75,5.75,4.75,0.75,4
2020-04-08T14:20:00Z,11,6,5.5,7,2,6,2,2
2020-04-08T14:20:00Z,12,2.727272727272727,6,4.363636363636363,NA,3.272727272727273,4.181818181818182,11
2020-04-08T14:20:00Z,14,6,7.25,6.5,NA,4.75,3.25,4
2020-04-08T14:20:00Z,15,3,3.8333333333333335,3.1666666666666665,NA,2,1.8333333333333333,6
2020-04-08T14:20:00Z,16,6,5,6,6,4,0,1
2020-04-08T14:20:00Z,17,1,7,6,NA,5,2,1
2020-04-08T14:20:00Z,18,3.3333333333333335,7,4,NA,5,1.6666666666666667,3
2020-04-08T14:20:00Z,19,2.5,3.5,3,NA,6.5,2,2
2020-04-08T14:25:00Z,1,2,2,4,3,2,1,1
2020-04-08T14:25:00Z,2,2.6666666666666665,3.6666666666666665,5.333333333333333,NA,1.3333333333333333,1.6666666666666667,3
2020-04-08T14:25:00Z,4,5.333333333333333,4.333333333333333,4.333333333333333,NA,3,4.333333333333333,3
2020-04-08T14:25:00Z,6,2.3333333333333335,3.6666666666666665,3.3333333333333335,4.333333333333333,4.666666666666667,1,3
2020-04-08T14:25:00Z,11,6.25,9.25,4.75,4.25,4,2.5,4
2020-04-08T14:25:00Z,12,2.857142857142857,6.142857142857143,3.7142857142857144,NA,3.5714285714285716,5.285714285714286,7
2020-04-08T14:25:00Z,14,7,8,8,NA,4,3,1
2020-04-08T14:25:00Z,15,3,3,3,NA,3,0,1
2020-04-08T14:25:00Z,18,4.25,6.25,4.375,NA,5,2.375,8
2020-04-08T14:25:00Z,19,0,1.5,2,NA,3,1.5,2
2020-04-08T14:30:00Z,1,1,9,7,6,1,0,1
2020-04-08T14:30:00Z,2,3,3,5,NA,2,2,1
2020-04-08T14:30:00Z,4,4,3.8,2.8,NA,1.8,5,5
2020-04-08T14:30:00Z,5,3.5,6.5,4,1,3,0,2
2020-04-08T14:30:00Z,6,2,3,2,1.5,1.5,1,2
2020-04-08T14:30:00Z,11,6,9.333333333333334,5,4,4.666666666666667,2.3333333333333335,3
2020-04-08T14:30:00Z,12,2.7142857142857144,5.642857142857143,4.071428571428571,NA,3.2857142857142856,4.357142857142857,14
2020-04-08T14:30:00Z,13,1,1.5,2.5,NA,2,3.5,2
2020-04-08T14:30:00Z,14,6,7,6,NA,5,5,1
2020-04-08T14:30:00Z,15,3.25,4.5,5,NA,3.125,0.75,8
2020-04-08T14:30:00Z,16,6,4,4.666666666666667,6.666666666666667,6,0,3
2020-04-08T14:30:00Z,17,0.3333333333333333,6.666666666666667,5.333333333333333,NA,3,2.3333333333333335,3
2020-04-08T14:30:00Z,18,3,6.8,4.4,NA,5,2.6,5
2020-04-08T14:30:00Z,19,1,3,2,NA,3,1.5,2
2020-04-08T14:35:00Z,1,4,3.5,3,6.5,4,0,2
2020-04-08T14:35:00Z,2,3.2,4,5,NA,1,0.8,5
2020-04-08T14:35:00Z,4,4,3.5,4.5,NA,3,3.5,2
2020-04-08T14:35:00Z,5,4.5,7.5,4,6,4.5,0,2
2020-04-08T14:35:00Z,6,2.75,2.75,4,3.5,3.75,1,4
2020-04-08T14:35:00Z,11,5.75,6.5,4.25,3.75,4.75,1.75,4
2020-04-08T14:35:00Z,12,2.6666666666666665,6.333333333333333,3.8333333333333335,NA,3.3333333333333335,4.833333333333333,6
2020-04-08T14:35:00Z,13,2,1,2,NA,2,1,1
2020-04-08T14:35:00Z,14,6,6.5,7,NA,5,0,2
2020-04-08T14:35:00Z,15,5.142857142857143,5.142857142857143,3,NA,2.5714285714285716,0,7
2020-04-08T14:35:00Z,16,2.6666666666666665,2.3333333333333335,3.6666666666666665,4,5,0,3
2020-04-08T14:35:00Z,17,1.5,7,6,NA,3,1,2
2020-04-08T14:35:00Z,18,3.3333333333333335,7,4,NA,5.333333333333333,3.5,6
2020-04-08T14:35:00Z,19,0.5,2,1.5,NA,3.5,1.5,2
2020-04-08T14:40:00Z,1,2,1,6,4,2,1,1
2020-04-08T14:40:00Z,2,2.5,4,4,NA,2,1,2
2020-04-08T14:40:00Z,4,2,4,3,NA,3,7,1
2020-04-08T14:40:00Z,5,5,7,3,1,3,0,1
2020-04-08T14:40:00Z,6,0.75,3.5,3.5,3,3.75,0.5,4
2020-04-08T14:40:00Z,11,6,8.5,4.5,5,5.5,1,2
2020-04-08T14:40:00Z,12,3.3333333333333335,5.888888888888889,4.444444444444445,NA,2.4444444444444446,4.555555555555555,9
2020-04-08T14:40:00Z,14,6.333333333333333,7.666666666666667,6.333333333333333,NA,5,1.3333333333333333,3
2020-04-08T14:40:00Z,15,4,5,4.666666666666667,NA,1.6666666666666667,2,3
2020-04-08T14:40:00Z,16,4.75,4,6,5.75,3,0,4
2020-04-08T14:40:00Z,17,1.5,7,5.5,NA,3,1,2
2020-04-08T14:40:00Z,18,3.3333333333333335,6.666666666666667,3.6666666666666665,NA,5,4,3
2020-04-08T14:40:00Z,19,8,3,10,NA,7,0,1
2020-04-08T14:45:00Z,1,4,3,1,2,1,0,1
2020-04-08T14:45:00Z,2,6.5,1.5,6.5,NA,3,0,2
2020-04-08T14:45:00Z,4,6,6,6,NA,5,3,1
2020-04-08T14:45:00Z,6,4.5,2,6,6,2,0.5,2
2020-04-08T14:45:00Z,11,5,9,5,5,5,4,1
2020-04-08T14:45:00Z,12,4.555555555555555,5.111111111111111,5.444444444444445,NA,4,3.7777777777777777,9
2020-04-08T14:45:00Z,13,6,5,5,NA,4,0,1
2020-04-08T14:45:00Z,14,5.5,7,7,NA,4,2.5,2
2020-04-08T14:45:00Z,15,3,2.25,2.75,NA,2,1.5,4
2020-04-08T14:45:00Z,16,4.75,5,5.75,5.75,4.5,0,4
2020-04-08T14:45:00Z,17,1.3333333333333333,6.666666666666667,6,NA,2.6666666666666665,2.3333333333333335,3
2020-04-08T14:45:00Z,18,2.5,7,4,NA,4.5,4,2
2020-04-08T14:45:00Z,19,5,5,5.5,NA,6.5,1,2
2020-04-08T14:50:00Z,2,4,3.4,5,NA,1,1.4,5
2020-04-08T14:50:00Z,4,5.5,4.5,5,NA,3.25,3,4
2020-04-08T14:50:00Z,5,8,3,10,4,5,0,1
2020-04-08T14:50:00Z,6,2,3,1,2,2,0,1
2020-04-08T14:50:00Z,11,4.5,10,4.5,4,4.5,2,2
2020-04-08T14:50:00Z,12,2.625,5.875,4.625,NA,3,5.25,8
2020-04-08T14:50:00Z,13,3,0,7,NA,7,0,1
2020-04-08T14:50:00Z,14,7,6.25,6.25,NA,4.25,2.25,4
2020-04-08T14:50:00Z,15,2,2,4,NA,3,1.5,2
2020-04-08T14:50:00Z,16,2,3,1.5,1,1,0,2
2020-04-08T14:50:00Z,17,2,5,6,NA,3,2,1
2020-04-08T14:50:00Z,18,2.6666666666666665,7,4,NA,4.666666666666667,1.6666666666666667,3
2020-04-08T14:55:00Z,2,2.6666666666666665,4.333333333333333,5,NA,0,1.6666666666666667,3
2020-04-08T14:55:00Z,4,4,2.5,2.5,NA,3,5.5,2
2020-04-08T14:55:00Z,5,3.3333333333333335,4.666666666666667,6.333333333333333,3,3.3333333333333335,0.6666666666666666,3
2020-04-08T14:55:00Z,6,3,2,3,2,1,0,1
2020-04-08T14:55:00Z,11,6.5,9,5,3,5.5,2,2
2020-04-08T14:55:00Z,12,3.2,6,3.8,0,2.8,4.5,10
2020-04-08T14:55:00Z,13,6,4,5,NA,4,0,1
2020-04-08T14:55:00Z,14,4.5,5,7,NA,4.5,0.5,2
2020-04-08T14:55:00Z,15,6,6.5,6,NA,3.5,1.5,2
2020-04-08T14:55:00Z,16,4,5,4,6,5,0,1
2020-04-08T14:55:00Z,17,2,7,4.5,NA,6,1,2
2020-04-08T14:55:00Z,18,6.5,7,6,NA,3.5,0,2
2020-04-08T15:00:00Z,2,3.6666666666666665,4,5.333333333333333,NA,1.3333333333333333,2,3
2020-04-08T15:00:00Z,4,3,3.6666666666666665,2.6666666666666665,NA,2.6666666666666665,5.666666666666667,3
2020-04-08T15:00:00Z,5,5.5,6.5,4,0.5,3,0.5,2
2020-04-08T15:00:00Z,6,4,1.75,3.75,3.25,1.5,2,4
2020-04-08T15:00:00Z,11,5.5,9.5,5.5,4,5,1.5,2
2020-04-08T15:00:00Z,12,3,5.6,4.4,5,2.8,3.2,5
2020-04-08T15:00:00Z,13,5,4,4,NA,5,0,1
2020-04-08T15:00:00Z,14,6,6,6,NA,5,0,1
2020-04-08T15:00:00Z,15,3,3,3,NA,2,0,1
2020-04-08T15:00:00Z,16,4,4,4,5,3,0,1
2020-04-08T15:00:00Z,17,5.5,5.5,8,NA,2,1.5,2
2020-04-08T15:00:00Z,18,3.142857142857143,6.857142857142857,4.428571428571429,8,6,2.5714285714285716,7
2020-04-08T15:05:00Z,2,3.3333333333333335,4,5.666666666666667,2,1.3333333333333333,1,3
2020-04-08T15:05:00Z,4,8,5,5,NA,4,1,1
2020-04-08T15:05:00Z,5,4,7,4,1,3,0,1
2020-04-08T15:05:00Z,6,3.6666666666666665,6.666666666666667,5.666666666666667,4,6,1,3
2020-04-08T15:05:00Z,12,2.8181818181818183,6,4.090909090909091,NA,2.8181818181818183,4.7272727272727275,11
2020-04-08T15:05:00Z,13,2,2,1,NA,2,0,1
2020-04-08T15:05:00Z,14,4.333333333333333,7.333333333333333,8,NA,3.6666666666666665,2.6666666666666665,3
2020-04-08T15:05:00Z,15,2,5.25,4,NA,1.75,1,4
2020-04-08T15:05:00Z,16,6,4,5,5,6,0,1
2020-04-08T15:05:00Z,17,1,7,7,NA,2,2,1
2020-04-08T15:05:00Z,18,3,6,5,NA,4,4,1
2020-04-08T15:10:00Z,1,3,1,4,3,2,1,1
2020-04-08T15:10:00Z,2,3.25,4.75,4,NA,0.5,0.25,4
2020-04-08T15:10:00Z,4,4,3.4,3.4,NA,2.6,5.2,5
2020-04-08T15:10:00Z,5,4.5,5.5,3.5,1,3,0,2
2020-04-08T15:10:00Z,12,3.6666666666666665,6,4,NA,2.7777777777777777,5,9
2020-04-08T15:10:00Z,13,2,2,2,NA,3,5,1
2020-04-08T15:10:00Z,14,2,1,3,NA,0,0,1
2020-04-08T15:10:00Z,15,3,3,2,NA,2,0,1
2020-04-08T15:10:00Z,17,1,7,6,NA,3,1,1
2020-04-08T15:10:00Z,18,3.2,7.2,3.8,NA,5,1.8,5
2020-04-08T15:10:00Z,19,1,2,1,NA,2,1,1
2020-04-08T15:15:00Z,2,2,5,5,NA,1,0,1
2020-04-08T15:15:00Z,5,3,5,4,1,1,0,1
2020-04-08T15:15:00Z,6,2,2.5,3.5,2.5,1.25,1.5,4
2020-04-08T15:15:00Z,7,NA,8,7,NA,NA,5,1
2020-04-08T15:15:00Z,11,7,10,5,3,5,0,1
2020-04-08T15:15:00Z,12,3.5,5.25,4,NA,2.5,4.75,4
2020-04-08T15:15:00Z,14,5.5,7,8,NA,4.5,4.5,2
2020-04-08T15:15:00Z,16,4,3.75,3.25,3,2.5,0.5,4
2020-04-08T15:15:00Z,17,1.3333333333333333,6.666666666666667,7,NA,6,1.6666666666666667,3
2020-04-08T15:15:00Z,18,3.5,7,4,NA,5.25,3.5,4
2020-04-08T15:15:00Z,19,1,7,8,NA,4,0,1
2020-04-08T15:20:00Z,2,3.625,3.75,4.75,NA,1.625,1.375,8
2020-04-08T15:20:00Z,4,5,4.5,3,NA,2.75,4,4
2020-04-08T15:20:00Z,6,7,4.75,6,3.5,3.5,0.25,4
2020-04-08T15:20:00Z,11,5.5,9,4.5,4,5,1.5,2
2020-04-08T15:20:00Z,12,3.125,6,4.25,NA,3,3.875,8
2020-04-08T15:20:00Z,14,7,6,8,NA,6,4,1
2020-04-08T15:20:00Z,15,1.6,5.6,3.2,NA,5,0.2,5
2020-04-08T15:20:00Z,16,6,4.5,6.5,6.5,7,0,2
2020-04-08T15:20:00Z,18,3.25,6.75,3.75,NA,5,2.5,4
2020-04-08T15:20:00Z,19,7,6,10,NA,9,0,1
2020-04-08T15:25:00Z,2,3,4,5,NA,1.5,2.5,2
2020-04-08T15:25:00Z,12,3.1666666666666665,6,4.166666666666667,NA,2.6666666666666665,4.833333333333333,6
2020-04-08T15:25:00Z,13,1,1,1,NA,2,5,1
2020-04-08T15:25:00Z,14,6,7,7.5,NA,4,2,2
2020-04-08T15:25:00Z,15,3.4,3.8,4.2,NA,2.2,1.4,5
2020-04-08T15:25:00Z,16,3,4,3.5,2.5,2,1,2
2020-04-08T15:25:00Z,17,5.5,6.5,7.5,4,5.25,1,4
2020-04-08T15:25:00Z,18,3,7.5,3.5,NA,4,2,2
2020-04-08T15:25:00Z,19,1,3,1,NA,3,3,1
2020-04-08T15:30:00Z,1,2,4,9,6,6,0,1
2020-04-08T15:30:00Z,2,3.5,3,5.75,9,1.25,1.5,4
2020-04-08T15:30:00Z,4,4,3,4,NA,2,6,1
2020-04-08T15:30:00Z,5,5,5,4,2,3,1,1
2020-04-08T15:30:00Z,11,7,9,6,4,4,3,1
2020-04-08T15:30:00Z,12,2,6.25,3.75,NA,2.75,5.25,4
2020-04-08T15:30:00Z,13,5,5,5,NA,5,0,2
2020-04-08T15:30:00Z,14,6,3.5,7.5,NA,4,2,2
2020-04-08T15:30:00Z,15,6,8,3,NA,0,0,1
2020-04-08T15:30:00Z,16,4,6,6,6,4,0,1
2020-04-08T15:30:00Z,18,2.75,8,4.5,NA,3.75,2.25,4
2020-04-08T15:30:00Z,19,10,10,5,NA,6,0,1
2020-04-08T15:35:00Z,2,3.75,4.25,5.25,NA,1.25,0.75,4
2020-04-08T15:35:00Z,6,4,3.25,4.5,5,4.5,0.5,4
2020-04-08T15:35:00Z,7,NA,8,6,NA,NA,3,1
2020-04-08T15:35:00Z,11,6,10,6,3,6,1,1
2020-04-08T15:35:00Z,12,3.2,5.4,3.6,NA,2.6,4.4,5
2020-04-08T15:35:00Z,13,7,5.5,6,NA,3.5,0,2
2020-04-08T15:35:00Z,14,2.6666666666666665,4.333333333333333,4.333333333333333,NA,6.333333333333333,0,3
2020-04-08T15:35:00Z,16,5,3.3333333333333335,2,4.333333333333333,5,0,3
2020-04-08T15:35:00Z,17,0,7,6,NA,2,1,1
2020-04-08T15:35:00Z,19,1,1,2,NA,2,0,1
2020-04-08T15:40:00Z,1,1,2,4,3,3,0,1
2020-04-08T15:40:00Z,2,3,5,5,NA,1,0,1
2020-04-08T15:40:00Z,4,4.75,3.5,3,NA,2.75,5.5,4
2020-04-08T15:40:00Z,5,4,5,3.5,4.5,1,0,2
2020-04-08T15:40:00Z,6,3.5,1,1.5,0.5,5.5,0,2
2020-04-08T15:40:00Z,12,2.8,6.2,3.8,NA,2.8,5.2,5
2020-04-08T15:40:00Z,13,5,10,1,NA,4,0,1
2020-04-08T15:40:00Z,14,3,0,9,NA,5,0,1
2020-04-08T15:40:00Z,15,7,5,5,NA,2,1,1
2020-04-08T15:40:00Z,17,2,7,7,NA,3,2,1
2020-04-08T15:40:00Z,19,2,1,2,NA,3,4,1
2020-04-08T15:45:00Z,2,5.5,5.5,4,NA,4,0.5,2
2020-04-08T15:45:00Z,4,8,5.5,2.5,NA,5,0,2
2020-04-08T15:45:00Z,5,2,7,5,3,3,0,1
2020-04-08T15:45:00Z,11,7,8.5,2.5,4,5.5,1.5,2
2020-04-08T15:45:00Z,12,3.25,6.125,4.125,NA,2.875,5.25,8
2020-04-08T15:45:00Z,14,6,7.333333333333333,6.333333333333333,NA,4.666666666666667,4.666666666666667,3
2020-04-08T15:45:00Z,15,10,4,8,NA,3,0,1
2020-04-08T15:45:00Z,16,3.5,3,2,3.5,4.5,0,2
2020-04-08T15:45:00Z,19,2.5,1.5,4,NA,6,1,2
2020-04-08T15:50:00Z,1,3,0,4,4,2,1,1
2020-04-08T15:50:00Z,2,1.3333333333333333,5.666666666666667,6.333333333333333,NA,2.6666666666666665,0,3
2020-04-08T15:50:00Z,4,5.5,4,4,NA,3.5,5.5,2
2020-04-08T15:50:00Z,5,8,0,10,10,5,0,1
2020-04-08T15:50:00Z,6,6.5,0.5,3.5,3.5,0.5,0,2
2020-04-08T15:50:00Z,12,3,5.833333333333333,4.166666666666667,8,2.3333333333333335,5.5,6
2020-04-08T15:50:00Z,16,7,6,2,3,5,1,2
2020-04-08T15:50:00Z,17,5,7,6,NA,0,0,1
2020-04-08T15:50:00Z,18,2,8.5,7,NA,4,2.5,2
2020-04-08T15:55:00Z,2,5.5,5,3.5,NA,0,1.5,2
2020-04-08T15:55:00Z,4,6,2,1.5,NA,0.5,3.5,2
2020-04-08T15:55:00Z,5,3,3,6,5.5,9,0,2
2020-04-08T15:55:00Z,6,6,4,5,5,4.5,1,2
2020-04-08T15:55:00Z,12,2.5,6.5,3.5,9,3.5,5,2
2020-04-08T15:55:00Z,14,5.666666666666667,8.333333333333334,8,NA,6,2.3333333333333335,3
2020-04-08T15:55:00Z,15,3,3,3.5,NA,6.5,0,2
2020-04-08T15:55:00Z,16,5,5,5.5,6,4.5,0,2
2020-04-08T15:55:00Z,18,3.3333333333333335,5.666666666666667,2.6666666666666665,NA,5,3,3
2020-04-08T16:00:00Z,2,3,4.333333333333333,5.666666666666667,NA,1.3333333333333333,1.6666666666666667,3
2020-04-08T16:00:00Z,4,6.6,4.8,4.2,NA,3.8,3.4,5
2020-04-08T16:00:00Z,5,2.5,5.5,4.5,4.5,3,0,2
2020-04-08T16:00:00Z,6,3,4.666666666666667,3,2.6666666666666665,3.3333333333333335,0.3333333333333333,3
2020-04-08T16:00:00Z,11,5,9,5,5,6,4,1
2020-04-08T16:00:00Z,12,3,6.25,4.25,NA,3,4.5,4
2020-04-08T16:00:00Z,14,6,7.333333333333333,7,NA,4.666666666666667,1.3333333333333333,3
2020-04-08T16:00:00Z,15,7,7,9,NA,6,0,1
2020-04-08T16:00:00Z,16,4,5.666666666666667,4.333333333333333,4,4,0,3
2020-04-08T16:05:00Z,1,2,1,4,3,2,0,1
2020-04-08T16:05:00Z,2,5.5,4,7,1,6,1.5,2
2020-04-08T16:05:00Z,5,4,6,4,1,2,0,1
2020-04-08T16:05:00Z,6,1,3,1,3,2,1,1
2020-04-08T16:05:00Z,11,8,4.5,7,9,5,0,2
2020-04-08T16:05:00Z,12,4.142857142857143,6.142857142857143,3.5714285714285716,NA,4,3.2857142857142856,7
2020-04-08T16:05:00Z,14,10,3,3,NA,9,0,1
2020-04-08T16:05:00Z,15,6.5,7,5.5,NA,6,0.5,2
2020-04-08T16:05:00Z,18,3,7.5,3.75,NA,5.75,2.5,4
2020-04-08T16:10:00Z,2,7,5,5.25,NA,4.25,0,4
2020-04-08T16:10:00Z,4,4,7,3,NA,1,0,1
2020-04-08T16:10:00Z,5,4,5,4,2,3,0,1
2020-04-08T16:10:00Z,11,6,2,1,10,8,0,1
2020-04-08T16:10:00Z,12,2.8,5.8,3.6,NA,2.8,4.4,5
2020-04-08T16:10:00Z,13,2,2,2,NA,2,4,1
2020-04-08T16:10:00Z,15,3,3,2,NA,2,0,1
2020-04-08T16:10:00Z,16,10,7,1,7,0,0,1
2020-04-08T16:10:00Z,18,3,8,6,NA,4,5,1
2020-04-08T16:10:00Z,19,2,3.5,5,NA,3,1.5,2
2020-04-08T16:15:00Z,1,2.3333333333333335,1.6666666666666667,3.3333333333333335,5.333333333333333,4,0.3333333333333333,3
2020-04-08T16:15:00Z,2,3,3,4.333333333333333,NA,0.3333333333333333,1.6666666666666667,3
2020-04-08T16:15:00Z,4,5.5,3.5,4,NA,2.5,3.5,2
2020-04-08T16:15:00Z,6,7.8,2.4,5.6,4.8,6,0,5
2020-04-08T16:15:00Z,11,6,9,5,4,6,0,1
2020-04-08T16:15:00Z,12,3.25,5.75,4,NA,3,5.5,4
2020-04-08T16:15:00Z,14,6,8,7,NA,5,4,1
2020-04-08T16:15:00Z,15,3.3333333333333335,3.3333333333333335,3.3333333333333335,NA,2.3333333333333335,1,3
2020-04-08T16:15:00Z,16,2,2,1,2,1,2,1
2020-04-08T16:15:00Z,17,1.5,6,5.5,NA,3,1.5,2
2020-04-08T16:15:00Z,18,3,6.5,3.5,NA,4.5,3,2
2020-04-08T16:20:00Z,1,6,6,4.5,6.5,1.5,0,2
2020-04-08T16:20:00Z,2,3,7,9,NA,7,0,1
2020-04-08T16:20:00Z,4,3.5,3.5,3.5,NA,2,5.5,2
2020-04-08T16:20:00Z,5,3,10,8,1,7,0,1
2020-04-08T16:20:00Z,6,5.333333333333333,6,6.666666666666667,2.3333333333333335,5,1,3
2020-04-08T16:20:00Z,12,2.6666666666666665,6,3.6666666666666665,NA,3,4.333333333333333,3
2020-04-08T16:25:00Z,1,9,1,9,1,8,0,1
2020-04-08T16:25:00Z,2,3,3.5,5.5,NA,3.25,1.5,4
2020-04-08T16:25:00Z,4,3,3,3,NA,2,5,1
2020-04-08T16:25:00Z,6,8.5,4.5,7,3,6,0,2
2020-04-08T16:25:00Z,7,NA,8,6,NA,NA,6,1
2020-04-08T16:25:00Z,11,5,10,6,4,6,3,1
2020-04-08T16:25:00Z,12,3.5,6,3.5,NA,3.5,5.5,2
2020-04-08T16:25:00Z,14,6,7,7,NA,5,3,1
2020-04-08T16:25:00Z,15,7,10,1,5,3,1,1
2020-04-08T16:25:00Z,17,1,6,5,NA,4,0,1
2020-04-08T16:25:00Z,19,10,4,3,NA,6,0,1
2020-04-08T16:30:00Z,2,5.666666666666667,6,6,NA,2.6666666666666665,1.6666666666666667,3
2020-04-08T16:30:00Z,6,1,0,6,1,8,0,1
2020-04-08T16:30:00Z,11,5,10,5,4,5,3,1
2020-04-08T16:30:00Z,12,3.3333333333333335,6.666666666666667,4,NA,3,2.3333333333333335,3
2020-04-08T16:30:00Z,13,5.5,5,6,NA,5.5,0,2
2020-04-08T16:30:00Z,16,3.5,3.5,3.5,3.5,2.5,0.5,2
2020-04-08T16:30:00Z,18,4,7,5,NA,5,3,1
2020-04-08T16:35:00Z,2,2.5,4,5.25,NA,1.25,1,4
2020-04-08T16:35:00Z,4,5.5,7,2.5,NA,6.5,1,2
2020-04-08T16:35:00Z,5,3,6,4,1,2,0,1
2020-04-08T16:35:00Z,12,3.2,6.2,3.6,NA,2.8,4.8,5
2020-04-08T16:35:00Z,13,3,10,10,NA,2,0,1
2020-04-08T16:35:00Z,15,4,8,2,NA,6.5,0,2
2020-04-08T16:35:00Z,16,5,5,3,5,3,0,1
2020-04-08T16:40:00Z,2,6,4.5,5,NA,1,1.5,2
2020-04-08T16:40:00Z,4,5,4,5,NA,5,0,1
2020-04-08T16:40:00Z,6,2,3,3,1,2,2,1
2020-04-08T16:40:00Z,11,7,8.5,5,3.5,5.5,2.5,2
2020-04-08T16:40:00Z,12,3,5.5,3.5,NA,3.5,5.5,2
2020-04-08T16:40:00Z,13,2,1,2,NA,3,5,1
2020-04-08T16:40:00Z,15,2,4,4,NA,2,2,1
2020-04-08T16:40:00Z,18,3.5,7.5,5,NA,7.5,0,2
2020-04-08T16:45:00Z,2,5.666666666666667,4.666666666666667,5,NA,3.3333333333333335,0.6666666666666666,3
2020-04-08T16:45:00Z,4,6,5,5,NA,4,1,1
2020-04-08T16:45:00Z,6,8,9,0,3,3,0,1
2020-04-08T16:45:00Z,11,6,9,4,4,5,3,1
2020-04-08T16:45:00Z,12,3,4.333333333333333,3.3333333333333335,NA,2.3333333333333335,3.6666666666666665,3
2020-04-08T16:45:00Z,14,6.5,7.5,3.5,NA,5,0,2
2020-04-08T16:45:00Z,16,5.5,5,6,4.5,4,0,2
2020-04-08T16:45:00Z,17,2,9,10,NA,1,0,1
2020-04-08T16:45:00Z,18,2,7,6,NA,6,4,1
2020-04-08T16:45:00Z,19,0,2,4,NA,6,0,1
2020-04-08T16:50:00Z,2,3.75,3.5,5,NA,1.25,2,4
2020-04-08T16:50:00Z,4,7,3,2.5,NA,4.5,3,2
2020-04-08T16:50:00Z,6,6,3,8,4,9,0,1
2020-04-08T16:50:00Z,7,NA,9,5,NA,NA,4,1
2020-04-08T16:50:00Z,11,6,10,5,5,5,2,1
2020-04-08T16:50:00Z,12,4,6,5,NA,3,5.5,2
2020-04-08T16:50:00Z,14,0,10,10,NA,3,0,1
2020-04-08T16:50:00Z,15,6.5,5.5,1.5,NA,5,0,2
2020-04-08T16:50:00Z,16,6.666666666666667,3.6666666666666665,7.666666666666667,5.333333333333333,4.333333333333333,0,3
2020-04-08T16:50:00Z,18,3,7,4,NA,6,4,1
2020-04-08T16:55:00Z,2,3.75,5,5.5,NA,4.25,0.25,4
2020-04-08T16:55:00Z,4,4.25,5,5.25,NA,3.5,2.25,4
2020-04-08T16:55:00Z,6,9,2,1,2,0,0,1
2020-04-08T16:55:00Z,12,3.4,5.8,3.8,NA,3.4,5,5
2020-04-08T16:55:00Z,14,6,7,7,NA,5,0,1
2020-04-08T16:55:00Z,15,4,3,2,NA,3,0,1
2020-04-08T16:55:00Z,16,6.666666666666667,4.666666666666667,6.666666666666667,9.666666666666666,9,0.6666666666666666,3
2020-04-08T16:55:00Z,18,4,7,3,NA,5,4,1
2020-04-08T16:55:00Z,19,4.5,5.5,1.5,NA,2.5,0,2
2020-04-08T17:00:00Z,2,4.666666666666667,6,4.666666666666667,NA,3.6666666666666665,1,3
2020-04-08T17:00:00Z,4,5,5,4,NA,2,6,1
2020-04-08T17:00:00Z,6,4,5.666666666666667,5.333333333333333,2.6666666666666665,5.333333333333333,0,3
2020-04-08T17:00:00Z,11,6,8,5,4,5,3,2
2020-04-08T17:00:00Z,12,3,5,4,NA,2,5,2
2020-04-08T17:00:00Z,13,4.5,4,3.5,NA,4,0.5,2
2020-04-08T17:00:00Z,14,3,4,5,NA,5.5,0.5,2
2020-04-08T17:00:00Z,15,4,2,4,NA,2,3,1
2020-04-08T17:05:00Z,2,4,3.5,8,NA,1.5,1,2
2020-04-08T17:05:00Z,4,5,3,4,NA,1,6,1
2020-04-08T17:05:00Z,5,4.5,5,9,8,3.5,0,2
2020-04-08T17:05:00Z,6,7.333333333333333,7.333333333333333,4.333333333333333,5.333333333333333,1.3333333333333333,0,3
2020-04-08T17:05:00Z,12,3.3333333333333335,5.666666666666667,3.3333333333333335,NA,3,5.333333333333333,3
2020-04-08T17:05:00Z,14,7,6,6,NA,5,4,1
2020-04-08T17:05:00Z,15,0.5,4.5,5,NA,6.5,0,2
2020-04-08T17:05:00Z,18,2,4,10,NA,5,0,1
2020-04-08T17:10:00Z,2,4,7,6.5,NA,1,1,2
2020-04-08T17:10:00Z,4,10,1,3,NA,10,0,1
2020-04-08T17:10:00Z,5,2,9,8,3,2,0,1
2020-04-08T17:10:00Z,12,3,4.5,3.75,NA,3.25,3.75,4
2020-04-08T17:10:00Z,13,2,10,10,NA,3,0,1
2020-04-08T17:10:00Z,14,6,8,6,NA,5,4,1
2020-04-08T17:10:00Z,15,4,10,1,NA,8,0,1
2020-04-08T17:10:00Z,16,5.666666666666667,4.333333333333333,2.6666666666666665,4.333333333333333,5.333333333333333,0,3
2020-04-08T17:10:00Z,17,1,7,6,NA,3,1,1
2020-04-08T17:10:00Z,19,4,10,2,NA,6,0,1
2020-04-08T17:15:00Z,1,4,2.5,2,2,2,0,2
2020-04-08T17:15:00Z,5,3,5,4,0,4,0,1
2020-04-08T17:15:00Z,6,6.5,2,4.5,5,1.5,0,2
2020-04-08T17:15:00Z,12,4,5,4,NA,3,5,1
2020-04-08T17:15:00Z,15,3,2,3,NA,2,0,1
2020-04-08T17:15:00Z,18,6.5,3.5,5.5,2,5,2.5,2
2020-04-08T17:15:00Z,19,10,10,5,NA,2,0,1
2020-04-08T17:20:00Z,2,3,4,5,NA,0,0,1
2020-04-08T17:20:00Z,4,3,2,3,NA,2,6,1
2020-04-08T17:20:00Z,6,5,5,3,9,5.5,0.5,2
2020-04-08T17:20:00Z,12,2.6666666666666665,5.666666666666667,4,NA,3,4.666666666666667,3
2020-04-08T17:20:00Z,14,6,5,7,NA,5.5,0,2
2020-04-08T17:20:00Z,17,1,8,7,NA,4,2,1
2020-04-08T17:20:00Z,18,7,5,2.5,NA,5.5,0,2
2020-04-08T17:25:00Z,1,1,1,2,10,7,0,1
2020-04-08T17:25:00Z,2,4,3,6,NA,2,1,1
2020-04-08T17:25:00Z,5,4,7,3,2.5,6.5,0,2
2020-04-08T17:25:00Z,6,9,0,3,3,2,0,1
2020-04-08T17:25:00Z,12,3,6.5,4,NA,3,5,2
2020-04-08T17:25:00Z,14,6,7,8,NA,3,4,1
2020-04-08T17:25:00Z,15,5,5.5,10,NA,5,0,2
2020-04-08T17:25:00Z,18,3.3333333333333335,6.333333333333333,4.666666666666667,NA,5,1.3333333333333333,3
2020-04-08T17:25:00Z,19,1,2,4,NA,3,0,1
2020-04-08T17:30:00Z,2,4.333333333333333,6,6.666666666666667,NA,7,0.3333333333333333,3
2020-04-08T17:30:00Z,4,5.5,4.5,4,NA,2.5,4.5,2
2020-04-08T17:30:00Z,5,2,0,4,5,3,0,1
2020-04-08T17:30:00Z,6,0,1,6,8,4,0,1
2020-04-08T17:30:00Z,12,2.3333333333333335,6,4,NA,2.6666666666666665,4.333333333333333,3
2020-04-08T17:30:00Z,14,6,8,6,NA,5,4,1
2020-04-08T17:30:00Z,15,5,0,9,NA,9,0,1
2020-04-08T17:30:00Z,19,3,3,6.5,NA,2,0.5,2
2020-04-08T17:35:00Z,4,4,8,2,NA,1,0,1
2020-04-08T17:35:00Z,6,6,6,7,0,0,0,1
2020-04-08T17:35:00Z,12,3,6.5,4.5,NA,2.5,5,2
2020-04-08T17:35:00Z,14,7,8,6,NA,5,3,1
2020-04-08T17:35:00Z,15,9.5,5.5,3.5,NA,0,0.5,2
2020-04-08T17:35:00Z,16,9,10,8,5,6,1,1
2020-04-08T17:35:00Z,18,3,7,4,NA,6.5,2,2
2020-04-08T17:40:00Z,6,3.5,7.5,5,4.5,5.5,0,2
2020-04-08T17:40:00Z,12,3.3333333333333335,5.666666666666667,5,NA,4.333333333333333,4.166666666666667,6
2020-04-08T17:40:00Z,16,4,7,5,5,4,0,1
2020-04-08T17:45:00Z,1,3,1,3,2,2,1,1
2020-04-08T17:45:00Z,2,3,2,0,NA,4,0,1
2020-04-08T17:45:00Z,7,NA,10,10,NA,NA,0,1
2020-04-08T17:45:00Z,12,3,5.666666666666667,3.6666666666666665,NA,6,4,3
2020-04-08T17:45:00Z,14,5,10,6,NA,5,0,1
2020-04-08T17:50:00Z,1,10,6,10,3,8,0,1
2020-04-08T17:50:00Z,4,4,3,4,NA,2,6,1
2020-04-08T17:50:00Z,6,5,10,4,4,8,0,1
2020-04-08T17:50:00Z,11,9,2,10,4,7,0,1
2020-04-08T17:50:00Z,14,6,7,7.5,NA,5.5,4.5,2
2020-04-08T17:55:00Z,2,3,4,5,NA,1,1,1
2020-04-08T17:55:00Z,12,3,5.5,4,NA,3,5.5,2
2020-04-08T17:55:00Z,13,10,0,0,NA,9,0,1
2020-04-08T17:55:00Z,14,9,2,9,NA,10,0,1
2020-04-08T17:55:00Z,15,4,1,10,NA,5,0,1
2020-04-08T17:55:00Z,17,1,8,6,NA,3,2,1
2020-04-08T17:55:00Z,18,3,7,4,NA,5,4,1
2020-04-08T18:00:00Z,5,5.5,3,3.5,2,10,0,2
2020-04-08T18:00:00Z,12,3.5,6,5,NA,3.5,5,2
2020-04-08T18:00:00Z,15,5.5,9,6,NA,7,0,2
2020-04-08T18:05:00Z,2,3,4,5,NA,1,1,1
2020-04-08T18:05:00Z,5,5,2,9,5,10,0,1
2020-04-08T18:05:00Z,6,2,7,4,4,1,0,1
2020-04-08T18:05:00Z,11,2,6.5,3,6,4,0,2
2020-04-08T18:05:00Z,12,3,10,9,NA,8,0,1
2020-04-08T18:05:00Z,13,10,6,10,NA,4,0,1
2020-04-08T18:05:00Z,15,3,4,6,NA,6,0,1
2020-04-08T18:05:00Z,17,1,8,6,NA,4,2,1
2020-04-08T18:05:00Z,18,8,2,8,NA,8,0,1
2020-04-08T18:10:00Z,2,0,10,7,NA,9,0,1
2020-04-08T18:10:00Z,5,3,4,3,8,6,0,1
2020-04-08T18:10:00Z,6,5.5,5,5,9.5,9.5,0,2
2020-04-08T18:10:00Z,11,6,8,6,5,5,4,1
2020-04-08T18:10:00Z,12,5.333333333333333,6,2.6666666666666665,NA,5,3,3
2020-04-08T18:10:00Z,15,5.666666666666667,3.6666666666666665,3.3333333333333335,NA,4.666666666666667,0,3
2020-04-08T18:10:00Z,18,1,6,9,NA,10,0,1
2020-04-08T18:10:00Z,19,10,10,9,NA,0,0,1
2020-04-08T18:15:00Z,1,0,1,9,7,5,0,1
2020-04-08T18:15:00Z,4,7,6,6,NA,4,3,1
2020-04-08T18:15:00Z,6,5,0,9,9,6,0,1
2020-04-08T18:15:00Z,11,6,8,5,5,4,3,1
2020-04-08T18:15:00Z,13,6,5,6,NA,6,0,1
2020-04-08T18:15:00Z,14,8,2,10,NA,5,0,1
2020-04-08T18:15:00Z,17,2,7,7,NA,3,1,1
2020-04-08T18:15:00Z,18,7,9,10,NA,8,0,1
2020-04-08T18:15:00Z,19,10,6,10,NA,6,0,1
2020-04-08T18:20:00Z,2,6,5,2.5,NA,5.5,0,2
2020-04-08T18:20:00Z,4,4,3,3.5,NA,2,6,2
2020-04-08T18:20:00Z,6,10,9,9,9,1,0,1
2020-04-08T18:20:00Z,11,6,9,3,4,5,3,1
2020-04-08T18:20:00Z,18,9.5,5.5,7,NA,3.5,0,2
2020-04-08T18:25:00Z,2,1.6666666666666667,7.333333333333333,4.666666666666667,NA,4.333333333333333,0,3
2020-04-08T18:25:00Z,6,8,0.6666666666666666,7,3.3333333333333335,4.666666666666667,0,3
2020-04-08T18:25:00Z,12,3,7.25,4,NA,4.25,3,4
2020-04-08T18:25:00Z,18,6,7.5,3.5,NA,7.5,3,2
2020-04-08T18:30:00Z,2,3,5,6,NA,0,0,1
2020-04-08T18:30:00Z,13,6,9,1,NA,1,0,1
2020-04-08T18:30:00Z,14,7,7,7,NA,5,2,1
2020-04-08T18:30:00Z,15,1,7,0,NA,8,0,1
2020-04-08T18:30:00Z,18,10,10,3,NA,10,0,1
2020-04-08T18:35:00Z,4,4,3,3,NA,2,6,1
2020-04-08T18:35:00Z,6,5,1,6,8,8,0,1
2020-04-08T18:35:00Z,11,6,1,4,5,6,0,1
2020-04-08T18:35:00Z,15,4,6,6,NA,10,0,1
2020-04-08T18:35:00Z,16,1,5,5,10,10,0,1
2020-04-08T18:40:00Z,2,2,3,4,NA,1,2,1
2020-04-08T18:40:00Z,12,3,6,5,NA,1,5,1
2020-04-08T18:40:00Z,14,3,10,5,NA,10,0,1
2020-04-08T18:40:00Z,15,7,10,8,NA,0,0,1
2020-04-08T18:45:00Z,2,2.5,4.5,5.5,NA,1.5,1,2
2020-04-08T18:45:00Z,4,5,3,5,NA,7,0,1
2020-04-08T18:45:00Z,6,4,5.666666666666667,4,7,7.666666666666667,0,3
2020-04-08T18:45:00Z,12,3,7,4,NA,3,4.5,2
2020-04-08T18:45:00Z,16,6,9,9,5,7,0,1
2020-04-08T18:45:00Z,17,1,7,7,NA,2,1,1
2020-04-08T18:50:00Z,6,3.6666666666666665,6.666666666666667,4.666666666666667,7,1,0,3
2020-04-08T18:50:00Z,12,2.6666666666666665,6.666666666666667,5.666666666666667,NA,2.6666666666666665,4,3
2020-04-08T18:50:00Z,13,8,5,0,NA,6,0,1
2020-04-08T18:50:00Z,15,7,5,7,NA,3,0,1
2020-04-08T18:50:00Z,16,2,7,5,6.5,4,0,2
2020-04-08T18:50:00Z,18,4,7,5,NA,7,1,1
2020-04-08T18:55:00Z,1,7,5,10,7,10,0,1
2020-04-08T18:55:00Z,2,2,6,2.5,NA,1.5,0.5,2
2020-04-08T18:55:00Z,6,2,3,1,3,3,0,1
2020-04-08T18:55:00Z,12,2.6666666666666665,5.666666666666667,4,NA,3,4.666666666666667,3
2020-04-08T18:55:00Z,18,0,10,9,NA,0,0,1
2020-04-08T18:55:00Z,19,8,9,10,NA,5,0,1
2020-04-08T19:00:00Z,2,9,9,9,NA,10,0,1
2020-04-08T19:00:00Z,18,6.5,3.5,4.5,8,4.5,1.5,2
2020-04-08T19:05:00Z,2,7.5,5.5,7.5,4,6.5,0,2
2020-04-08T19:05:00Z,5,5,7,4,0,10,1,1
2020-04-08T19:05:00Z,6,6,6,0,10,6,0,1
2020-04-08T19:05:00Z,12,2.5,7.5,1.5,NA,5,2.5,2
2020-04-08T19:05:00Z,14,8,3,10,NA,0,0,1
2020-04-08T19:05:00Z,15,0,3,1,NA,10,0,1
2020-04-08T19:05:00Z,19,6,6,2,NA,10,0,1
2020-04-08T19:10:00Z,2,3,6,9,NA,0,1,1
2020-04-08T19:10:00Z,4,6,5,5,NA,4,3,1
2020-04-08T19:10:00Z,12,3,7,5,NA,4,5,1
2020-04-08T19:10:00Z,15,5,3.5,8,NA,2.5,0.5,2
2020-04-08T19:10:00Z,18,2,7,4,NA,5,4,1
2020-04-08T19:10:00Z,19,1,2,3,NA,2,3,1
2020-04-08T19:15:00Z,2,5,3.5,7,NA,3.5,1,2
2020-04-08T19:15:00Z,6,7.333333333333333,7.333333333333333,6.666666666666667,6,2.6666666666666665,0.3333333333333333,3
2020-04-08T19:15:00Z,16,10,10,8,4,10,0,1
2020-04-08T19:20:00Z,2,3,10,7,NA,8,0,1
2020-04-08T19:20:00Z,5,7,3,0,0,6,1,1
2020-04-08T19:20:00Z,6,3,3,7,4.75,6.25,0,4
2020-04-08T19:20:00Z,11,6,8,4,5,5,1,1
2020-04-08T19:20:00Z,14,8,8,0,NA,10,1,1
2020-04-08T19:25:00Z,11,6,10,10,0,8,1,1
2020-04-08T19:25:00Z,13,7,7,10,NA,3,0,1
2020-04-08T19:25:00Z,15,3.3333333333333335,7.666666666666667,4,NA,6.666666666666667,0.3333333333333333,3
2020-04-08T19:25:00Z,19,5,5,4,NA,10,0,1
2020-04-08T19:30:00Z,2,4,5,5,NA,0,2,1
2020-04-08T19:30:00Z,4,6,7,10,NA,6,0,1
2020-04-08T19:30:00Z,5,2,8,10,4,1,0,1
2020-04-08T19:30:00Z,6,9,1,6,8,3,0,1
2020-04-08T19:30:00Z,11,2,5,10,2,10,0,1
2020-04-08T19:30:00Z,14,1,1,10,NA,4,0,1
2020-04-08T19:30:00Z,15,2,1,10,NA,2,0,1
2020-04-08T19:35:00Z,12,7.5,8.5,5.5,NA,9.5,0,2
2020-04-08T19:35:00Z,15,8,5,7,NA,3,0,1
2020-04-08T19:35:00Z,19,7,10,9,NA,6,0,1
2020-04-08T19:40:00Z,5,4,5,4,0,3,0,1
2020-04-08T19:40:00Z,6,10,3,5.5,8.5,5.5,0,2
2020-04-08T19:40:00Z,12,3,6,4,NA,3,5,1
2020-04-08T19:40:00Z,15,10,7,10,NA,5,0,1
2020-04-08T19:40:00Z,18,2,1,1,NA,5,0,1
2020-04-08T19:45:00Z,2,1,5.5,5.5,NA,4,0.5,2
2020-04-08T19:45:00Z,4,8,10,5,NA,6,1,1
2020-04-08T19:45:00Z,5,1,7,5,1,9,0,1
2020-04-08T19:45:00Z,6,5.5,8.5,2.5,0.5,4,0,2
2020-04-08T19:45:00Z,15,4,4,6,NA,0,0,1
2020-04-08T19:45:00Z,19,1,9,10,NA,10,0,1
2020-04-08T19:50:00Z,1,0,10,5,0,7,0,1
2020-04-08T19:50:00Z,6,6.333333333333333,5,3.6666666666666665,5.666666666666667,7.666666666666667,0,3
2020-04-08T19:50:00Z,11,7.5,5.5,6.5,0.5,6.5,0,2
2020-04-08T19:50:00Z,15,5,10,5,NA,2,0,1
2020-04-08T19:50:00Z,16,5,6,3,4,10,0,1
2020-04-08T19:50:00Z,19,3,2,4,NA,3,0,1
2020-04-08T19:55:00Z,6,4,9,2,1,10,0,1
2020-04-08T19:55:00Z,12,7,6,6,NA,4,0,1
2020-04-08T19:55:00Z,13,6,1,0,NA,0,0,1
2020-04-08T19:55:00Z,15,6,4.75,3.75,NA,4.5,0,4
2020-04-08T20:00:00Z,1,5,9,2,9,10,0,1
2020-04-08T20:00:00Z,12,2.2,6,3.4,NA,3.2,3.8,5
2020-04-08T20:00:00Z,15,4.5,1.5,2.5,NA,4,0,2
2020-04-08T20:00:00Z,16,4,5,6,5,3,0,1
2020-04-08T20:00:00Z,18,3,9,3,NA,4,3,1
2020-04-08T20:05:00Z,5,9,10,1,2,8,0,1
2020-04-08T20:05:00Z,12,3,5,5,NA,0,5,1
2020-04-08T20:10:00Z,1,2,2,2,7,4,0,1
2020-04-08T20:10:00Z,2,3,8.5,5.5,NA,4,0.5,2
2020-04-08T20:10:00Z,16,0,10,0,3,2,0,1
2020-04-08T20:10:00Z,17,7,0,0,NA,7,0,1
2020-04-08T20:15:00Z,1,10,2,10,3,1,0,1
2020-04-08T20:15:00Z,2,8,3,9,NA,0,0,1
2020-04-08T20:15:00Z,15,10,10,8,NA,10,1,1
2020-04-08T20:20:00Z,1,9,8,5,8,5,0,1
2020-04-08T20:20:00Z,2,6,3,6,NA,7,0,1
2020-04-08T20:20:00Z,15,7,6.5,4.5,NA,2,0,2
2020-04-08T20:20:00Z,16,3,10,6,2,9,1,1
2020-04-08T20:25:00Z,1,8.5,6.5,4,6,5.5,0,2
2020-04-08T20:25:00Z,2,4,6.666666666666667,7,NA,5.333333333333333,0.3333333333333333,3
2020-04-08T20:25:00Z,5,7.5,3.5,5,2,2.5,0,2
2020-04-08T20:25:00Z,6,7.5,6.5,5.5,6,7.5,0,2
2020-04-08T20:25:00Z,14,9,4,4,NA,3,0,1
2020-04-08T20:25:00Z,16,0,2,8,10,5,0,1
2020-04-08T20:25:00Z,19,6,6,9,NA,8,0,1
2020-04-08T20:30:00Z,5,3.5,8,6,2,7,0,2
2020-04-08T20:30:00Z,14,1,10,10,NA,9,0,1
2020-04-08T20:35:00Z,2,4,5,7.5,NA,6.5,0,2
2020-04-08T20:35:00Z,13,5,6,5,NA,4,0,1
2020-04-08T20:35:00Z,14,5,6,5.333333333333333,NA,3.6666666666666665,0,3
2020-04-08T20:40:00Z,1,1,6,10,10,10,0,1
2020-04-08T20:40:00Z,2,3,8.5,6,NA,2,0,2
2020-04-08T20:40:00Z,6,5,6,3.6666666666666665,6,6.666666666666667,0,3
2020-04-08T20:40:00Z,12,7,6,6,NA,5,0,1
2020-04-08T20:40:00Z,16,7,8.5,5.5,7.5,9.5,0,2
2020-04-08T20:40:00Z,18,10,4,3,NA,9,0,1
2020-04-08T20:45:00Z,12,3,5,7,NA,6.5,3,2
2020-04-08T20:45:00Z,14,7.5,4,5,NA,6.5,0,2
2020-04-08T20:45:00Z,15,8,10,0,NA,2,0,1
2020-04-08T20:50:00Z,6,6,7,9,5,7,0.5,2
2020-04-08T20:50:00Z,11,6,1,8,8,10,0,1
2020-04-08T20:50:00Z,14,7,6,4,NA,0,0,1
2020-04-08T20:50:00Z,17,10,10,9,NA,10,0,1
2020-04-08T20:50:00Z,18,8,6,6,NA,6.5,0,2
2020-04-08T20:55:00Z,1,1,7,0,10,4,0,1
2020-04-08T20:55:00Z,6,6.5,3.5,8.5,4,4.5,0,2
2020-04-08T20:55:00Z,11,9,8,3,5,4,0,1
2020-04-08T20:55:00Z,12,10,7,6,NA,1,0,1
2020-04-08T20:55:00Z,15,1,5.666666666666667,3,NA,6.666666666666667,0,3
2020-04-08T20:55:00Z,18,10,10,10,NA,10,0,1
2020-04-08T21:00:00Z,2,4,4.5,8.5,NA,6.5,0,2
2020-04-08T21:00:00Z,6,4.5,5.5,2.5,4,6.5,0,2
2020-04-08T21:00:00Z,15,10,9,6,NA,7,0,1
2020-04-08T21:05:00Z,1,5,7,5,3,8,0,1
2020-04-08T21:05:00Z,2,5.666666666666667,7,7.333333333333333,NA,5,0,3
2020-04-08T21:05:00Z,11,2,6,10,10,10,0,1
2020-04-08T21:05:00Z,15,3,6,2,NA,2,0,1
2020-04-08T21:10:00Z,1,0,5,4,2,10,0,1
2020-04-08T21:10:00Z,2,5,1.5,7.5,NA,6,0,2
2020-04-08T21:10:00Z,6,5,7,9,6.666666666666667,3.6666666666666665,0,3
2020-04-08T21:15:00Z,1,7,0,4,5,2,0,1
2020-04-08T21:15:00Z,2,10,9,1,NA,3,0,1
2020-04-08T21:15:00Z,6,5.666666666666667,7.666666666666667,6.666666666666667,6.333333333333333,4.666666666666667,0,3
2020-04-08T21:20:00Z,1,9,6,5,9,10,1,1
2020-04-08T21:20:00Z,2,8,1,7,NA,5,0,1
2020-04-08T21:20:00Z,4,2,5,2,NA,0,0,1
2020-04-08T21:20:00Z,13,10,5,1,NA,7,1,1
2020-04-08T21:20:00Z,15,9,8,9,NA,5,0.5,2
2020-04-08T21:20:00Z,18,6,7,1,NA,1,1,1
2020-04-08T21:25:00Z,2,9,8,6.5,NA,1,0,2
2020-04-08T21:25:00Z,6,5.333333333333333,6.333333333333333,3.3333333333333335,5.333333333333333,3,0.3333333333333333,3
2020-04-08T21:25:00Z,11,10,6,9,1,3,0,1
2020-04-08T21:25:00Z,12,2,7,4,NA,2,2.5,2
2020-04-08T21:25:00Z,15,0,4,6,NA,8,0,1
2020-04-08T21:30:00Z,6,5,6,10,2,8,0,1
2020-04-08T21:30:00Z,14,1.5,5,8.5,NA,6,0,2
2020-04-08T21:35:00Z,2,2,6,1,NA,4,0,1
2020-04-08T21:35:00Z,6,10,10,8.5,4,2.5,0,2
2020-04-08T21:35:00Z,12,5,6,4,NA,4,7,1
2020-04-08T21:35:00Z,13,4,4,3,NA,5,0,1
2020-04-08T21:35:00Z,15,9.5,3.5,3,NA,6,0,2
2020-04-08T21:40:00Z,2,10,5,8,NA,6,0,1
2020-04-08T21:40:00Z,6,1,8.5,8.5,5.5,9,0,2
2020-04-08T21:40:00Z,19,1,2,2,6,3,4,1
2020-04-08T21:45:00Z,1,10,9,10,10,10,0,1
2020-04-08T21:45:00Z,2,5,1,2,NA,0,0,1
2020-04-08T21:45:00Z,15,9,6,5,NA,7,0,1
2020-04-08T21:50:00Z,2,5,7,1.5,NA,7,0,2
2020-04-08T21:50:00Z,6,9,10,10,2,10,0,1
2020-04-08T21:50:00Z,11,8,4,7,10,5,0,1
2020-04-08T21:50:00Z,15,6,10,5,NA,7,1,1
2020-04-08T21:50:00Z,19,4,5,1,NA,0,1,1
2020-04-08T21:55:00Z,12,6,10,1,NA,7,0,1
2020-04-08T21:55:00Z,14,0,10,6,NA,0,0,1
2020-04-08T21:55:00Z,18,10,2,0,NA,8,0,1
2020-04-08T22:00:00Z,2,8,9,6,NA,1,0,1
2020-04-08T22:00:00Z,5,10,5,1,7,10,0,1
2020-04-08T22:00:00Z,6,5.5,1,2.5,1,6,0,2
2020-04-08T22:00:00Z,15,4.5,5,8.5,NA,5.5,0,2
2020-04-08T22:05:00Z,2,2,3,10,NA,10,0,1
2020-04-08T22:05:00Z,4,5,4,3,NA,9,0,1
2020-04-08T22:05:00Z,6,8.333333333333334,2,3,5,7.333333333333333,0,3
2020-04-08T22:05:00Z,16,5.5,4.5,10,4.5,4,0,2
2020-04-08T22:10:00Z,1,0,8,10,10,8,0,1
2020-04-08T22:10:00Z,2,6.666666666666667,3.6666666666666665,4.333333333333333,NA,3.6666666666666665,0,3
2020-04-08T22:10:00Z,5,10,1,2,10,9,0,1
2020-04-08T22:10:00Z,12,9,10,4,NA,6,0,1
2020-04-08T22:10:00Z,15,4,1,7,NA,8,0,1
2020-04-08T22:10:00Z,19,7,9,3,NA,10,0,1
2020-04-08T22:15:00Z,2,4,10,5,NA,0,0,1
2020-04-08T22:15:00Z,5,9,3,2,4,6,0,1
2020-04-08T22:15:00Z,6,3.6666666666666665,6.666666666666667,6,5.666666666666667,7.666666666666667,0.3333333333333333,3
2020-04-08T22:15:00Z,11,10,2,0,8,3,0,1
2020-04-08T22:15:00Z,15,4.5,7.5,2,NA,7,0,2
2020-04-08T22:20:00Z,1,4,9,3,0,4,0,1
2020-04-08T22:20:00Z,11,4,10,9,3,1,0,1
2020-04-08T22:20:00Z,12,3,5,4,NA,4,6,1
2020-04-08T22:20:00Z,15,7,7,2,NA,6,1,1
2020-04-08T22:20:00Z,16,1,2,4,10,2,0,1
2020-04-08T22:20:00Z,18,10,7,10,NA,1,0,1
2020-04-08T22:25:00Z,1,7.5,5.5,8.5,1.5,8,0,2
2020-04-08T22:25:00Z,15,2,3,10,NA,6,0,2
2020-04-08T22:25:00Z,18,1,1,8,NA,4,0,1
2020-04-08T22:30:00Z,1,3,3,6,6,5,0,1
2020-04-08T22:30:00Z,2,2,0,10,NA,7,0,1
2020-04-08T22:30:00Z,15,3.5,9,6,9,5,0,2
2020-04-08T22:35:00Z,1,6,6,1,4,8,0,1
2020-04-08T22:35:00Z,2,2,0,10,NA,1,0,1
2020-04-08T22:35:00Z,14,3,9,3,NA,5,0,1
2020-04-08T22:35:00Z,18,10,1,3,NA,9,0,1
2020-04-08T22:40:00Z,2,7,4,5.5,NA,5.5,0,2
2020-04-08T22:40:00Z,4,2,2,9,NA,10,0,1
2020-04-08T22:40:00Z,6,4,5,7,4,8,0,2
2020-04-08T22:40:00Z,12,4,4,10,NA,6,0,1
2020-04-08T22:40:00Z,15,6,6.5,4,NA,7,0,2
2020-04-08T22:40:00Z,16,8,7,6,10,9,0,1
2020-04-08T22:45:00Z,1,3,9,6,10,10,0,1
2020-04-08T22:45:00Z,5,6,3,2,9,2,0,1
2020-04-08T22:45:00Z,19,1,7,0,NA,10,0,1
2020-04-08T22:50:00Z,2,5,6.5,6,NA,5,0.5,2
2020-04-08T22:50:00Z,6,3,7,8,4,1,1,1
2020-04-08T22:50:00Z,14,9,9,2,NA,8,0,1
2020-04-08T22:50:00Z,15,8,7,7,NA,8,0,1
2020-04-08T22:55:00Z,1,7.5,1,3,7.5,4,0,2
2020-04-08T22:55:00Z,2,5,10,8,NA,9,0,1
2020-04-08T22:55:00Z,14,10,3,5,NA,1,1,1
2020-04-08T22:55:00Z,15,2,2,10,NA,0,0,1
2020-04-08T23:00:00Z,6,0,7,2,10,9,0,1
2020-04-08T23:00:00Z,11,8.5,5.5,4.5,6.5,6.5,0,2
2020-04-08T23:00:00Z,15,10,8,3,NA,5,0,1
2020-04-08T23:00:00Z,16,8,9,8,7.5,8,0,2
2020-04-08T23:00:00Z,19,3,4,10,NA,1,0,1
2020-04-08T23:05:00Z,1,4,3,2,1,1,0,1
2020-04-08T23:05:00Z,6,6.5,5.5,8,10,2.5,0,2
2020-04-08T23:05:00Z,12,2,6,4,NA,2,6,1
2020-04-08T23:05:00Z,15,3,4,10,NA,3,0,1
2020-04-08T23:05:00Z,19,10,9,10,NA,8,0,1
2020-04-08T23:10:00Z,2,2.5,6.5,8,NA,4,0,2
2020-04-08T23:10:00Z,15,4,7,6,NA,0,0,1
2020-04-08T23:10:00Z,18,2,2,6,NA,10,0,1
2020-04-08T23:15:00Z,2,5,10,7,NA,5,0,1
2020-04-08T23:15:00Z,6,1,7,6,5,6,0,1
2020-04-08T23:15:00Z,14,1.5,6.5,8,NA,6,0,2
2020-04-08T23:15:00Z,15,3.5,3,4.5,NA,6,0,2
2020-04-08T23:15:00Z,17,9,6,5,NA,6,0,1
2020-04-08T23:20:00Z,5,7,8,0,2,5,0,1
2020-04-08T23:20:00Z,6,1,6,9,10,10,0,1
2020-04-08T23:20:00Z,15,6.5,9,7,NA,5,0,2
2020-04-08T23:20:00Z,16,0,3,8,1,3,0,1
2020-04-08T23:25:00Z,4,10,1,6,NA,5,0,1
2020-04-08T23:25:00Z,6,4,6,10,3,0,1,1
2020-04-08T23:25:00Z,19,2,2,8,NA,6,0,1
2020-04-08T23:30:00Z,2,10,4,8,NA,10,0,1
2020-04-08T23:30:00Z,4,6,2,7,7,1,0,1
2020-04-08T23:30:00Z,6,8.75,4.75,6.75,4.25,3.75,0,4
2020-04-08T23:30:00Z,12,3,1,9,NA,9,0,1
2020-04-08T23:35:00Z,6,10,10,2,3,8,0,1
2020-04-08T23:35:00Z,18,8,6,10,NA,7,0,1
2020-04-08T23:40:00Z,12,6,4.5,4,NA,4,2.5,2
2020-04-08T23:40:00Z,15,7,10,0,NA,3,0,1
2020-04-08T23:45:00Z,6,6.4,6,7.2,7.4,4.2,0,5
2020-04-08T23:45:00Z,9,8.498944033790918,8.48363252375924,8.489968321013727,6.598732840549102,7.519007391763464,1.7164730728616684,1894
2020-04-08T23:45:00Z,11,1,8,1,7,0,1,1
2020-04-08T23:45:00Z,12,10,5,10,NA,10,0,1
2020-04-08T23:45:00Z,16,3,4,5,3,10,0,1
2020-04-08T23:50:00Z,6,6,7,9,6,0,0,1
2020-04-08T23:50:00Z,15,5.333333333333333,8,6,NA,1.6666666666666667,0,3
2020-04-08T23:50:00Z,16,2,2,8,3,5,0,1
2020-04-08T23:55:00Z,6,3,9,3,9,10,0,1
2020-04-08T23:55:00Z,9,3,1,0,8,9,0,1
2020-04-08T23:55:00Z,13,3,10,6,NA,5,0,1
2020-04-08T23:55:00Z,15,5,10,4,NA,6,0,1
2020-04-08T23:55:00Z,19,0,7,10,NA,5,0,1
2020-04-09T00:00:00Z,5,10,5,3,8,0,0,1
2020-04-09T00:00:00Z,9,10,6,4,6,10,0,1
2020-04-09T00:00:00Z,12,3,5,5,NA,4,6,1
2020-04-09T00:00:00Z,15,8,4,10,NA,1,0,1
2020-04-09T00:05:00Z,2,10,0,1,NA,2,1,1
2020-04-09T00:05:00Z,6,9,3.3333333333333335,5.333333333333333,5.666666666666667,7,0,3
2020-04-09T00:05:00Z,12,10,4,10,NA,10,0,1
2020-04-09T00:05:00Z,13,1,10,9,NA,0,0,1
2020-04-09T00:05:00Z,16,1,8,10,2,0,0,1
2020-04-09T00:10:00Z,2,10,2,10,NA,10,0,1
2020-04-09T00:10:00Z,18,3,9,2,NA,2,0,1
2020-04-09T00:15:00Z,2,3.5,3.5,8.5,NA,4,0,2
2020-04-09T00:15:00Z,6,8,6,9,4,10,0,1
2020-04-09T00:15:00Z,14,6,9,5,NA,10,1,1
2020-04-09T00:15:00Z,15,1,6,10,NA,1,0,1
2020-04-09T00:15:00Z,18,9,0,7,NA,10,0,1
2020-04-09T00:20:00Z,1,7,10,10,9,10,0,1
2020-04-09T00:20:00Z,2,1,10,10,NA,4,0,1
2020-04-09T00:20:00Z,5,10,10,3,10,6,0,1
2020-04-09T00:20:00Z,6,6,10,4,10,10,0,1
2020-04-09T00:20:00Z,11,10,5,10,8,0,0,1
2020-04-09T00:20:00Z,14,7,4,8,NA,1.5,0,2
2020-04-09T00:20:00Z,15,8,9,6,NA,2,0,1
2020-04-09T00:25:00Z,2,5,4.5,10,NA,9.5,0,2
2020-04-09T00:25:00Z,6,0,10,7.5,8,7.5,0,2
2020-04-09T00:25:00Z,14,6.5,3.5,5,NA,4,0,2
2020-04-09T00:25:00Z,15,2,10,4,NA,3,0,1
2020-04-09T00:30:00Z,2,1,4,10,NA,5,0,1
2020-04-09T00:30:00Z,5,0,6,5,3,8,0,1
2020-04-09T00:30:00Z,6,7,10,9,3,3,1,1
2020-04-09T00:30:00Z,15,2.5,4.5,5,NA,3.5,0.5,2
2020-04-09T00:30:00Z,17,1,5,8,NA,0,1,1
2020-04-09T00:35:00Z,1,5,8,2,7,8,0,1
2020-04-09T00:35:00Z,2,3,4,5,NA,1,0,1
2020-04-09T00:35:00Z,9,7,4.666666666666667,8,6.333333333333333,5,0,3
2020-04-09T00:35:00Z,12,1,7,10,NA,10,0,1
2020-04-09T00:35:00Z,14,5,6,4,NA,9,0,1
2020-04-09T00:35:00Z,15,3,3,2,NA,2,0,1
2020-04-09T00:35:00Z,18,10,10,7,NA,10,0,1
2020-04-09T00:35:00Z,19,4,1,7,NA,5,0,1
2020-04-09T00:40:00Z,6,2,9,7,8,3,0,1
2020-04-09T00:40:00Z,9,9,5,3.5,3.5,9.5,0,2
2020-04-09T00:40:00Z,16,7.333333333333333,7.666666666666667,7,3,7.666666666666667,0,3
2020-04-09T00:40:00Z,17,0,0,8,NA,4,0,1
2020-04-09T00:45:00Z,1,7,5,2,0,10,0,1
2020-04-09T00:45:00Z,6,4.5,5,1.5,9.5,6,0,2
2020-04-09T00:45:00Z,9,5,0,0,4,3,0,1
2020-04-09T00:45:00Z,13,10,5,2,NA,6,0,1
2020-04-09T00:45:00Z,15,9,8,0,NA,6,0,1
2020-04-09T00:45:00Z,16,4,2,0,2,2,0,1
2020-04-09T00:50:00Z,6,2,9,0,3,2,0,1
2020-04-09T00:50:00Z,14,9,1,6,NA,9,0,1
2020-04-09T00:50:00Z,15,4,5,6,NA,2.5,0,2
2020-04-09T00:50:00Z,18,10,3,0,NA,10,0,1
2020-04-09T00:50:00Z,19,8,0,4,NA,9,0,1
2020-04-09T00:55:00Z,5,4,6.5,5.5,6,4,0,2
2020-04-09T00:55:00Z,9,6,7,5,4,0,0,1
2020-04-09T00:55:00Z,16,10,8,10,9,7,0,1
2020-04-09T01:00:00Z,2,1,5,4,NA,4,0,1
2020-04-09T01:00:00Z,3,6.809236947791165,8.6731369924141,6.794288264167783,7.809460062472111,5.823516287371709,4.172690763052209,4482
2020-04-09T01:00:00Z,17,1,6,3,NA,6,0,1
2020-04-09T01:00:00Z,18,10,2,3,NA,5,0,1
2020-04-09T01:05:00Z,2,6.75,8.75,1,NA,4.75,0.25,4
2020-04-09T01:05:00Z,6,3,3.5,4,0,4.5,0,2
2020-04-09T01:05:00Z,9,4,9,8,0,0,0,1
2020-04-09T01:05:00Z,11,7,2,10,2,10,0,1
2020-04-09T01:05:00Z,14,4,3,5,NA,2,0.5,2
2020-04-09T01:05:00Z,16,8,0,2,2,8,0,1
2020-04-09T01:05:00Z,18,2,5,10,NA,1,0,1
2020-04-09T01:10:00Z,6,5,5,7,3,0,0,1
2020-04-09T01:10:00Z,13,2,4,3,NA,6,0,1
2020-04-09T01:10:00Z,15,9,9,7,NA,6,0,1
2020-04-09T01:15:00Z,2,10,2,6,0,6,0,1
2020-04-09T01:15:00Z,3,8,6.333333333333333,5.666666666666667,4.333333333333333,3.3333333333333335,0,3
2020-04-09T01:15:00Z,4,1,0,9,NA,2,0,1
2020-04-09T01:15:00Z,5,3,9,10,5,7,0,1
2020-04-09T01:15:00Z,9,6,4,5,7,4,0,1
2020-04-09T01:15:00Z,12,10,10,5,NA,0,1,1
2020-04-09T01:15:00Z,15,3,0,3,NA,2,0,1
2020-04-09T01:20:00Z,2,0,7,8,NA,10,0,1
2020-04-09T01:20:00Z,5,2,9,1,6,5,1,1
2020-04-09T01:20:00Z,6,4.5,3,7.5,7.5,8,0,2
2020-04-09T01:20:00Z,11,7,8,7,10,0,0,1
2020-04-09T01:20:00Z,12,5.5,4.5,9.5,NA,4,0,2
2020-04-09T01:20:00Z,14,1,10,7,NA,3,0,1
2020-04-09T01:20:00Z,16,2,3,8,8,2,0,1
2020-04-09T01:25:00Z,1,6,4,4,3,3,1,1
2020-04-09T01:25:00Z,2,1.5,3.5,5.5,NA,3.5,0.5,2
2020-04-09T01:25:00Z,3,5,9,0,10,5,0,1
2020-04-09T01:25:00Z,5,10,4,4,0,10,0,1
2020-04-09T01:25:00Z,6,5,5,10,0,1,0,1
2020-04-09T01:25:00Z,13,1,6,2,NA,8,0,1
2020-04-09T01:25:00Z,17,5,10,7,NA,2,0,1
2020-04-09T01:25:00Z,18,5,10,5,NA,9,0,1
2020-04-09T01:25:00Z,19,8,7,10,NA,3,0,1
2020-04-09T01:30:00Z,2,9,5.5,6.5,NA,7.5,0,2
2020-04-09T01:30:00Z,4,10,0,5,NA,5,0,1
2020-04-09T01:30:00Z,9,1,10,2,0,4,0,1
2020-04-09T01:30:00Z,19,1,10,7,NA,1,0,1
2020-04-09T01:35:00Z,3,10,2,4,4,9,1,1
2020-04-09T01:35:00Z,5,7,4,7.5,9,4.5,0,2
2020-04-09T01:35:00Z,6,2,3.6666666666666665,2.6666666666666665,4,3.6666666666666665,0,3
2020-04-09T01:40:00Z,1,8,2,2,3,7,0,1
2020-04-09T01:40:00Z,2,10,5,9,NA,3,0,1
2020-04-09T01:40:00Z,3,6,2,0,4,0,0,1
2020-04-09T01:40:00Z,9,6,1,7,6,9,0,1
2020-04-09T01:40:00Z,11,8,5,4,10,7,0,1
2020-04-09T01:40:00Z,16,7,2,6,6,8,0,1
2020-04-09T01:40:00Z,17,0,4,9,NA,0,0,1
2020-04-09T01:45:00Z,2,8.5,5.5,9,NA,6.5,0,2
2020-04-09T01:45:00Z,9,10,8,10,1,3,0,1
2020-04-09T01:45:00Z,15,10,0,10,NA,3,0,1
2020-04-09T01:45:00Z,17,1,10,7,NA,6,0,1
2020-04-09T01:45:00Z,18,6,7,2,NA,7.5,0,2
2020-04-09T01:50:00Z,1,9,0,0,10,9,0,1
2020-04-09T01:50:00Z,2,7,1,4,NA,0,0,1
2020-04-09T01:50:00Z,3,5,4.5,6,6.5,10,0,2
2020-04-09T01:50:00Z,5,0,9,0,1,0,0,1
2020-04-09T01:50:00Z,6,9,10,0,4,7,1,1
2020-04-09T01:55:00Z,5,8,9,6,10,8,1,1
2020-04-09T01:55:00Z,6,6,10,9,9,0,0,1
2020-04-09T01:55:00Z,9,3.5,3.5,6.5,7.5,4.5,0,2
2020-04-09T01:55:00Z,11,2,4,5,8,10,1,1
2020-04-09T01:55:00Z,12,10,7,3,NA,7,0,1
2020-04-09T02:00:00Z,1,4,1,3,10,0,0,1
2020-04-09T02:00:00Z,2,6,3,4,NA,10,0,1
2020-04-09T02:00:00Z,6,9.5,5,6.5,7.5,7.5,0,2
2020-04-09T02:00:00Z,9,7.666666666666667,6.333333333333333,8,4.333333333333333,3,0,3
2020-04-09T02:00:00Z,14,7,6,10,NA,9,0,1
2020-04-09T02:00:00Z,15,10,8,0,NA,5,0,1
2020-04-09T02:05:00Z,1,8,7,10,10,2,0,1
2020-04-09T02:05:00Z,2,5,5,5,NA,4.5,0,2
2020-04-09T02:05:00Z,5,9,10,0,8,1,0,1
2020-04-09T02:05:00Z,6,4,5.5,3,0.5,2,0.5,2
2020-04-09T02:05:00Z,13,1,8,4.5,NA,6.5,0,2
2020-04-09T02:05:00Z,15,8.5,2,4,NA,6.5,0.5,2
2020-04-09T02:05:00Z,17,6,1,4,NA,6,0,1
2020-04-09T02:10:00Z,1,0,7.5,3.5,4.5,9,0,2
2020-04-09T02:10:00Z,3,3.5,4.5,9,5.5,5,0,2
2020-04-09T02:10:00Z,6,7,0,1,7,8,0,1
2020-04-09T02:10:00Z,16,6,6,6,7,0,1,1
2020-04-09T02:10:00Z,17,0,7,1,NA,3,0,1
2020-04-09T02:15:00Z,6,9,1,0,0,4,0,1
2020-04-09T02:15:00Z,9,9,8,0,6,5,0,1
2020-04-09T02:15:00Z,11,6,10,9,2,3,0,1
2020-04-09T02:15:00Z,12,10,5,3,NA,0,0,1
2020-04-09T02:15:00Z,14,8,10,10,NA,9,1,1
2020-04-09T02:15:00Z,15,4.5,5.75,5.5,NA,4.75,0,4
2020-04-09T02:15:00Z,16,10,4,10,7,9,0,1
2020-04-09T02:20:00Z,2,5,0,10,NA,8,0,1
2020-04-09T02:20:00Z,3,6.5,7.5,2,6.5,7,0,2
2020-04-09T02:20:00Z,12,6,9,4,NA,4,0,2
2020-04-09T02:20:00Z,13,6.5,5.5,8.5,NA,4,0.5,2
2020-04-09T02:20:00Z,17,5,10,7,NA,6,0,1
2020-04-09T02:25:00Z,6,9,10,5,7,0,0,1
2020-04-09T02:25:00Z,9,3.5,7.5,6,5,7.5,0.5,2
2020-04-09T02:25:00Z,12,8,2,8,NA,10,0,1
2020-04-09T02:25:00Z,14,9,1,2,NA,2,0,1
2020-04-09T02:30:00Z,2,0,6,8,NA,4,0,1
2020-04-09T02:30:00Z,3,9,5.5,0.5,7,6.5,0,2
2020-04-09T02:30:00Z,6,5,0,10,10,0,0,1
2020-04-09T02:30:00Z,14,10,10,10,NA,10,0,1
2020-04-09T02:30:00Z,15,7,1,2,NA,2,0,1
2020-04-09T02:30:00Z,16,8,2,10,4,0,0,1
2020-04-09T02:30:00Z,18,10,10,2,NA,5,0,1
2020-04-09T02:30:00Z,19,1.5,6,9,NA,6.5,0,2
2020-04-09T02:35:00Z,1,8,2,4,9,5,1,1
2020-04-09T02:35:00Z,6,3,4,7.5,5.5,9,0,2
2020-04-09T02:40:00Z,6,4,2,2,10,4,0,1
2020-04-09T02:40:00Z,11,3,9,6,7,1,0,1
2020-04-09T02:40:00Z,12,7,7,5,NA,2,0,1
2020-04-09T02:40:00Z,17,2,0,1,NA,4,0,1
2020-04-09T02:45:00Z,2,7.5,3.5,9,9,8.5,0,2
2020-04-09T02:45:00Z,6,3,8,1,8,3,0,1
2020-04-09T02:45:00Z,14,4,7,8,NA,9,0,1
2020-04-09T02:45:00Z,15,6,0,5,NA,10,0,1
2020-04-09T02:45:00Z,19,8,0,9,NA,10,0,1
2020-04-09T02:50:00Z,2,5.5,5.5,3,NA,6.5,0,2
2020-04-09T02:50:00Z,3,10,10,9,10,3,0,1
2020-04-09T02:50:00Z,6,8,5,6,7,5,0,1
2020-04-09T02:50:00Z,9,4,10,6,9,0,0,1
2020-04-09T02:50:00Z,15,9,2,7,NA,7,0,1
2020-04-09T02:50:00Z,16,8,10,8,10,9,0,1
2020-04-09T02:50:00Z,18,6,9,10,NA,10,0,1
2020-04-09T02:55:00Z,3,5.333333333333333,6.666666666666667,5.333333333333333,4,4.666666666666667,0,3
2020-04-09T02:55:00Z,5,9,1,1,5,0,0,1
2020-04-09T03:00:00Z,3,9.5,7,7.5,1,3,0,2
2020-04-09T03:00:00Z,5,1,0,8,0,5,0,1
2020-04-09T03:00:00Z,6,10,10,0,5,10,0,1
2020-04-09T03:00:00Z,9,1,4,4,3,3,1,1
2020-04-09T03:00:00Z,12,6,1,4,NA,5,0,1
2020-04-09T03:05:00Z,2,4,1,2,NA,10,0,1
2020-04-09T03:05:00Z,4,2,9,10,NA,0,0,1
2020-04-09T03:05:00Z,5,7.5,4,3,4.5,7,0,2
2020-04-09T03:05:00Z,6,6,0.5,4.5,5,1,0,2
2020-04-09T03:05:00Z,15,3.5,9.5,9.5,NA,0.5,0.5,2
2020-04-09T03:05:00Z,16,0,7,4,8,8,0,1
2020-04-09T03:10:00Z,5,0,9,2,7,7,0,1
2020-04-09T03:10:00Z,15,10,9,4,NA,5,0,1
2020-04-09T03:10:00Z,18,6,3.5,5,NA,9,0,2
2020-04-09T03:10:00Z,19,4.5,7,2,NA,9,0,2
2020-04-09T03:15:00Z,16,6,2,2,7,4,0,1
2020-04-09T03:20:00Z,3,10,10,6,1,8,0,1
2020-04-09T03:20:00Z,5,8,7,2,2,0,0,1
2020-04-09T03:20:00Z,6,6.5,6,4,5.5,4,0.5,2
2020-04-09T03:20:00Z,14,1,10,8,NA,3,0,1
2020-04-09T03:20:00Z,15,2,3.5,2,NA,6,0,2
2020-04-09T03:20:00Z,19,2,0,5.5,NA,2,0.5,2
2020-04-09T03:25:00Z,3,6,10,8,8,7,0,1
2020-04-09T03:25:00Z,4,9,3,3,NA,7,0,1
2020-04-09T03:25:00Z,6,10,6,8,9,10,1,1
2020-04-09T03:30:00Z,1,6,6,8,4,1,0,1
2020-04-09T03:30:00Z,3,2,10,3,0,2,0,1
2020-04-09T03:30:00Z,6,9,9,1,10,10,0,1
2020-04-09T03:30:00Z,13,10,4,8,NA,2,0,1
2020-04-09T03:30:00Z,15,2,6,10,NA,1,0,1
2020-04-09T03:35:00Z,2,7,10,5,NA,4,0,1
2020-04-09T03:35:00Z,4,8,9,2,NA,8,0,1
2020-04-09T03:35:00Z,6,1,7,10,0,0,0,1
2020-04-09T03:35:00Z,9,0,2,9,4,1,0,1
2020-04-09T03:35:00Z,17,4.5,7,1.5,NA,9.5,0,2
2020-04-09T03:40:00Z,1,10,7,1,3,6,0,1
2020-04-09T03:40:00Z,5,6,7,6,4,10,0,1
2020-04-09T03:40:00Z,6,6,1.5,5,9.5,5,0.5,2
2020-04-09T03:40:00Z,9,8,7.5,7.5,6,7.5,0,2
2020-04-09T03:40:00Z,15,3,10,3,NA,10,0,1
2020-04-09T03:45:00Z,11,2,4,10,7,0,0,1
2020-04-09T03:45:00Z,13,6,6,9,NA,0,0,1
2020-04-09T03:45:00Z,15,8,7,4,NA,4.333333333333333,0,3
2020-04-09T03:45:00Z,17,2.5,2.5,7,4,4,0,2
2020-04-09T03:45:00Z,18,7.333333333333333,4.666666666666667,7,NA,3.6666666666666665,0,3
2020-04-09T03:50:00Z,2,9,9,9,NA,10,0,1
2020-04-09T03:50:00Z,3,0,7,2,2,5,0,1
2020-04-09T03:50:00Z,4,5,6,7,NA,10,0,1
2020-04-09T03:50:00Z,6,9,0,6,5,5,0,1
2020-04-09T03:50:00Z,15,2.6666666666666665,7.666666666666667,5.333333333333333,NA,3,0,3
2020-04-09T03:50:00Z,16,6,8,3,5,4,0,1
2020-04-09T03:50:00Z,18,7,8,7,NA,5,0,1
2020-04-09T03:55:00Z,2,0.5,5,4,NA,5,0.25,4
2020-04-09T03:55:00Z,5,10,9,10,9,3,0,1
2020-04-09T03:55:00Z,6,9,6,2,8,5,0,1
2020-04-09T03:55:00Z,9,0,8,8,1,1,0,1
2020-04-09T03:55:00Z,15,4,7,10,NA,0,0,1
2020-04-09T04:00:00Z,3,3,4,6,4,4,0,1
2020-04-09T04:00:00Z,14,5,6,5,NA,10,0,1
2020-04-09T04:00:00Z,15,5,10,8,NA,8,0,1
2020-04-09T04:00:00Z,18,10,9,3,NA,10,0,1
2020-04-09T04:05:00Z,2,4,6,3.5,NA,8,0,2
2020-04-09T04:05:00Z,3,7,6,6,2,7,0,1
2020-04-09T04:05:00Z,9,5,6,1,5,8,0,1
2020-04-09T04:05:00Z,11,1,7,2,6,10,0,1
2020-04-09T04:05:00Z,15,6,1,6,NA,3.5,0.5,2
2020-04-09T04:05:00Z,18,6,7.5,2.5,NA,4.5,0.5,2
2020-04-09T04:10:00Z,3,2,1.5,4,3.5,6,0,2
2020-04-09T04:10:00Z,9,6,1,6,2,3,0,1
2020-04-09T04:10:00Z,14,6,9,5,NA,7,0,1
2020-04-09T04:10:00Z,15,7,3,1,NA,4,0,1
2020-04-09T04:15:00Z,6,4,10,10,0,6,0,1
2020-04-09T04:15:00Z,9,3.6666666666666665,1.6666666666666667,5.333333333333333,4,7.666666666666667,0,3
2020-04-09T04:15:00Z,15,10,6,10,NA,8,0,1
2020-04-09T04:20:00Z,1,5,5,4,1,4,0,1
2020-04-09T04:20:00Z,2,5,1,8,NA,10,0,1
2020-04-09T04:20:00Z,6,5,10,3,10,3,0,1
2020-04-09T04:20:00Z,9,9,1,10,10,10,0,1
2020-04-09T04:20:00Z,12,10,10,5,NA,9,0,1
2020-04-09T04:20:00Z,14,10,7,1,NA,2,0,1
2020-04-09T04:20:00Z,16,3,4,2,0,8,0,1
2020-04-09T04:25:00Z,3,5,6.75,5,5.75,8.25,0,4
2020-04-09T04:25:00Z,6,0,7,3,10,8,0,1
2020-04-09T04:25:00Z,9,2.3333333333333335,5.666666666666667,4.666666666666667,9.333333333333334,5.333333333333333,0,3
2020-04-09T04:25:00Z,15,4,1,7,NA,0,0,1
2020-04-09T04:25:00Z,17,8,4,2,NA,10,0,1
2020-04-09T04:30:00Z,3,1,5.5,4.5,5,7.5,0,2
2020-04-09T04:30:00Z,9,4,2,10,6,4,0,1
2020-04-09T04:30:00Z,11,6,7,9,8,1,0,1
2020-04-09T04:30:00Z,15,6.5,6.5,2,NA,8,0,2
2020-04-09T04:35:00Z,2,8,4.5,5.5,NA,6,0,2
2020-04-09T04:35:00Z,4,3,5,0,NA,4,0,1
2020-04-09T04:35:00Z,9,3,10,2,10,3,0,1
2020-04-09T04:35:00Z,14,6,5.5,7,NA,5,0.5,2
2020-04-09T04:35:00Z,15,1,7,2,NA,2,0,1
2020-04-09T04:40:00Z,5,3,6,5,7,7,0,1
2020-04-09T04:40:00Z,9,5,7,10,2,2,0,1
2020-04-09T04:40:00Z,10,5.970866715222141,8.858703568827385,6.029133284777859,5,6.902403495994173,1.8142753095411508,1373
2020-04-09T04:40:00Z,14,8,2,3.5,NA,9,0,2
2020-04-09T04:40:00Z,15,1,4,2,NA,3,0,1
2020-04-09T04:40:00Z,19,6,10,4,NA,3,0,1
2020-04-09T04:45:00Z,1,4,3,5,4.5,6,0.5,2
2020-04-09T04:45:00Z,9,0,10,1,10,9,0,1
2020-04-09T04:45:00Z,10,9,8,1,NA,10,0,1
2020-04-09T04:45:00Z,11,6,2,5,8,7,0,1
2020-04-09T04:45:00Z,19,0,1,3,NA,1,0,1
2020-04-09T04:50:00Z,3,0,8,10,8,9,1,1
2020-04-09T04:50:00Z,10,4,5,5,NA,6,0,1
2020-04-09T04:50:00Z,11,10,3,6,10,10,0,1
2020-04-09T04:55:00Z,9,7,9,0,0,3,1,1
2020-04-09T04:55:00Z,14,10,1,10,NA,10,0,1
2020-04-09T04:55:00Z,15,7,2,0,NA,7,0,1
2020-04-09T04:55:00Z,18,4,10,0,NA,6,0,1
2020-04-09T04:55:00Z,19,4,5,9,NA,0,0,1
2020-04-09T05:00:00Z,3,2.5,7,7.5,9,1.5,0,2
2020-04-09T05:00:00Z,5,6,5,7,7,5,0,1
2020-04-09T05:00:00Z,6,6,5,2,7,6,0,1
2020-04-09T05:00:00Z,18,10,5,6,NA,10,0,1
2020-04-09T05:05:00Z,3,6,0,10,10,8,0,1
2020-04-09T05:05:00Z,9,5,7,4,7,7,0,1
2020-04-09T05:05:00Z,16,5,4,4,5,0,0,1
2020-04-09T05:10:00Z,3,6,5.666666666666667,8.333333333333334,6.666666666666667,5.333333333333333,0,3
2020-04-09T05:10:00Z,4,6,10,9,NA,2,0,1
2020-04-09T05:10:00Z,6,2.5,4.5,2.5,8,4.5,0,2
2020-04-09T05:10:00Z,14,4.5,6.5,0.5,NA,2.5,0,2
2020-04-09T05:10:00Z,16,7,10,0,9,5,0,1
2020-04-09T05:15:00Z,1,2,1,4,1,6,0,1
2020-04-09T05:15:00Z,2,2,4,0,NA,10,0,1
2020-04-09T05:15:00Z,6,2,8,10,3,0,0,1
2020-04-09T05:15:00Z,9,3,2,6,5,7,0,1
2020-04-09T05:15:00Z,11,4,10,7,9,6,0,1
2020-04-09T05:15:00Z,12,1,2,0,NA,1,0,1
2020-04-09T05:15:00Z,15,4,1,10,NA,8,0,1
2020-04-09T05:15:00Z,19,3,4.666666666666667,2.6666666666666665,NA,6,0,3
2020-04-09T05:20:00Z,2,5.333333333333333,6.666666666666667,3.6666666666666665,NA,4.666666666666667,0,3
2020-04-09T05:20:00Z,5,10,10,9,9,3,1,1
2020-04-09T05:20:00Z,10,1,2,10,NA,10,0,1
2020-04-09T05:20:00Z,12,10,7,5,NA,6,0,1
2020-04-09T05:20:00Z,15,6,5,10,NA,7,0,1
2020-04-09T05:20:00Z,16,6,9.5,10,2,4.5,0,2
2020-04-09T05:25:00Z,2,7,1,0,NA,5,0,1
2020-04-09T05:25:00Z,6,5,5,9,10,5,0,1
2020-04-09T05:25:00Z,9,7,5,8,10,6,0,1
2020-04-09T05:25:00Z,13,5,8,5,NA,1,0,1
2020-04-09T05:25:00Z,18,5,3,7,NA,1,0,1
2020-04-09T05:30:00Z,1,1.5,5.5,5,8,6,0.5,2
2020-04-09T05:30:00Z,3,4,4.5,4.5,8,7.5,0,2
2020-04-09T05:30:00Z,6,2,7,2.5,10,8.5,0,2
2020-04-09T05:30:00Z,10,3.5,6,5,NA,5.5,0,2
2020-04-09T05:30:00Z,12,0,6,4,NA,7,0,1
2020-04-09T05:30:00Z,14,4,3,6,NA,10,0,1
2020-04-09T05:30:00Z,18,0,0,4,NA,0,0,1
2020-04-09T05:35:00Z,2,7,1,8,NA,9,0,1
2020-04-09T05:35:00Z,3,1,2,8,2,2,0,1
2020-04-09T05:35:00Z,5,4,6,1,9,4,0,1
2020-04-09T05:35:00Z,6,2.5,5,8,6,7.5,0,2
2020-04-09T05:35:00Z,9,8,5,9,9,4,1,1
2020-04-09T05:35:00Z,14,2,5,5,NA,9,0,2
2020-04-09T05:35:00Z,17,7,5,6,NA,10,0,1
2020-04-09T05:35:00Z,18,5,9,6,NA,3,0,1
2020-04-09T05:40:00Z,6,1,10,5,10,8,1,1
2020-04-09T05:40:00Z,9,8,6.5,4.5,5.5,1,0.5,2
2020-04-09T05:40:00Z,10,3,2,3,NA,5,0,1
2020-04-09T05:40:00Z,14,10,3,1,NA,10,0,1
2020-04-09T05:40:00Z,15,6.333333333333333,4,2.6666666666666665,NA,6,0,3
2020-04-09T05:40:00Z,19,4,9.5,6,NA,7,0,2
2020-04-09T05:45:00Z,10,10,6,6,NA,0,0,1
2020-04-09T05:45:00Z,14,4.5,3.5,1.5,NA,7,0,2
2020-04-09T05:45:00Z,18,3.5,6,4,NA,5,0,2
2020-04-09T05:50:00Z,2,4,6,8,NA,8,0,1
2020-04-09T05:50:00Z,6,4,8,8,4,7,0,1
2020-04-09T05:50:00Z,14,7.666666666666667,4.666666666666667,6.666666666666667,NA,4,0,3
2020-04-09T05:50:00Z,16,7,5,4.5,7.5,5.5,0,2
2020-04-09T05:50:00Z,17,7,10,0,NA,10,0,1
2020-04-09T05:50:00Z,19,10,10,0,NA,6,0,1
2020-04-09T05:55:00Z,2,10,5.5,7,NA,10,0,2
2020-04-09T05:55:00Z,3,4,8,1,9,5,0,1
2020-04-09T05:55:00Z,9,6,7.5,9.5,4.75,7.5,0,4
2020-04-09T05:55:00Z,10,8,0,8,NA,6,1,1
2020-04-09T05:55:00Z,15,8,1,10,NA,8,0,1
2020-04-09T06:00:00Z,2,5,3,0,NA,5,0,1
2020-04-09T06:00:00Z,3,8,10,9,3,1,0,1
2020-04-09T06:00:00Z,5,2,6,4,1,8,0,1
2020-04-09T06:00:00Z,6,0,4,7,1,6.5,0,2
2020-04-09T06:00:00Z,9,0,0,5,3,10,0,1
2020-04-09T06:00:00Z,11,1,10,1,4,10,0,1
2020-04-09T06:00:00Z,12,6,8,3,NA,9,0,1
2020-04-09T06:00:00Z,15,5,6,6,NA,5.5,0,2
2020-04-09T06:05:00Z,3,0,2,1,10,10,0,1
2020-04-09T06:05:00Z,14,7.5,5,4.5,NA,5.5,0.5,2
2020-04-09T06:05:00Z,15,10,1,3,NA,4,0,1
2020-04-09T06:05:00Z,16,0,1,10,7,5,1,1
2020-04-09T06:05:00Z,19,10,10,4,NA,0,0,1
2020-04-09T06:10:00Z,4,2,4,5,NA,4,0,1
2020-04-09T06:10:00Z,5,7,2,8,6,4,0,1
2020-04-09T06:10:00Z,6,4,9,8,7,10,1,1
2020-04-09T06:10:00Z,10,0,2,8,NA,4,0,1
2020-04-09T06:10:00Z,12,6.5,8,2,NA,3,0,2
2020-04-09T06:10:00Z,15,10,7,7,NA,6,0,1
2020-04-09T06:10:00Z,18,1,2,3,NA,0,0,1
2020-04-09T06:15:00Z,1,10,10,2,4,4,1,1
2020-04-09T06:15:00Z,2,5,6,3,NA,2,0,1
2020-04-09T06:15:00Z,6,10,10,4,9,1,0,1
2020-04-09T06:15:00Z,14,8,5,1,NA,10,0,1
2020-04-09T06:15:00Z,15,9.5,3.5,2.5,NA,8.5,0.5,2
2020-04-09T06:15:00Z,16,6,8.5,9,7,5,0,2
2020-04-09T06:15:00Z,18,10,0,8,NA,6,0,1
2020-04-09T06:20:00Z,1,9,4,8,1,5,0,1
2020-04-09T06:20:00Z,5,7,4,6,7,3,0,1
2020-04-09T06:20:00Z,6,3,5.666666666666667,3.3333333333333335,4.666666666666667,7,0.3333333333333333,3
2020-04-09T06:20:00Z,9,8.333333333333334,3,7.666666666666667,6.333333333333333,6,0,3
2020-04-09T06:20:00Z,14,6,8,10,NA,6,0,1
2020-04-09T06:20:00Z,15,6,7,5.5,NA,6,0,2
2020-04-09T06:25:00Z,1,3,3,2,3,4,0,1
2020-04-09T06:25:00Z,6,8,9,0,7,10,0,1
2020-04-09T06:25:00Z,9,4,10,7,5,7,0,1
2020-04-09T06:30:00Z,3,5,5,8,0,9,0,1
2020-04-09T06:30:00Z,6,10,1,8,1,3,0,1
2020-04-09T06:30:00Z,15,4,7.5,7.5,NA,4,0,2
2020-04-09T06:30:00Z,19,5,2,9,NA,7,0,1
2020-04-09T06:35:00Z,3,2,1,0,4,1,0,1
2020-04-09T06:35:00Z,4,9,4.5,6.5,NA,4.5,0,2
2020-04-09T06:35:00Z,10,1,8,1,NA,4,0,1
2020-04-09T06:35:00Z,12,4,0,10,NA,2,0,1
2020-04-09T06:35:00Z,13,10,4,0,NA,7,0,1
2020-04-09T06:35:00Z,14,7,10,8,NA,0,0,1
2020-04-09T06:35:00Z,15,5,5.5,5.5,NA,3,0,2
2020-04-09T06:35:00Z,16,0,5,8,2,10,0,1
2020-04-09T06:35:00Z,18,3,0,9,NA,3,0,1
2020-04-09T06:40:00Z,6,1,9,10,10,0,0,1
2020-04-09T06:40:00Z,13,5,9,2,NA,10,0,1
2020-04-09T06:40:00Z,17,2,10,5,NA,8,0,1
2020-04-09T06:45:00Z,1,7,10,10,10,2,0,1
2020-04-09T06:45:00Z,4,10,2,2,NA,3,0,1
2020-04-09T06:45:00Z,6,6,9,2,7,7,0,1
2020-04-09T06:45:00Z,12,0,2,8,NA,7,0,1
2020-04-09T06:45:00Z,14,10,4,1,NA,4,0,1
2020-04-09T06:45:00Z,15,1,2,9,NA,9,1,1
2020-04-09T06:50:00Z,2,5,9,5.5,NA,5,0,2
2020-04-09T06:50:00Z,5,7,8,9,10,0,0,1
2020-04-09T06:50:00Z,6,6,6,6,6.5,0.5,0,2
2020-04-09T06:50:00Z,15,4,6,6.5,NA,6.5,0,2
2020-04-09T06:55:00Z,2,2,3,10,NA,1,0,1
2020-04-09T06:55:00Z,3,3.6666666666666665,1.3333333333333333,5.333333333333333,4,7,0,3
2020-04-09T06:55:00Z,12,10,7,7,NA,0,0,1
2020-04-09T06:55:00Z,16,2,1,0,9,10,1,1
2020-04-09T06:55:00Z,17,0,9,0,NA,10,0,1
2020-04-09T06:55:00Z,18,10,3,7,NA,10,0,1
2020-04-09T07:00:00Z,6,9,1,9,3,1,0,1
2020-04-09T07:00:00Z,11,8,6,0,1,10,0,1
2020-04-09T07:00:00Z,13,5,1,6,NA,8,0,1
2020-04-09T07:00:00Z,14,4.5,6,7,NA,5,0,2
2020-04-09T07:00:00Z,15,3.5,6.5,6,NA,1.5,0,2
2020-04-09T07:00:00Z,17,6,10,6,NA,6,1,1
2020-04-09T07:05:00Z,6,10,10,4,3,2,0,1
2020-04-09T07:05:00Z,9,6,9,10,3,10,0,1
2020-04-09T07:05:00Z,11,6,6,8,9,0,0,1
2020-04-09T07:05:00Z,14,8,9,0,NA,1,0,1
2020-04-09T07:05:00Z,19,10,2,10,NA,1,0,1
2020-04-09T07:10:00Z,2,6,4,6.5,NA,6,0,2
2020-04-09T07:10:00Z,6,5.5,1,10,7,6.5,0,2
2020-04-09T07:10:00Z,9,8,7,10,10,9,0,1
2020-04-09T07:10:00Z,12,8,2,6,NA,3,0,1
2020-04-09T07:10:00Z,15,2,5.5,4,NA,3,0,2
2020-04-09T07:15:00Z,1,5,8,5,2,0,0,1
2020-04-09T07:15:00Z,2,3.5,0.5,3.5,NA,4.5,0,2
2020-04-09T07:15:00Z,6,10,8,6,2,4,0,1
2020-04-09T07:15:00Z,10,7,6,3,NA,6,0,1
2020-04-09T07:15:00Z,15,2,5,8,NA,4,0,2
2020-04-09T07:15:00Z,16,2,0,0,2,2,0,1
2020-04-09T07:20:00Z,2,7,8,4,NA,2,0,1
2020-04-09T07:20:00Z,3,2,0,10,5,7,0,1
2020-04-09T07:20:00Z,6,8.5,7,2.5,5,8.5,0,2
2020-04-09T07:20:00Z,11,9,10,10,4,4,0,1
2020-04-09T07:25:00Z,2,9,5.5,7,NA,6.5,0,2
2020-04-09T07:25:00Z,6,8,1.5,8,5,1,0,2
2020-04-09T07:25:00Z,9,6,1,6.5,7,5,0,2
2020-04-09T07:25:00Z,19,0,9,8,NA,5,0,1
2020-04-09T07:30:00Z,2,5,5.5,5.5,NA,1.5,0,2
2020-04-09T07:30:00Z,3,9,1,3,5,1,0,1
2020-04-09T07:30:00Z,9,7,10,4,3.5,7.5,0.5,2
2020-04-09T07:30:00Z,15,4,5,4,NA,4,0.5,2
2020-04-09T07:30:00Z,16,6,4,8,9,4,0,1
2020-04-09T07:35:00Z,1,1,9,10,6,5,1,1
2020-04-09T07:35:00Z,3,9,9,4,4,4,0,1
2020-04-09T07:35:00Z,12,1,9,5.5,NA,5,0.5,2
2020-04-09T07:35:00Z,15,7.5,4,7,NA,3,0,2
2020-04-09T07:40:00Z,9,5,0,8,8,6,0,1
2020-04-09T07:40:00Z,10,8,6,6,NA,3,0,1
2020-04-09T07:40:00Z,14,6,3,6,NA,3,0,1
2020-04-09T07:45:00Z,2,7,4,4,NA,2.5,0,2
2020-04-09T07:45:00Z,9,2,4,7,6,7,0,1
2020-04-09T07:45:00Z,12,6,4,0,NA,1,0,1
2020-04-09T07:45:00Z,15,5,0,8,NA,10,0,1
2020-04-09T07:45:00Z,19,9,6,6,NA,9,0,1
2020-04-09T07:50:00Z,2,9.5,6,7.5,NA,1.5,0,2
2020-04-09T07:50:00Z,6,7,7,5,7,10,0,1
2020-04-09T07:50:00Z,9,2.5,3,10,2.5,4.5,0,2
2020-04-09T07:50:00Z,12,10,3,1,NA,2,0,1
2020-04-09T07:50:00Z,14,10,7,4,NA,0,0,1
2020-04-09T07:50:00Z,15,9,3,10,NA,7,0,1
2020-04-09T07:50:00Z,18,7,8,3,NA,10,0,1
2020-04-09T07:55:00Z,3,0,0,10,9,8,0,1
2020-04-09T07:55:00Z,10,0,10,10,NA,7,0,1
2020-04-09T07:55:00Z,11,9,7,0,7,6,0,1
2020-04-09T07:55:00Z,14,7,1,3,NA,8,0,1
2020-04-09T07:55:00Z,15,1,10,7,NA,9,0,1
2020-04-09T07:55:00Z,17,4,3,4,NA,0,0,1
2020-04-09T08:00:00Z,1,10,1,10,1,3,0,1
2020-04-09T08:00:00Z,3,1,8,2,10,4,0,1
2020-04-09T08:00:00Z,6,9,4,10,6,4,1,1
2020-04-09T08:00:00Z,9,6,1,1,1,5,0,1
2020-04-09T08:05:00Z,1,5,3,1,7,10,0,1
2020-04-09T08:05:00Z,2,2,10,5,NA,0,0,1
2020-04-09T08:05:00Z,14,5,9.5,5,NA,5.5,0,2
2020-04-09T08:05:00Z,15,8,0,9,NA,10,0,1
2020-04-09T08:10:00Z,2,8,4,9,NA,0,0,1
2020-04-09T08:10:00Z,3,4,9.5,1,8.5,5.5,0,2
2020-04-09T08:10:00Z,9,4,7,4,0,10,0,1
2020-04-09T08:10:00Z,10,8,8,2,NA,5,0,1
2020-04-09T08:10:00Z,11,10,10,9,0,10,0,1
2020-04-09T08:10:00Z,14,7.333333333333333,5.333333333333333,3.3333333333333335,NA,3.3333333333333335,0,3
2020-04-09T08:10:00Z,15,8,3,7,NA,2,0,1
2020-04-09T08:15:00Z,2,1,9,9,NA,8,0,1
2020-04-09T08:15:00Z,3,6,10,6,2,10,0,1
2020-04-09T08:15:00Z,6,2,0,6,10,6,0,1
2020-04-09T08:15:00Z,11,3.5,4,5.5,6,1,0,2
2020-04-09T08:15:00Z,14,1,7,7,NA,3,0,1
2020-04-09T08:15:00Z,16,0,6,10,9,7,0,1
2020-04-09T08:15:00Z,18,8,2,4.5,NA,7,0,2
2020-04-09T08:15:00Z,19,2,3,10,NA,4,1,1
2020-04-09T08:20:00Z,2,0,5,2,NA,6,0,1
2020-04-09T08:20:00Z,4,5,7,9,NA,8,0,1
2020-04-09T08:20:00Z,6,6,5,3,0,6,0,1
2020-04-09T08:20:00Z,12,10,7,6,NA,1,0,1
2020-04-09T08:25:00Z,1,5,1,4,10,9,0,1
2020-04-09T08:25:00Z,2,4,10,9,NA,8,0,1
2020-04-09T08:25:00Z,3,8.5,9.5,6.5,8,4.5,0,2
2020-04-09T08:25:00Z,6,8,3,4,6,4,0,1
2020-04-09T08:25:00Z,18,0,1,5,NA,5,0,1
2020-04-09T08:30:00Z,1,5,10,3,7,4,0,1
2020-04-09T08:30:00Z,11,10,2,8,6,9,0,1
2020-04-09T08:30:00Z,15,6,9,1,NA,8,0,1
2020-04-09T08:35:00Z,2,2,9,7,NA,1,0,1
2020-04-09T08:35:00Z,5,5,5.5,4,6,10,0,2
2020-04-09T08:35:00Z,17,7,2,3,NA,1,0,1
2020-04-09T08:40:00Z,1,6,4,5,10,7,0,1
2020-04-09T08:40:00Z,3,5,3,4,6,6,0,1
2020-04-09T08:40:00Z,6,6,9.5,7.5,7.5,6,0,2
2020-04-09T08:40:00Z,12,9,1,8,NA,10,0,1
2020-04-09T08:40:00Z,16,10,9,2,0,10,0,1
2020-04-09T08:40:00Z,19,7,4,4,NA,0,0,1
2020-04-09T08:45:00Z,3,4,1,6,3,5,0,1
2020-04-09T08:45:00Z,9,6,5,7.5,3.5,5,0,2
2020-04-09T08:50:00Z,2,3,0,9,NA,6,0,1
2020-04-09T08:50:00Z,6,7.333333333333333,6.333333333333333,4.333333333333333,3.6666666666666665,4,0,3
2020-04-09T08:50:00Z,9,1,4,6,9,8,1,1
2020-04-09T08:50:00Z,11,2,4,8,5,0,1,1
2020-04-09T08:50:00Z,15,5,5,5.5,NA,5,0,2
2020-04-09T08:50:00Z,16,8,10,10,4,10,1,1
2020-04-09T08:50:00Z,18,8,6,7,NA,2,0,1
2020-04-09T08:55:00Z,4,5,4,0,NA,2,1,1
2020-04-09T08:55:00Z,6,8.5,6,8,6,8,0,2
2020-04-09T08:55:00Z,9,4,8,7,1,5,1,1
2020-04-09T08:55:00Z,17,3,5,10,NA,5,0,1
2020-04-09T09:00:00Z,6,4,10,8,4,0,0,1
2020-04-09T09:05:00Z,9,3,8,6,2.5,3,0,2
2020-04-09T09:05:00Z,11,10,10,10,10,10,0,1
2020-04-09T09:05:00Z,15,10,8,9,NA,8,0,1
2020-04-09T09:05:00Z,17,9,3,5,NA,1,0,1
2020-04-09T09:10:00Z,4,4,9,9,NA,1,0,1
2020-04-09T09:10:00Z,6,0,4,10,5,7,0,1
2020-04-09T09:10:00Z,9,10,2,9,6,4,0,1
2020-04-09T09:10:00Z,15,4,5.666666666666667,6.666666666666667,NA,7,0.3333333333333333,3
2020-04-09T09:15:00Z,3,7,7,0,10,6,0,1
2020-04-09T09:15:00Z,4,5,7,7,NA,2,0,1
2020-04-09T09:15:00Z,6,8,6,5,7,2,0,1
2020-04-09T09:15:00Z,8,8.414424111948332,8.416218155723,8.446358091137423,4.684210526315789,6.481521349120919,1.8826695371367062,2787
2020-04-09T09:15:00Z,11,8,10,5,6,4,0,1
2020-04-09T09:20:00Z,1,1,7,7,7,5,0,1
2020-04-09T09:20:00Z,3,5,5.5,4.5,10,7,0,2
2020-04-09T09:20:00Z,8,5,6,10,NA,2,0,1
2020-04-09T09:20:00Z,9,7,0,6,4,9,0,1
2020-04-09T09:20:00Z,11,1,9,0,7,8,1,1
2020-04-09T09:20:00Z,15,5,10,0,NA,8,0,1
2020-04-09T09:20:00Z,19,8,1,9,NA,2,0,1
2020-04-09T09:25:00Z,3,8.666666666666666,5.333333333333333,3.6666666666666665,5.333333333333333,6.666666666666667,0,3
2020-04-09T09:25:00Z,8,1.5,4,6,NA,1,0.5,2
2020-04-09T09:25:00Z,13,2,10,3,NA,2,1,1
2020-04-09T09:25:00Z,19,9,10,5.5,NA,4,0,2
2020-04-09T09:30:00Z,1,0,1,2,6,10,0,1
2020-04-09T09:30:00Z,3,9,10,1,2,8,0,1
2020-04-09T09:30:00Z,6,5.5,8.5,8.5,5,4,0,2
2020-04-09T09:30:00Z,10,6,3,10,NA,6,0,1
2020-04-09T09:30:00Z,11,10,6,10,9,10,0,1
2020-04-09T09:35:00Z,3,8,0,10,5,1,0,1
2020-04-09T09:35:00Z,6,7,8,1,10,0,0,1
2020-04-09T09:35:00Z,8,4,3,9,NA,3,0,1
2020-04-09T09:35:00Z,18,1.5,8,5,NA,4,0,2
2020-04-09T09:35:00Z,19,8,7,0,NA,1,0,1
2020-04-09T09:40:00Z,2,7,0,3,NA,2,0,1
2020-04-09T09:40:00Z,6,8,3,0,2,7,1,1
2020-04-09T09:40:00Z,10,4,5.5,7,NA,4,0,2
2020-04-09T09:40:00Z,15,4.5,6.5,2.5,NA,5,0,2
2020-04-09T09:45:00Z,1,1,10,9,3,0,0,1
2020-04-09T09:45:00Z,2,6,7,0,NA,3,0,1
2020-04-09T09:45:00Z,3,5.5,5.5,4.5,7.5,4.5,0.5,2
2020-04-09T09:45:00Z,4,8,7,1,NA,7,0,1
2020-04-09T09:45:00Z,6,10,6,6,2,10,0,1
2020-04-09T09:45:00Z,9,5,6.666666666666667,3,4,7.333333333333333,0,3
2020-04-09T09:45:00Z,14,5,9,0,NA,7,0,1
2020-04-09T09:45:00Z,16,3,10,3,7,3,0,1
2020-04-09T09:45:00Z,19,9.5,4.5,7,NA,5.5,0,2
2020-04-09T09:50:00Z,1,3,2,5,2,0,0,1
2020-04-09T09:50:00Z,3,3,8.5,10,4,7,0,2
2020-04-09T09:50:00Z,10,6,2,10,NA,0,0,1
2020-04-09T09:50:00Z,12,9,1,8,NA,0,0,1
2020-04-09T09:50:00Z,14,7,5,7,NA,10,1,1
2020-04-09T09:50:00Z,15,1,9,7,NA,0,1,1
2020-04-09T09:50:00Z,17,10,10,2,NA,1,1,1
2020-04-09T09:55:00Z,2,9,3,6,NA,6,0,1
2020-04-09T09:55:00Z,6,0.5,4,5.5,6,1.5,0.5,2
2020-04-09T09:55:00Z,10,5,6.5,2.5,NA,6.5,0.5,2
2020-04-09T09:55:00Z,17,0,9,10,NA,6,0,1
2020-04-09T10:00:00Z,1,8,1,10,9,10,1,1
2020-04-09T10:00:00Z,2,4,3.6666666666666665,2.3333333333333335,NA,7.666666666666667,0,3
2020-04-09T10:00:00Z,5,2,10,10,8,3,0,1
2020-04-09T10:00:00Z,8,8,2,9,NA,3,0,1
2020-04-09T10:00:00Z,9,6.666666666666667,6.666666666666667,5.333333333333333,5.666666666666667,3.3333333333333335,0.3333333333333333,3
2020-04-09T10:00:00Z,10,6,1,6,NA,10,0,1
2020-04-09T10:00:00Z,16,8,6,4,10,7,0,1
2020-04-09T10:05:00Z,2,0,9,1,NA,9,0,1
2020-04-09T10:05:00Z,3,2,5,5,7,9,0,1
2020-04-09T10:05:00Z,6,4,8,0,4,7,0,1
2020-04-09T10:05:00Z,8,2,5,10,NA,10,0,1
2020-04-09T10:05:00Z,14,7,7,2,NA,1.5,0,2
2020-04-09T10:05:00Z,16,0,6,9,10,8,0,1
2020-04-09T10:05:00Z,17,5,6,7,NA,4,0,1
2020-04-09T10:05:00Z,18,8,9,4,NA,6,0,1
2020-04-09T10:10:00Z,3,6,10,8,8,7,0,1
2020-04-09T10:10:00Z,4,9,0,10,NA,2,0,1
2020-04-09T10:10:00Z,5,6,3,8,2,10,0,1
2020-04-09T10:10:00Z,8,8.5,1.5,6,NA,8,0,2
2020-04-09T10:10:00Z,9,10,4,2,2,6,0,1
2020-04-09T10:10:00Z,16,2,1,1,6,4,1,1
2020-04-09T10:15:00Z,2,1,0,10,NA,6,0,1
2020-04-09T10:15:00Z,3,6,1,10,10,0,0,1
2020-04-09T10:15:00Z,8,4,7,1,NA,1,0,1
2020-04-09T10:15:00Z,17,2,8,8,NA,4,0,1
2020-04-09T10:20:00Z,2,1,8,5,NA,4,0,1
2020-04-09T10:20:00Z,3,2,9,9,5,8,0,1
2020-04-09T10:20:00Z,8,1,6,9,NA,2,0,1
2020-04-09T10:20:00Z,13,2,3,3,NA,4,0,1
2020-04-09T10:20:00Z,15,6.666666666666667,4,6,NA,4.666666666666667,0,3
2020-04-09T10:20:00Z,17,6,0,9,NA,4,0,1
2020-04-09T10:25:00Z,2,6,5.5,7,NA,4,0,2
2020-04-09T10:25:00Z,5,10,4,4,2,5,0,1
2020-04-09T10:25:00Z,9,7.5,5,8,8.5,6.5,0,2
2020-04-09T10:25:00Z,10,2,10,10,NA,5,0,1
2020-04-09T10:25:00Z,12,6,7,9,NA,9,1,1
2020-04-09T10:25:00Z,15,6,6,10,NA,4,0,1
2020-04-09T10:25:00Z,18,8,10,10,NA,7,0,1
2020-04-09T10:30:00Z,1,2,6,4,0,4,0,1
2020-04-09T10:30:00Z,2,9,2,5,NA,1,0,1
2020-04-09T10:30:00Z,3,6,6,7,8,7,0,1
2020-04-09T10:30:00Z,6,8,9.5,3,6,2,0,2
2020-04-09T10:30:00Z,9,5,8,5,5,10,0,1
2020-04-09T10:30:00Z,15,6,3.5,1.5,NA,5.5,0,2
2020-04-09T10:30:00Z,16,1,1,6,4,9,0,1
2020-04-09T10:30:00Z,18,1,0,8,NA,0,1,1
2020-04-09T10:35:00Z,3,8,10,3,10,3,0,1
2020-04-09T10:35:00Z,5,8,7,10,2,9,0,1
2020-04-09T10:35:00Z,9,3,3,7,1,6,1,1
2020-04-09T10:35:00Z,12,9,2,5,NA,9,0,1
2020-04-09T10:35:00Z,18,7,2,2,NA,10,0,1
2020-04-09T10:40:00Z,2,9,10,2,NA,1,0,1
2020-04-09T10:40:00Z,6,8,5,10,6,1,0,1
2020-04-09T10:40:00Z,10,2,8,4,NA,10,0,1
2020-04-09T10:40:00Z,15,4,3.5,3,NA,4.75,0,4
2020-04-09T10:45:00Z,2,6,10,9,NA,10,0,1
2020-04-09T10:45:00Z,3,6.5,4,6,8.5,6.5,0.5,2
2020-04-09T10:45:00Z,5,7,7,2,2,2,0,1
2020-04-09T10:45:00Z,6,7,6.5,2.5,0.5,0.5,0,2
2020-04-09T10:45:00Z,8,7,6,7,NA,5,0,1
2020-04-09T10:45:00Z,12,6,8,2,NA,5,0,1
2020-04-09T10:45:00Z,13,6,6,0,NA,7,0,1
2020-04-09T10:45:00Z,14,7,4,8,NA,7,0,1
2020-04-09T10:45:00Z,16,6,6,10,3,7,0,1
2020-04-09T10:50:00Z,1,9,3,4,0,0,0,1
2020-04-09T10:50:00Z,2,7,10,10,NA,5,0,1
2020-04-09T10:50:00Z,3,3.5,6.5,4,3,2.5,0.5,2
2020-04-09T10:50:00Z,11,9,7,7,4,3,0,1
2020-04-09T10:50:00Z,13,10,8,2,NA,10,0,1
2020-04-09T10:50:00Z,14,9,5,6,NA,2,0,1
2020-04-09T10:50:00Z,15,10,2,8,NA,2,0,1
2020-04-09T10:50:00Z,19,6,10,1,NA,2,1,1
2020-04-09T10:55:00Z,2,4,10,2,NA,10,0,1
2020-04-09T10:55:00Z,8,6,9,5,NA,3,0,1
2020-04-09T10:55:00Z,11,0,7,9,9,10,1,1
2020-04-09T10:55:00Z,12,3,10,6,NA,9,0,1
2020-04-09T10:55:00Z,13,0,8,9,NA,5,0,1
2020-04-09T10:55:00Z,18,9,3,7,NA,10,0,1
2020-04-09T11:00:00Z,4,5.5,6.5,5,NA,5.5,0,2
2020-04-09T11:00:00Z,6,8,2,7,9,0,0,1
2020-04-09T11:00:00Z,8,4.666666666666667,1.6666666666666667,5,NA,5.333333333333333,0,3
2020-04-09T11:00:00Z,9,5,5,10,7,3,0,1
2020-04-09T11:00:00Z,15,5.5,4,6.5,NA,4,0,2
2020-04-09T11:05:00Z,1,5.5,2.5,4.5,10,5.5,0,2
2020-04-09T11:05:00Z,2,10,9,3,NA,4,0,1
2020-04-09T11:05:00Z,4,6,8,0,8,9,0,1
2020-04-09T11:05:00Z,8,5,5,5,NA,7,0,1
2020-04-09T11:05:00Z,9,3,0.5,8.5,5,7,0,2
2020-04-09T11:05:00Z,16,5,6,0.3333333333333333,4.666666666666667,1.3333333333333333,0,3
2020-04-09T11:10:00Z,5,10,7,8,6,6,0,1
2020-04-09T11:10:00Z,6,9.5,9,9.5,5.5,2.5,0,2
2020-04-09T11:10:00Z,9,10,3,1,6,0,0,1
2020-04-09T11:10:00Z,15,4,5,2,NA,2,0,1
2020-04-09T11:10:00Z,19,8,8,0,NA,0,0,1
2020-04-09T11:15:00Z,2,0,1,9,4,10,0,1
2020-04-09T11:15:00Z,3,10,5,0,10,2,0,1
2020-04-09T11:15:00Z,8,3,4,0,NA,3,0,1
2020-04-09T11:15:00Z,17,7,1,5,NA,5,0,1
2020-04-09T11:20:00Z,2,10,7.5,10,NA,8,0,2
2020-04-09T11:20:00Z,3,3,7.5,7.5,5.5,6,0,2
2020-04-09T11:20:00Z,4,4,4,4,NA,8,0,1
2020-04-09T11:20:00Z,5,5,3,0,3,10,0,1
2020-04-09T11:20:00Z,6,0,5,10,1,3,0,1
2020-04-09T11:20:00Z,8,7.5,9,8.5,NA,2,0,2
2020-04-09T11:20:00Z,9,8,9,0,10,9,0,1
2020-04-09T11:20:00Z,11,8,4,2,10,7,0,1
2020-04-09T11:20:00Z,14,7,8,9,NA,10,0,1
2020-04-09T11:20:00Z,19,6,5,8,NA,10,0,1
2020-04-09T11:25:00Z,2,4,3,8,NA,8,0,1
2020-04-09T11:25:00Z,3,9,2.5,0.5,3.5,4.5,0,2
2020-04-09T11:25:00Z,8,4,7,9,NA,0,0,1
2020-04-09T11:25:00Z,9,0,10,4,5,9,0,1
2020-04-09T11:25:00Z,15,8,7.333333333333333,5.333333333333333,NA,3.3333333333333335,0.3333333333333333,3
2020-04-09T11:25:00Z,19,8,10,3,NA,5,0,1
2020-04-09T11:30:00Z,1,0,0,4,4,1,0,1
2020-04-09T11:30:00Z,3,3.5,8.5,8,3,8,0,2
2020-04-09T11:30:00Z,9,9,0,7,2,2,0,1
2020-04-09T11:30:00Z,12,6,2,10,NA,7,0,1
2020-04-09T11:30:00Z,15,8,0,3,NA,4,0,1
2020-04-09T11:30:00Z,19,7,3,9,NA,2,0,1
2020-04-09T11:35:00Z,1,2,10,7,10,0,0,1
2020-04-09T11:35:00Z,2,8,10,9,NA,4,0,1
2020-04-09T11:35:00Z,3,5.5,8,3,7,2.5,0,2
2020-04-09T11:35:00Z,4,8,7,10,NA,10,0,1
2020-04-09T11:35:00Z,6,10,10,0,10,8,0,1
2020-04-09T11:35:00Z,8,2,5,5,NA,4,0,1
2020-04-09T11:35:00Z,10,8,1,5,NA,3,0,1
2020-04-09T11:35:00Z,13,8,9,5,NA,8,0,1
2020-04-09T11:35:00Z,15,7,3,4,9,6,0,1
2020-04-09T11:40:00Z,1,5,4.5,5.5,5,6.5,0,2
2020-04-09T11:40:00Z,2,6.5,6,10,NA,4.5,0,2
2020-04-09T11:40:00Z,6,8,2.5,6.5,4,3,0,2
2020-04-09T11:40:00Z,8,4,3.3333333333333335,6.666666666666667,NA,7,0,3
2020-04-09T11:40:00Z,15,3.5,7,8,NA,4.5,0,2
2020-04-09T11:40:00Z,16,4,9,6.5,8.5,5,0.5,2
2020-04-09T11:40:00Z,18,10,10,3,NA,9,0,1
2020-04-09T11:45:00Z,1,6,10,8,3,2,0,1
2020-04-09T11:45:00Z,2,5.5,6,5,NA,7.5,0.5,2
2020-04-09T11:45:00Z,4,9,10,10,NA,2,0,1
2020-04-09T11:45:00Z,5,10,7,2,5,7,0,1
2020-04-09T11:45:00Z,9,9,5,6,3.5,6,0.5,2
2020-04-09T11:45:00Z,14,6,5,4,NA,1,0,1
2020-04-09T11:45:00Z,15,9.5,10,8,NA,5.5,0,2
2020-04-09T11:50:00Z,2,3,4,7,NA,4,0,1
2020-04-09T11:50:00Z,6,5,2,7,4,8,0,1
2020-04-09T11:50:00Z,8,3,7,10,NA,3,0,1
2020-04-09T11:50:00Z,9,8,4,8,4,0,0,1
2020-04-09T11:50:00Z,18,6,2,2.5,NA,8.5,0,2
2020-04-09T11:50:00Z,19,5,10,7,NA,4,0,1
2020-04-09T11:55:00Z,1,4,6.5,4,8,9,0,2
2020-04-09T11:55:00Z,3,10,9,9,2,0,0,1
2020-04-09T11:55:00Z,9,9,9,4,1.5,3.5,0,2
2020-04-09T11:55:00Z,12,10,5,8,NA,5,1,1
2020-04-09T11:55:00Z,14,9,2,8,NA,3,0,1
2020-04-09T11:55:00Z,15,4,6,1,NA,10,0,1
2020-04-09T12:00:00Z,2,10,10,3,NA,10,0,1
2020-04-09T12:00:00Z,3,9.5,4.5,9.5,4.5,6.5,0,2
2020-04-09T12:00:00Z,6,8,6,4,0,2,0,1
2020-04-09T12:00:00Z,8,8,0,9,NA,5,0,1
2020-04-09T12:00:00Z,10,3,9,9,NA,1,0,1
2020-04-09T12:00:00Z,12,6,7,0,NA,9,0,1
2020-04-09T12:00:00Z,15,3.3333333333333335,8.666666666666666,5.333333333333333,NA,4.666666666666667,0,3
2020-04-09T12:00:00Z,16,3,7,4,4,2,1,1
2020-04-09T12:00:00Z,19,8,2,7,NA,6,1,1
2020-04-09T12:05:00Z,3,8.5,8,5,7.5,2.5,0.5,2
2020-04-09T12:05:00Z,4,9,10,0,NA,2,0,1
2020-04-09T12:05:00Z,6,7,4,1,0,5,1,1
2020-04-09T12:05:00Z,9,7,4,3,8,5,0,1
2020-04-09T12:05:00Z,15,5,1,6,NA,1,0,1
2020-04-09T12:10:00Z,2,3.3333333333333335,6.333333333333333,6,NA,8.666666666666666,0,3
2020-04-09T12:10:00Z,3,4,2,10,10,9,0,1
2020-04-09T12:10:00Z,8,10,3.5,6,NA,3,0,2
2020-04-09T12:10:00Z,10,10,0,4,NA,3,1,1
2020-04-09T12:10:00Z,14,6,2,0,NA,10,0,1
2020-04-09T12:10:00Z,15,0,9,4,5,8,0,1
2020-04-09T12:10:00Z,16,4,9,1,10,4,0,1
2020-04-09T12:10:00Z,18,1,9,2,NA,10,0,1
2020-04-09T12:15:00Z,2,3,6,2,NA,7,0,1
2020-04-09T12:15:00Z,5,3,6,3,10,4,0,1
2020-04-09T12:15:00Z,6,10,10,4,1,10,1,1
2020-04-09T12:15:00Z,8,0,0,3,NA,3,1,1
2020-04-09T12:15:00Z,9,10,3,7,3,6,0,1
2020-04-09T12:15:00Z,10,10,10,0,NA,2,0,1
2020-04-09T12:15:00Z,14,5,5,10,NA,2,0,1
2020-04-09T12:15:00Z,15,2,6,6,NA,10,0,1
2020-04-09T12:15:00Z,16,1,0,2,6,1,0,1
2020-04-09T12:20:00Z,14,8,0,10,NA,2,0,1
2020-04-09T12:20:00Z,15,2.3333333333333335,5,4.333333333333333,NA,4,0,3
2020-04-09T12:20:00Z,19,8,9,1,NA,9,0,1
2020-04-09T12:25:00Z,2,5,1,7,NA,6,0,1
2020-04-09T12:25:00Z,6,0,10,10,8,7,0,1
2020-04-09T12:25:00Z,9,7,2,4.5,4.5,3,0,2
2020-04-09T12:25:00Z,11,3,8.5,4.5,7,6,0,2
2020-04-09T12:25:00Z,17,1,4,3,NA,2,0,1
2020-04-09T12:30:00Z,1,9,4.5,7,6.5,9,0,2
2020-04-09T12:30:00Z,8,10,4,5,NA,9,0,1
2020-04-09T12:30:00Z,9,5,4,5.5,8.5,5,0,2
2020-04-09T12:30:00Z,12,1,10,2,NA,3,0,1
2020-04-09T12:30:00Z,19,4,9,4,NA,9,0,1
2020-04-09T12:35:00Z,2,8,4,5,NA,7,0,1
2020-04-09T12:35:00Z,3,9,9,2,8,0,0,1
2020-04-09T12:35:00Z,8,7.25,4.5,7.75,5,4.25,0,4
2020-04-09T12:35:00Z,9,0,10,4,10,1,1,1
2020-04-09T12:35:00Z,12,9,1,7,NA,9,0,1
2020-04-09T12:35:00Z,18,4,3,6,NA,7,0,1
2020-04-09T12:40:00Z,2,10,7,5,NA,4,0,1
2020-04-09T12:40:00Z,6,10,4,9,6,7,0,1
2020-04-09T12:40:00Z,8,3,8,5,NA,4,0,1
2020-04-09T12:40:00Z,9,9,2.5,2,3,6.5,0,2
2020-04-09T12:40:00Z,10,8,2,8,NA,10,0,1
2020-04-09T12:40:00Z,11,4,10,3,6,2,0,1
2020-04-09T12:40:00Z,13,5,7,0,NA,3,0,1
2020-04-09T12:40:00Z,14,10,6,10,NA,5,0,1
2020-04-09T12:45:00Z,8,4,1,0,NA,4,1,1
2020-04-09T12:45:00Z,9,3,10,10,7,1,0,1
2020-04-09T12:45:00Z,11,3,3,6,3,8,0,1
2020-04-09T12:45:00Z,14,6,5,0,NA,1,1,1
2020-04-09T12:45:00Z,15,9,6,6,NA,10,0,1
2020-04-09T12:45:00Z,18,10,6,10,NA,5,0,1
2020-04-09T12:50:00Z,3,5,0,3,0,8,0,1
2020-04-09T12:50:00Z,9,7.5,8,5.5,7,3.5,0,2
2020-04-09T12:50:00Z,15,1.5,5.5,3.5,NA,8,0,2
2020-04-09T12:50:00Z,17,7,8,2,NA,5,0,1
2020-04-09T12:50:00Z,19,6,8,1,NA,4,1,1
2020-04-09T12:55:00Z,9,1,10,9,5,7,0,1
2020-04-09T12:55:00Z,13,0,9,7,NA,3,0,1
2020-04-09T12:55:00Z,14,1,2,9,NA,3,0,1
2020-04-09T12:55:00Z,15,3,5,5,NA,8,0,1
2020-04-09T12:55:00Z,16,7,1,6,5,7,0,1
2020-04-09T13:00:00Z,2,5.5,5,1,NA,1,0,2
2020-04-09T13:00:00Z,3,3,1,4,0,3,0,1
2020-04-09T13:00:00Z,5,5,0,1,10,2,0,1
2020-04-09T13:00:00Z,6,10,3,10,6,9,0,1
2020-04-09T13:00:00Z,8,1,1,4,NA,8,1,1
2020-04-09T13:00:00Z,14,9,8,5,NA,7,0,1
2020-04-09T13:00:00Z,15,5.5,5,1,NA,8,0.5,2
2020-04-09T13:00:00Z,16,4,10,7,2,7,0,1
2020-04-09T13:00:00Z,19,3,7.5,2.5,NA,3.5,0,2
2020-04-09T13:05:00Z,2,2,4,4,NA,6,0,1
2020-04-09T13:05:00Z,3,3,8.5,6,4.5,5.5,0,2
2020-04-09T13:05:00Z,9,7,10,10,10,5,1,1
2020-04-09T13:05:00Z,11,10,2,10,3,1,0,1
2020-04-09T13:05:00Z,12,10,10,4,NA,8,0,1
2020-04-09T13:05:00Z,15,4,10,3,NA,2,0,1
2020-04-09T13:10:00Z,3,0,5,3,8,7,0,1
2020-04-09T13:10:00Z,5,6,9,1,6,2,0,1
2020-04-09T13:10:00Z,6,1,8,3,0,2,1,1
2020-04-09T13:10:00Z,10,7,5.5,7,NA,5,0,2
2020-04-09T13:10:00Z,11,4,0,6,10,9,0,1
2020-04-09T13:10:00Z,14,4,8,7,NA,2.5,0.5,2
2020-04-09T13:10:00Z,15,2,0,7,NA,4,0,1
2020-04-09T13:15:00Z,2,2,10,10,NA,10,0,1
2020-04-09T13:15:00Z,8,5.5,2.5,4.5,5,5,0,2
2020-04-09T13:15:00Z,9,1,1,8,6,7,0,1
2020-04-09T13:20:00Z,13,4,5,7,NA,1,1,1
2020-04-09T13:20:00Z,16,8,9,9,10,10,0,1
2020-04-09T13:25:00Z,3,4,10,2,1,2,0,1
2020-04-09T13:25:00Z,5,5.5,5,3.5,9,5.5,0,2
2020-04-09T13:25:00Z,6,7,1,3,10,7,0,1
2020-04-09T13:25:00Z,9,10,8,8,4,3,0,1
2020-04-09T13:25:00Z,18,7,3,4,NA,3,0,1
2020-04-09T13:30:00Z,6,6,6.5,2.5,6.5,5.5,0,2
2020-04-09T13:30:00Z,9,1,2,7,8,8,1,1
2020-04-09T13:30:00Z,18,1,3,6,NA,1,0,1
2020-04-09T13:35:00Z,2,9,4.5,6,NA,2.5,0,2
2020-04-09T13:35:00Z,3,3.5,6,2,3.5,7,0,2
2020-04-09T13:35:00Z,6,6,9,4,10,10,0,1
2020-04-09T13:35:00Z,9,5.5,3.5,6,2.5,5,0,2
2020-04-09T13:35:00Z,13,8,3,8,NA,0,0,1
2020-04-09T13:40:00Z,2,2,6,10,NA,9,0,1
2020-04-09T13:40:00Z,4,9,8,8,NA,0,0,1
2020-04-09T13:40:00Z,5,0,6,9,1,10,0,1
2020-04-09T13:40:00Z,14,8,5,3,NA,6,0,1
2020-04-09T13:40:00Z,15,8,9,9,NA,10,0,1
2020-04-09T13:40:00Z,19,10,1,9,NA,9,0,1
2020-04-09T13:45:00Z,1,7,10,7,3,1,0,1
2020-04-09T13:45:00Z,2,6,6,4,NA,3,0,1
2020-04-09T13:45:00Z,3,2,1,3,2,0,0,1
2020-04-09T13:45:00Z,6,5.5,4,3.5,7,5.5,0,2
2020-04-09T13:45:00Z,8,3.5,2.5,8,NA,7.5,0,2
2020-04-09T13:45:00Z,12,9,3,9,NA,8,1,1
2020-04-09T13:45:00Z,14,8,2,2,NA,10,0,1
2020-04-09T13:45:00Z,15,9.5,2.5,5,NA,5.5,0,2
2020-04-09T13:45:00Z,19,10,10,10,NA,5,0,1
2020-04-09T13:50:00Z,1,2,10,0,8,4,0,1
2020-04-09T13:50:00Z,2,8,3,10,NA,3,0,1
2020-04-09T13:50:00Z,4,1,2,5,3,10,0,1
2020-04-09T13:50:00Z,6,10,4,1,10,3,0,1
2020-04-09T13:50:00Z,14,5,9,5,NA,10,1,1
2020-04-09T13:50:00Z,15,1,2,10,NA,3,0,1
2020-04-09T13:50:00Z,16,9,2.5,10,7.5,7,0,2
2020-04-09T13:50:00Z,19,9,5,4,NA,9,0,2
2020-04-09T13:55:00Z,2,9,2,0,NA,7,0,1
2020-04-09T13:55:00Z,4,6,2,1,NA,1,0,1
2020-04-09T13:55:00Z,5,5,10,7,2,2,0,1
2020-04-09T13:55:00Z,6,2,5.5,3.5,3.5,9,0,2
2020-04-09T14:00:00Z,1,5,8,1.5,5.5,5,0,2
2020-04-09T14:00:00Z,4,1,10,0,2,4,0,1
2020-04-09T14:00:00Z,5,2,8,4,2,2,0,1
2020-04-09T14:00:00Z,8,3,3,4,NA,3,0,1
2020-04-09T14:00:00Z,9,6,10,9,0,10,0,1
2020-04-09T14:00:00Z,15,6.333333333333333,7.333333333333333,7.333333333333333,NA,4.666666666666667,0.3333333333333333,3
2020-04-09T14:05:00Z,2,10,3,5,NA,8,0,1
2020-04-09T14:05:00Z,4,5,8,3,NA,5,0,1
2020-04-09T14:05:00Z,6,5,4,8,0,2,0,1
2020-04-09T14:05:00Z,12,10,1,10,NA,6,0,1
2020-04-09T14:05:00Z,15,2.5,7,4.5,NA,8,0,2
2020-04-09T14:05:00Z,16,4,10,10,10,6,0,1
2020-04-09T14:05:00Z,18,9,3,6,NA,3,0,1
2020-04-09T14:10:00Z,3,6,7.75,7.5,4.75,4.75,0.25,4
2020-04-09T14:10:00Z,6,4,5,3.6666666666666665,5.333333333333333,3.3333333333333335,0,3
2020-04-09T14:10:00Z,8,2,4,7,NA,4,1,1
2020-04-09T14:10:00Z,9,6,8,9,8,9,0,1
2020-04-09T14:10:00Z,10,1,2,10,NA,10,0,1
2020-04-09T14:10:00Z,15,2,4,3,NA,4,0,1
2020-04-09T14:10:00Z,18,3,10,0,NA,7,0,1
2020-04-09T14:15:00Z,2,6,6,9.5,NA,5.5,0,2
2020-04-09T14:15:00Z,3,5.5,4.5,5,8,4.5,0,2
2020-04-09T14:15:00Z,4,9,0,8,NA,4,0,1
2020-04-09T14:15:00Z,6,1,8,10,10,2,0,1
2020-04-09T14:15:00Z,8,6.666666666666667,6.666666666666667,3.6666666666666665,NA,3.3333333333333335,0.3333333333333333,3
2020-04-09T14:15:00Z,10,0,10,10,NA,0,0,1
2020-04-09T14:15:00Z,14,6,3,9,NA,4,0,1
2020-04-09T14:15:00Z,15,8,8,8,NA,3,0,1
2020-04-09T14:15:00Z,18,7,3,7,NA,10,0,1
2020-04-09T14:15:00Z,19,3,8,6,NA,9,0,1
2020-04-09T14:20:00Z,2,10,3,4,NA,4,0,1
2020-04-09T14:20:00Z,3,10,3,0,7,7,0,1
2020-04-09T14:20:00Z,6,3,9,4,7,2,0,1
2020-04-09T14:20:00Z,8,9,10,4,NA,2,0,1
2020-04-09T14:20:00Z,14,8,9,2,NA,4,0,1
2020-04-09T14:20:00Z,19,8,0,8,NA,8,1,1
2020-04-09T14:25:00Z,6,7.5,4.5,4.5,6,4,0.5,2
2020-04-09T14:25:00Z,8,7,5.5,9.5,NA,7.5,0,2
2020-04-09T14:25:00Z,9,3,4,6,0,8,0,1
2020-04-09T14:25:00Z,15,1,1,10,NA,1,0,1
2020-04-09T14:25:00Z,18,7,9,7,NA,2,1,1
2020-04-09T14:30:00Z,2,8,10,9,NA,2,0,1
2020-04-09T14:30:00Z,3,8,10,9,10,10,0,1
2020-04-09T14:30:00Z,9,5,1,10,9,10,0,1
2020-04-09T14:30:00Z,12,1,2,4,NA,1,0,1
2020-04-09T14:30:00Z,15,5.666666666666667,3.3333333333333335,7,NA,8.333333333333334,0,3
2020-04-09T14:35:00Z,2,10,1,8,NA,0,0,1
2020-04-09T14:35:00Z,6,7.5,6.5,2,3.5,3.5,0,2
2020-04-09T14:35:00Z,16,10,6,9,1,4,0,1
2020-04-09T14:40:00Z,1,9,0,1,1,5,0,1
2020-04-09T14:40:00Z,2,3.6666666666666665,6.333333333333333,5,NA,3.3333333333333335,0,3
2020-04-09T14:40:00Z,3,5,4,0,3,10,0,1
2020-04-09T14:40:00Z,5,2.5,2,2.5,1.5,5,0.5,2
2020-04-09T14:40:00Z,6,6,5.333333333333333,5.666666666666667,6.666666666666667,6.666666666666667,0,3
2020-04-09T14:40:00Z,8,9,1,2,NA,7,0,1
2020-04-09T14:40:00Z,13,1,0,10,NA,7,0,1
2020-04-09T14:40:00Z,16,1,5,3,3,3,0,1
2020-04-09T14:45:00Z,16,10,6,7,9,0,0,1
2020-04-09T14:50:00Z,2,5,3,8,NA,1,0,1
2020-04-09T14:50:00Z,4,2,3,5.5,NA,9,0,2
2020-04-09T14:50:00Z,5,5,3,9,6,9,0,1
2020-04-09T14:50:00Z,8,0,5.5,6.5,NA,7.5,0,2
2020-04-09T14:50:00Z,16,1,0,10,4,4,0,1
2020-04-09T14:50:00Z,18,3,2,10,NA,0,0,1
2020-04-09T14:55:00Z,1,5,10,3,4,9,0,1
2020-04-09T14:55:00Z,2,6.666666666666667,5.333333333333333,4,NA,3,0,3
2020-04-09T14:55:00Z,3,10,10,8,4,7,0,1
2020-04-09T14:55:00Z,5,0,6,5,8,10,0,1
2020-04-09T14:55:00Z,9,0,7,10,8,1,0,1
2020-04-09T14:55:00Z,10,4,5,10,NA,6,0,1
2020-04-09T15:00:00Z,1,1.5,5.5,3.5,5.5,5.5,0,2
2020-04-09T15:00:00Z,2,2.875,5.125,3.8333333333333335,4,1.125,1.2083333333333333,24
2020-04-09T15:00:00Z,3,9.691891891891892,9.702702702702704,9.654054054054054,6.924324324324324,7.010810810810811,4.891891891891892,185
2020-04-09T15:00:00Z,4,7,4.75,4.875,NA,5.25,5.125,8
2020-04-09T15:00:00Z,5,5,2.25,4.25,0.75,3.25,0.25,4
2020-04-09T15:00:00Z,6,0.8888888888888888,3.2222222222222223,3.4444444444444446,3.7777777777777777,2.888888888888889,0.7777777777777778,9
2020-04-09T15:00:00Z,8,9.333333333333334,8.666666666666666,9.333333333333334,NA,7.333333333333333,0,3
2020-04-09T15:00:00Z,9,8.714285714285714,2.142857142857143,4.857142857142857,3.5714285714285716,6.142857142857143,0.14285714285714285,7
2020-04-09T15:00:00Z,10,7.625,6.625,7.5,NA,6.125,0.625,8
2020-04-09T15:00:00Z,11,7.9523809523809526,5.095238095238095,5.142857142857143,3.0952380952380953,5.0476190476190474,2.2857142857142856,21
2020-04-09T15:00:00Z,12,3.5714285714285716,5,3.857142857142857,NA,3.142857142857143,3.857142857142857,14
2020-04-09T15:00:00Z,13,2.5,0.5,1.5,NA,1.5,3.5,2
2020-04-09T15:00:00Z,14,7.1020408163265305,5.183673469387755,5.204081632653061,1,3.938775510204082,3.020408163265306,49
2020-04-09T15:00:00Z,15,2.9375,1.0625,2.9375,NA,3,2.5,16
2020-04-09T15:00:00Z,16,4.4,1.6,2.4,1.4,1.6,0.7,10
2020-04-09T15:00:00Z,17,2.727272727272727,1.8181818181818181,5.818181818181818,2.3333333333333335,3,1.0909090909090908,11
2020-04-09T15:00:00Z,18,3.6818181818181817,1.9545454545454546,4.2727272727272725,6,4.909090909090909,3.0454545454545454,22
2020-04-09T15:00:00Z,19,2.4,2.4,1.8,NA,1.6,1.8,5
2020-04-09T15:05:00Z,1,2.3636363636363638,2.727272727272727,4.454545454545454,4.090909090909091,2.909090909090909,0.36363636363636365,11
2020-04-09T15:05:00Z,2,2.8679245283018866,5.150943396226415,4.188679245283019,2,1.0377358490566038,1,53
2020-04-09T15:05:00Z,4,6.878787878787879,5.121212121212121,5,NA,4.848484848484849,4.96969696969697,33
2020-04-09T15:05:00Z,5,4.7,2.3,4.1,0.8,2.7,0.2,10
2020-04-09T15:05:00Z,6,0.5,1.4333333333333333,2.1,2.1333333333333333,3.033333333333333,1.2,30
2020-04-09T15:05:00Z,8,8.333333333333334,8.333333333333334,8.333333333333334,NA,7.333333333333333,0,3
2020-04-09T15:05:00Z,9,8.5,1.8888888888888888,4.777777777777778,3.888888888888889,6.333333333333333,0.2777777777777778,18
2020-04-09T15:05:00Z,10,7.090909090909091,6.954545454545454,7.2272727272727275,NA,6.045454545454546,1.1818181818181819,22
2020-04-09T15:05:00Z,11,8.136363636363637,5.136363636363637,5.090909090909091,3.0454545454545454,5.0227272727272725,2.022727272727273,44
2020-04-09T15:05:00Z,12,3.1379310344827585,4.827586206896552,4,NA,2.9310344827586206,3.9655172413793105,29
2020-04-09T15:05:00Z,13,4,2.1538461538461537,3.8461538461538463,NA,3.923076923076923,0.9230769230769231,13
2020-04-09T15:05:00Z,14,7.127906976744186,4.872093023255814,4.953488372093023,NA,4.093023255813954,2.8488372093023258,86
2020-04-09T15:05:00Z,15,3.0454545454545454,1.1590909090909092,2.840909090909091,10,3,2.022727272727273,44
2020-04-09T15:05:00Z,16,4.8,1.8857142857142857,2.8285714285714287,1.8285714285714285,1.8857142857142857,0.6857142857142857,35
2020-04-09T15:05:00Z,17,2.909090909090909,1.8636363636363635,5.863636363636363,NA,2.9545454545454546,0.8636363636363636,22
2020-04-09T15:05:00Z,18,4.023255813953488,2.046511627906977,4,5,5.023255813953488,3,43
2020-04-09T15:05:00Z,19,1.7272727272727273,2.3636363636363638,2.4545454545454546,NA,2.090909090909091,1.8181818181818181,11
2020-04-09T15:10:00Z,1,2.2857142857142856,1.7142857142857142,4.285714285714286,2.4285714285714284,2,0.14285714285714285,7
2020-04-09T15:10:00Z,2,2.9464285714285716,5.303571428571429,4.017857142857143,NA,1.1071428571428572,1.125,56
2020-04-09T15:10:00Z,4,7.105263157894737,4.973684210526316,4.921052631578948,NA,4.842105263157895,4.973684210526316,38
2020-04-09T15:10:00Z,5,5.176470588235294,2.235294117647059,3.823529411764706,1.1176470588235294,2.823529411764706,0.35294117647058826,17
2020-04-09T15:10:00Z,6,0.20689655172413793,0.9655172413793104,2.2413793103448274,1.9655172413793103,2.9655172413793105,1,29
2020-04-09T15:10:00Z,8,9,8.083333333333334,9.083333333333334,10,7,0.25,12
2020-04-09T15:10:00Z,9,8.25,2.5833333333333335,3.9166666666666665,4.166666666666667,6,0.3333333333333333,12
2020-04-09T15:10:00Z,10,7.090909090909091,7.409090909090909,7,2,6.2272727272727275,1.0454545454545454,22
2020-04-09T15:10:00Z,11,7.857142857142857,5.020408163265306,5.020408163265306,2.836734693877551,4.959183673469388,2.163265306122449,49
2020-04-09T15:10:00Z,12,3.4838709677419355,5.161290322580645,4,NA,2.5483870967741935,4.193548387096774,31
2020-04-09T15:10:00Z,13,3.75,1.8333333333333333,3.8333333333333335,NA,4.166666666666667,1,12
2020-04-09T15:10:00Z,14,6.9907407407407405,5.12037037037037,4.962962962962963,3.75,3.962962962962963,3.009259259259259,108
2020-04-09T15:10:00Z,15,3,1.0238095238095237,3.1666666666666665,1,3.238095238095238,2.0476190476190474,42
2020-04-09T15:10:00Z,16,5.739130434782608,2.5217391304347827,3.8043478260869565,2.608695652173913,2.608695652173913,0.5,46
2020-04-09T15:10:00Z,17,2.8125,1.9375,6,NA,2.875,0.9375,16
2020-04-09T15:10:00Z,18,4.166666666666667,1.8541666666666667,4.354166666666667,NA,5.1875,2.7708333333333335,48
2020-04-09T15:10:00Z,19,2,2.1,1.8,NA,1.8,2.1,10
2020-04-09T15:15:00Z,1,2,2.625,4.25,4,2.5,0.125,8
2020-04-09T15:15:00Z,2,3.0833333333333335,4.979166666666667,3.9791666666666665,NA,0.9375,0.7916666666666666,48
2020-04-09T15:15:00Z,4,6.8,5.1,5.125,8,4.775,4.975,40
2020-04-09T15:15:00Z,5,5.0588235294117645,2.0588235294117645,3.823529411764706,1.1764705882352942,2.7058823529411766,0.17647058823529413,17
2020-04-09T15:15:00Z,6,0.38235294117647056,1.0294117647058822,1.8235294117647058,2.088235294117647,3.235294117647059,0.9117647058823529,34
2020-04-09T15:15:00Z,8,8.625,7.5,9,NA,7,0.375,8
2020-04-09T15:15:00Z,9,9.176470588235293,2.2941176470588234,5.176470588235294,4.117647058823529,6.0588235294117645,0.35294117647058826,17
2020-04-09T15:15:00Z,10,7.090909090909091,7.136363636363637,7.090909090909091,NA,6,1.4090909090909092,22
2020-04-09T15:15:00Z,11,7.976190476190476,4.928571428571429,4.880952380952381,2.8333333333333335,4.880952380952381,1.7619047619047619,42
2020-04-09T15:15:00Z,12,2.7241379310344827,5.206896551724138,4,NA,3,3.896551724137931,29
2020-04-09T15:15:00Z,13,4.666666666666667,2.4,3.8,NA,4.066666666666666,0.8666666666666667,15
2020-04-09T15:15:00Z,14,6.96,5,5.026666666666666,10,4.08,3.0533333333333332,75
2020-04-09T15:15:00Z,15,3.1707317073170733,1.0975609756097562,3.024390243902439,6,3.1707317073170733,1.853658536585366,41
2020-04-09T15:15:00Z,16,6.043478260869565,3.0652173913043477,3.9782608695652173,2.869565217391304,3.0217391304347827,0.2608695652173913,46
2020-04-09T15:15:00Z,17,2.923076923076923,2.3076923076923075,6,1,3.1538461538461537,0.9230769230769231,13
2020-04-09T15:15:00Z,18,4,1.903225806451613,3.838709677419355,NA,4.903225806451613,3,31
2020-04-09T15:15:00Z,19,2.2666666666666666,2.2666666666666666,2.066666666666667,NA,2.4,2.1333333333333333,15
2020-04-09T15:20:00Z,1,1.75,3.25,3.75,3.25,2,0,4
2020-04-09T15:20:00Z,2,2.981818181818182,4.963636363636364,4.0181818181818185,NA,1.2545454545454546,0.9636363636363636,55
2020-04-09T15:20:00Z,4,7.026315789473684,5.078947368421052,4.947368421052632,NA,4.868421052631579,5.026315789473684,38
2020-04-09T15:20:00Z,5,4.933333333333334,2.1333333333333333,4,0.6,2.8666666666666667,0.4666666666666667,15
2020-04-09T15:20:00Z,6,0.27586206896551724,1,2.2758620689655173,2.1724137931034484,3.0344827586206895,0.9310344827586207,29
2020-04-09T15:20:00Z,8,8.25,7.75,8.583333333333334,NA,6.666666666666667,0.16666666666666666,12
2020-04-09T15:20:00Z,9,7.857142857142857,2.2142857142857144,5.571428571428571,4.285714285714286,5.642857142857143,0.42857142857142855,14
2020-04-09T15:20:00Z,10,7.357142857142857,7.071428571428571,6.857142857142857,5,6.214285714285714,1.2142857142857142,14
2020-04-09T15:20:00Z,11,7.896551724137931,5.241379310344827,5.068965517241379,3,4.862068965517241,1.8620689655172413,29
2020-04-09T15:20:00Z,12,3.32,4.76,4.08,9,3.24,3.88,25
2020-04-09T15:20:00Z,13,4.777777777777778,2.2222222222222223,4.777777777777778,NA,4.444444444444445,0.3333333333333333,9
2020-04-09T15:20:00Z,14,6.923076923076923,5.012820512820513,5.153846153846154,4,4.141025641025641,3.076923076923077,78
2020-04-09T15:20:00Z,15,3.0344827586206895,1.0344827586206897,3.0344827586206895,NA,2.9482758620689653,1.9827586206896552,58
2020-04-09T15:20:00Z,16,5.4222222222222225,2.4,3.2222222222222223,2.4,2.7111111111111112,0.4444444444444444,45
2020-04-09T15:20:00Z,17,2.8461538461538463,2.230769230769231,6.153846153846154,NA,3,1.1538461538461537,13
2020-04-09T15:20:00Z,18,4.035714285714286,1.8214285714285714,4.071428571428571,3,4.892857142857143,3.2142857142857144,28
2020-04-09T15:20:00Z,19,2,1.7333333333333334,2,8,2.2666666666666666,2.066666666666667,15
2020-04-09T15:25:00Z,1,1.4285714285714286,1.5714285714285714,4.428571428571429,3.142857142857143,1.8571428571428572,0.2857142857142857,7
2020-04-09T15:25:00Z,2,3.3125,5.0625,4.041666666666667,NA,0.9583333333333334,1.0625,48
2020-04-09T15:25:00Z,4,6.956521739130435,5.1521739130434785,5.021739130434782,NA,4.956521739130435,5.217391304347826,46
2020-04-09T15:25:00Z,5,5,2,4.090909090909091,0.7272727272727273,3,0.18181818181818182,11
2020-04-09T15:25:00Z,6,0.4117647058823529,1.2058823529411764,2.235294117647059,2.235294117647059,3.0294117647058822,1.0588235294117647,34
2020-04-09T15:25:00Z,7,NA,8,5,NA,NA,4,1
2020-04-09T15:25:00Z,8,8.947368421052632,7.2631578947368425,8.105263157894736,NA,6.947368421052632,0.3157894736842105,19
2020-04-09T15:25:00Z,9,8.75,2.75,5.5625,3.875,6.5,0.5,16
2020-04-09T15:25:00Z,10,7,7.04,7.28,NA,6.08,1.16,25
2020-04-09T15:25:00Z,11,7.947368421052632,5.026315789473684,4.947368421052632,3.026315789473684,4.947368421052632,2.0789473684210527,38
2020-04-09T15:25:00Z,12,3.217391304347826,5.043478260869565,3.9565217391304346,NA,3,4.130434782608695,23
2020-04-09T15:25:00Z,13,3.588235294117647,1.8235294117647058,4.0588235294117645,NA,3.7058823529411766,1.1764705882352942,17
2020-04-09T15:25:00Z,14,7.105263157894737,5.0394736842105265,4.868421052631579,NA,3.776315789473684,2.9342105263157894,76
2020-04-09T15:25:00Z,15,3.021276595744681,1.127659574468085,2.9361702127659575,7,3.106382978723404,2.0638297872340425,47
2020-04-09T15:25:00Z,16,5.63265306122449,2.510204081632653,3.4693877551020407,2.5918367346938775,2.5714285714285716,0.5714285714285714,49
2020-04-09T15:25:00Z,17,3.125,2.125,6.375,NA,3,1,8
2020-04-09T15:25:00Z,18,3.8947368421052633,1.9210526315789473,4.2105263157894735,6,5.026315789473684,3.026315789473684,38
2020-04-09T15:25:00Z,19,2,1.6,2.2,NA,2.4,2,5
2020-04-09T15:30:00Z,1,2.5,1.75,4,3.25,1.75,0.25,4
2020-04-09T15:30:00Z,2,3.081081081081081,5.027027027027027,3.918918918918919,4,1,1.135135135135135,37
2020-04-09T15:30:00Z,4,6.818181818181818,5.151515151515151,5,NA,5.0606060606060606,5,33
2020-04-09T15:30:00Z,5,5,2.0714285714285716,3.5,1.2142857142857142,3.2142857142857144,0.42857142857142855,14
2020-04-09T15:30:00Z,6,0.22580645161290322,0.967741935483871,2.096774193548387,1.903225806451613,3.096774193548387,0.9354838709677419,31
2020-04-09T15:30:00Z,8,9.058823529411764,7.705882352941177,8.764705882352942,NA,7.235294117647059,0.29411764705882354,17
2020-04-09T15:30:00Z,9,9.266666666666667,1.6666666666666667,4.8,4.066666666666666,6.066666666666666,0.13333333333333333,15
2020-04-09T15:30:00Z,10,7.083333333333333,7.083333333333333,7.583333333333333,NA,6.5,0.8333333333333334,12
2020-04-09T15:30:00Z,11,7.947368421052632,4.7894736842105265,5.157894736842105,3.1578947368421053,4.894736842105263,1.9473684210526316,19
2020-04-09T15:30:00Z,12,3.121212121212121,5.0606060606060606,3.909090909090909,NA,2.8181818181818183,3.878787878787879,33
2020-04-09T15:30:00Z,13,4.818181818181818,2.8181818181818183,4.636363636363637,1,4.636363636363637,0.45454545454545453,11
2020-04-09T15:30:00Z,14,7.076923076923077,4.938461538461539,4.938461538461539,8,4.030769230769231,2.9692307692307693,65
2020-04-09T15:30:00Z,15,3.1777777777777776,0.8222222222222222,2.7333333333333334,NA,2.7333333333333334,2.066666666666667,45
2020-04-09T15:30:00Z,16,5.962264150943396,3.339622641509434,3.943396226415094,3.0943396226415096,3.056603773584906,0.33962264150943394,53
2020-04-09T15:30:00Z,17,2.9375,2.0625,5.8125,NA,3.125,0.875,16
2020-04-09T15:30:00Z,18,4,2,3.7857142857142856,7,5.035714285714286,2.9642857142857144,28
2020-04-09T15:30:00Z,19,2,2.111111111111111,1.3333333333333333,NA,2.111111111111111,1.8888888888888888,9
2020-04-09T15:35:00Z,1,2,3,4.666666666666667,4.5,3.5,0,6
2020-04-09T15:35:00Z,2,3.108695652173913,5.1521739130434785,3.8043478260869565,6,1.1521739130434783,0.9347826086956522,46
2020-04-09T15:35:00Z,4,7.296296296296297,5,5,NA,5.037037037037037,4.925925925925926,27
2020-04-09T15:35:00Z,5,5.333333333333333,2.1666666666666665,3.5,1,3.1666666666666665,0.8333333333333334,6
2020-04-09T15:35:00Z,6,0.2,0.96,1.72,2.16,3.16,1.04,25
2020-04-09T15:35:00Z,8,9.31578947368421,7.7894736842105265,8.947368421052632,NA,6.947368421052632,0.2631578947368421,19
2020-04-09T15:35:00Z,9,8.875,1.75,5,3.75,5.75,0.25,16
2020-04-09T15:35:00Z,10,7.3076923076923075,6.923076923076923,7.076923076923077,NA,5.923076923076923,1.2307692307692308,13
2020-04-09T15:35:00Z,11,7.59375,4.875,4.84375,2.8125,5.03125,2.125,32
2020-04-09T15:35:00Z,12,3.1923076923076925,4.923076923076923,3.8461538461538463,8,2.9615384615384617,4.038461538461538,26
2020-04-09T15:35:00Z,13,5,3,5.363636363636363,NA,5.181818181818182,0,11
2020-04-09T15:35:00Z,14,7.065789473684211,5,5.131578947368421,NA,3.9078947368421053,2.8947368421052633,76
2020-04-09T15:35:00Z,15,3.06,1.24,3.08,NA,3.1,2,50
2020-04-09T15:35:00Z,16,5.68,2.54,3.44,2.54,2.72,0.4,50
2020-04-09T15:35:00Z,17,3,1.8333333333333333,6,NA,2.9166666666666665,1.0833333333333333,12
2020-04-09T15:35:00Z,18,4.03125,2.09375,4.03125,10,5.1875,3.1875,32
2020-04-09T15:35:00Z,19,2.2222222222222223,2.4444444444444446,2.2222222222222223,NA,2.111111111111111,2.4444444444444446,9
2020-04-09T15:40:00Z,1,4.333333333333333,3.3333333333333335,4.333333333333333,5.333333333333333,3.6666666666666665,0.3333333333333333,3
2020-04-09T15:40:00Z,2,3.032258064516129,4.806451612903226,3.967741935483871,NA,1.096774193548387,1.032258064516129,31
2020-04-09T15:40:00Z,4,7.051282051282051,5.0256410256410255,5.153846153846154,NA,5.17948717948718,4.923076923076923,39
2020-04-09T15:40:00Z,5,5.6,1.8,3.5,0.8,3,0.4,10
2020-04-09T15:40:00Z,6,0.4,1.16,2,2.32,3,1,25
2020-04-09T15:40:00Z,8,9,8.166666666666666,8.833333333333334,NA,7.055555555555555,0.2777777777777778,18
2020-04-09T15:40:00Z,9,7.454545454545454,2.4545454545454546,4.909090909090909,3.909090909090909,5.7272727272727275,0.36363636363636365,11
2020-04-09T15:40:00Z,10,7.153846153846154,7.153846153846154,7.076923076923077,0,5.6923076923076925,1.3076923076923077,13
2020-04-09T15:40:00Z,11,8,5,4.935483870967742,3.129032258064516,5.032258064516129,2.032258064516129,31
2020-04-09T15:40:00Z,12,2.6,5.171428571428572,3.9714285714285715,1,3,3.942857142857143,35
2020-04-09T15:40:00Z,13,4.777777777777778,2.611111111111111,4.611111111111111,NA,4.444444444444445,0.5555555555555556,18
2020-04-09T15:40:00Z,14,7.019230769230769,5.211538461538462,5.173076923076923,NA,4.0576923076923075,2.75,52
2020-04-09T15:40:00Z,15,2.8541666666666665,0.8541666666666666,2.9583333333333335,NA,3.0416666666666665,2.0625,48
2020-04-09T15:40:00Z,16,6.2444444444444445,3.111111111111111,4.466666666666667,3.2888888888888888,3.1333333333333333,0.17777777777777778,45
2020-04-09T15:40:00Z,17,2.764705882352941,2.0588235294117645,6.176470588235294,0,2.9411764705882355,0.8823529411764706,17
2020-04-09T15:40:00Z,18,3.9655172413793105,2,3.689655172413793,NA,5.0344827586206895,2.8275862068965516,29
2020-04-09T15:40:00Z,19,2.1538461538461537,1.8461538461538463,2.3076923076923075,6,2.3846153846153846,1.6153846153846154,13
2020-04-09T15:45:00Z,1,1.3333333333333333,1,4,2.6666666666666665,1.3333333333333333,0,3
2020-04-09T15:45:00Z,2,3.2,5,4.04,NA,1.28,0.96,25
2020-04-09T15:45:00Z,4,6.852941176470588,5.088235294117647,4.735294117647059,8,5,5,34
2020-04-09T15:45:00Z,5,5,2.125,4,0.75,3.25,0.625,8
2020-04-09T15:45:00Z,6,0.8571428571428571,1.1904761904761905,2.0476190476190474,2.4761904761904763,3,0.7142857142857143,21
2020-04-09T15:45:00Z,7,NA,8.5,6,NA,NA,4.5,2
2020-04-09T15:45:00Z,8,8.941176470588236,7.823529411764706,8.823529411764707,NA,6.705882352941177,0.17647058823529413,17
2020-04-09T15:45:00Z,9,8.529411764705882,2.588235294117647,5.117647058823529,4.294117647058823,6.176470588235294,0.35294117647058826,17
2020-04-09T15:45:00Z,10,7.454545454545454,7,6.7272727272727275,NA,6,1.5454545454545454,11
2020-04-09T15:45:00Z,11,8.129032258064516,5.225806451612903,4.67741935483871,2.870967741935484,5.225806451612903,1.7096774193548387,31
2020-04-09T15:45:00Z,12,2.9565217391304346,4.739130434782608,4.086956521739131,NA,3.260869565217391,4.043478260869565,23
2020-04-09T15:45:00Z,13,4.583333333333333,2.4166666666666665,4.416666666666667,9,4.416666666666667,0.5,12
2020-04-09T15:45:00Z,14,6.879310344827586,5.086206896551724,5.103448275862069,3.6666666666666665,4.189655172413793,2.8793103448275863,58
2020-04-09T15:45:00Z,15,3.0303030303030303,1.121212121212121,3.1515151515151514,NA,2.909090909090909,2,33
2020-04-09T15:45:00Z,16,5.808510638297872,2.872340425531915,4,3.127659574468085,3.0425531914893615,0.23404255319148937,47
2020-04-09T15:45:00Z,17,3.2857142857142856,1.9285714285714286,6.071428571428571,1,3.2142857142857144,0.9285714285714286,14
2020-04-09T15:45:00Z,18,4.125,1.8333333333333333,4.083333333333333,NA,5.041666666666667,2.875,24
2020-04-09T15:45:00Z,19,2.3333333333333335,2.4166666666666665,2.3333333333333335,NA,2.0833333333333335,1.5833333333333333,12
2020-04-09T15:50:00Z,1,2.5,1.75,3.75,3,2.25,0,4
2020-04-09T15:50:00Z,2,3.032258064516129,4.935483870967742,3.903225806451613,8,1.032258064516129,0.967741935483871,31
2020-04-09T15:50:00Z,4,6.885714285714286,5.257142857142857,5,NA,5.057142857142857,5.0285714285714285,35
2020-04-09T15:50:00Z,5,5.444444444444445,2.6666666666666665,4,0.5555555555555556,3.2222222222222223,0.3333333333333333,9
2020-04-09T15:50:00Z,6,0.23809523809523808,1.1428571428571428,2.0476190476190474,2.0952380952380953,3.1904761904761907,0.9047619047619048,21
2020-04-09T15:50:00Z,8,9.105263157894736,8.052631578947368,9.157894736842104,NA,6.947368421052632,0.42105263157894735,19
2020-04-09T15:50:00Z,9,8.952380952380953,2.0952380952380953,4.666666666666667,4.571428571428571,6,0.23809523809523808,21
2020-04-09T15:50:00Z,10,6.857142857142857,6.928571428571429,6.857142857142857,NA,5.857142857142857,1,14
2020-04-09T15:50:00Z,11,7.866666666666666,5,4.933333333333334,3.2,4.866666666666666,2.2,15
2020-04-09T15:50:00Z,12,3.08,4.88,4.16,NA,2.72,4.12,25
2020-04-09T15:50:00Z,13,5.222222222222222,3.2222222222222223,5.333333333333333,NA,4.555555555555555,0,9
2020-04-09T15:50:00Z,14,6.851351351351352,4.9324324324324325,5.094594594594595,NA,3.972972972972973,2.8513513513513513,74
2020-04-09T15:50:00Z,15,3.310344827586207,1.7586206896551724,3.6551724137931036,NA,3.6206896551724137,1.8275862068965518,29
2020-04-09T15:50:00Z,16,6.413043478260869,3.1739130434782608,4.130434782608695,3.4782608695652173,3.4130434782608696,0.2608695652173913,46
2020-04-09T15:50:00Z,17,2.888888888888889,1.7777777777777777,5.666666666666667,2,3.111111111111111,0.6666666666666666,9
2020-04-09T15:50:00Z,18,4.695652173913044,2.130434782608696,4,NA,5,2.739130434782609,23
2020-04-09T15:50:00Z,19,1.9,1.9,2.5,4,2.1,2.1,10
2020-04-09T15:55:00Z,1,2.2857142857142856,2,3.857142857142857,2.5714285714285716,1.7142857142857142,0,7
2020-04-09T15:55:00Z,2,2.8666666666666667,4.9,3.7,0,1.2333333333333334,0.8,30
2020-04-09T15:55:00Z,4,6.818181818181818,4.878787878787879,4.909090909090909,8,4.818181818181818,4.96969696969697,33
2020-04-09T15:55:00Z,5,4.916666666666667,1.8333333333333333,3.8333333333333335,1.0833333333333333,2.9166666666666665,0.3333333333333333,12
2020-04-09T15:55:00Z,6,0.6818181818181818,1.3636363636363635,2.6363636363636362,2.090909090909091,3.090909090909091,0.9545454545454546,22
2020-04-09T15:55:00Z,8,8.666666666666666,7.933333333333334,8.866666666666667,3,6.733333333333333,0.26666666666666666,15
2020-04-09T15:55:00Z,9,8.75,2.5,4.9375,4.0625,6.0625,0.5,16
2020-04-09T15:55:00Z,10,6.7,6.9,6.8,NA,5.9,1.1,10
2020-04-09T15:55:00Z,11,8.25,5.25,5.125,3,5.25,1.875,24
2020-04-09T15:55:00Z,12,3.2,5.15,3.65,NA,3.05,3.8,20
2020-04-09T15:55:00Z,13,4.5625,2.25,4.5,NA,4.25,0.5,16
2020-04-09T15:55:00Z,14,7.15625,4.796875,5.078125,7.5,4.125,3,64
2020-04-09T15:55:00Z,15,3.323529411764706,1.088235294117647,3.2058823529411766,7,3.1470588235294117,1.8529411764705883,34
2020-04-09T15:55:00Z,16,5.7272727272727275,2.7045454545454546,3.6818181818181817,2.840909090909091,2.8181818181818183,0.25,44
2020-04-09T15:55:00Z,17,2.857142857142857,2.142857142857143,6.214285714285714,NA,2.642857142857143,1.1428571428571428,14
2020-04-09T15:55:00Z,18,4.193548387096774,2.3548387096774195,4.064516129032258,NA,5.258064516129032,2.6451612903225805,31
2020-04-09T15:55:00Z,19,2.2222222222222223,2.111111111111111,2.2222222222222223,NA,2.4444444444444446,2,9
2020-04-09T16:00:00Z,1,2,2,3.5,2.5,2,0,2
2020-04-09T16:00:00Z,2,2.8333333333333335,5.291666666666667,4.125,NA,1.375,1,24
2020-04-09T16:00:00Z,4,7,4.764705882352941,5.176470588235294,NA,5.235294117647059,4.764705882352941,17
2020-04-09T16:00:00Z,5,4.6,2,4.2,1.2,2.8,0.2,5
2020-04-09T16:00:00Z,6,0.4166666666666667,1.2083333333333333,2.2916666666666665,2.4166666666666665,3.125,0.9166666666666666,24
2020-04-09T16:00:00Z,8,8.793103448275861,8,8.586206896551724,6,7.137931034482759,0.1724137931034483,29
2020-04-09T16:00:00Z,9,9.070175438596491,2.8596491228070176,5.754385964912281,4.701754385964913,5.87719298245614,1.0175438596491229,57
2020-04-09T16:00:00Z,10,7.357142857142857,7.428571428571429,6.785714285714286,NA,6.142857142857143,1.2142857142857142,14
2020-04-09T16:00:00Z,11,7.944444444444445,4.888888888888889,4.944444444444445,3.2777777777777777,4.888888888888889,2.0555555555555554,18
2020-04-09T16:00:00Z,12,2.9166666666666665,4.916666666666667,4.041666666666667,NA,3.125,4.125,24
2020-04-09T16:00:00Z,13,4.6,2.4,4.333333333333333,NA,4.533333333333333,0.26666666666666666,15
2020-04-09T16:00:00Z,14,7.178571428571429,5,5.017857142857143,7,4.142857142857143,3,56
2020-04-09T16:00:00Z,15,3.260869565217391,1.3043478260869565,3.3260869565217392,5,3.152173913043478,2.0217391304347827,46
2020-04-09T16:00:00Z,16,6,3.239130434782609,4.021739130434782,3.108695652173913,3.0869565217391304,0.32608695652173914,46
2020-04-09T16:00:00Z,17,2.727272727272727,2.090909090909091,5.818181818181818,NA,3.1818181818181817,1.0909090909090908,11
2020-04-09T16:00:00Z,18,4.066666666666666,3,3.8,NA,5.466666666666667,2.3333333333333335,15
2020-04-09T16:00:00Z,19,1.5,2,2.5,NA,1.8333333333333333,2.3333333333333335,6
2020-04-09T16:05:00Z,1,2,1.8,4,3.6,1.6,0,5
2020-04-09T16:05:00Z,2,2.736842105263158,5.421052631578948,4.315789473684211,2,0.9473684210526315,0.6842105263157895,19
2020-04-09T16:05:00Z,4,6.8,5.2,4.75,NA,5.075,5.125,40
2020-04-09T16:05:00Z,5,5,2.3333333333333335,3.6666666666666665,1.2222222222222223,2.7777777777777777,0,9
2020-04-09T16:05:00Z,6,0.6,1.2,2.2,2.1333333333333333,3.533333333333333,0.6666666666666666,15
2020-04-09T16:05:00Z,7,NA,8,6,NA,NA,3,1
2020-04-09T16:05:00Z,8,8.909090909090908,8.363636363636363,9.090909090909092,NA,7,0.2727272727272727,11
2020-04-09T16:05:00Z,9,8.958333333333334,2.9375,5.9375,4.958333333333333,6.034722222222222,0.9791666666666666,144
2020-04-09T16:05:00Z,10,7.181818181818182,7.090909090909091,7.363636363636363,NA,6.181818181818182,1.2727272727272727,11
2020-04-09T16:05:00Z,11,8.25,5.4375,4.9375,2.6875,5.1875,2.0625,16
2020-04-09T16:05:00Z,12,3,4.695652173913044,3.8260869565217392,6,2.6956521739130435,3.9565217391304346,23
2020-04-09T16:05:00Z,13,4.722222222222222,2.5555555555555554,4.777777777777778,NA,4.777777777777778,0.16666666666666666,18
2020-04-09T16:05:00Z,14,6.913043478260869,4.956521739130435,4.913043478260869,3,4.108695652173913,2.9782608695652173,46
2020-04-09T16:05:00Z,15,2.896551724137931,1,3.1379310344827585,NA,2.896551724137931,2.3448275862068964,29
2020-04-09T16:05:00Z,16,5.87037037037037,2.962962962962963,4,2.740740740740741,2.9074074074074074,0.4074074074074074,54
2020-04-09T16:05:00Z,17,2.8333333333333335,2.3333333333333335,6.333333333333333,NA,3.1666666666666665,0.6666666666666666,6
2020-04-09T16:05:00Z,18,4.0625,1.9375,3.9375,8,4.8125,2.8125,16
2020-04-09T16:05:00Z,19,2.0714285714285716,1.7142857142857142,2,NA,1.7857142857142858,2.0714285714285716,14
2020-04-09T16:10:00Z,1,2.5,2,3.75,3.25,1.75,0,4
2020-04-09T16:10:00Z,2,2.85,4.6,4.5,4,1,1,20
2020-04-09T16:10:00Z,4,7.037037037037037,5.148148148148148,4.851851851851852,NA,5.111111111111111,5,27
2020-04-09T16:10:00Z,5,4.6,2.2,3.6,1.2,3.6,0.2,5
2020-04-09T16:10:00Z,6,0.8095238095238095,1.3333333333333333,2.619047619047619,2.380952380952381,3.0952380952380953,0.6190476190476191,21
2020-04-09T16:10:00Z,7,NA,8,6,NA,NA,5,1
2020-04-09T16:10:00Z,8,9.043478260869565,7.608695652173913,9.08695652173913,NA,6.826086956521739,0.2608695652173913,23
2020-04-09T16:10:00Z,9,8.865079365079366,2.865079365079365,5.841269841269841,4.904761904761905,5.992063492063492,0.9841269841269841,126
2020-04-09T16:10:00Z,10,6.8,6.9,7.1,NA,5.7,1,10
2020-04-09T16:10:00Z,11,7.764705882352941,5,4.9411764705882355,3,4.882352941176471,1.8823529411764706,17
2020-04-09T16:10:00Z,12,2.9473684210526314,4.947368421052632,3.8421052631578947,NA,3,4.052631578947368,19
2020-04-09T16:10:00Z,13,4.5,2.857142857142857,3.7857142857142856,NA,4.357142857142857,1.1428571428571428,14
2020-04-09T16:10:00Z,14,6.9361702127659575,5.25531914893617,4.957446808510638,7,3.872340425531915,2.8085106382978724,47
2020-04-09T16:10:00Z,15,3.066666666666667,1.3333333333333333,3.1333333333333333,NA,3.2,1.8,30
2020-04-09T16:10:00Z,16,6.045454545454546,2.9318181818181817,4,2.8181818181818183,3.1818181818181817,0.38636363636363635,44
2020-04-09T16:10:00Z,17,3.3333333333333335,1.9166666666666667,6.083333333333333,NA,3.0833333333333335,1,12
2020-04-09T16:10:00Z,18,4.136363636363637,1.8636363636363635,3.909090909090909,1,4.863636363636363,3.227272727272727,22
2020-04-09T16:10:00Z,19,1.4285714285714286,2.2857142857142856,1.8571428571428572,NA,2.5714285714285716,2,7
2020-04-09T16:15:00Z,1,3.3333333333333335,5,3,4.333333333333333,4,0.3333333333333333,3
2020-04-09T16:15:00Z,2,3.0434782608695654,4.913043478260869,3.869565217391304,4,0.9130434782608695,0.9130434782608695,23
2020-04-09T16:15:00Z,4,6.964285714285714,5.107142857142857,5.142857142857143,NA,5.214285714285714,5.142857142857143,28
2020-04-09T16:15:00Z,5,5,1.875,3.875,1,2.875,0.5,8
2020-04-09T16:15:00Z,6,0.6875,1,2.0625,2.375,2.5,0.75,16
2020-04-09T16:15:00Z,7,NA,7,7,NA,NA,4,1
2020-04-09T16:15:00Z,8,8.9375,7.4375,8.25,NA,6.6875,0.25,16
2020-04-09T16:15:00Z,9,8.938775510204081,2.938775510204082,5.8979591836734695,4.993197278911564,5.993197278911564,0.9183673469387755,147
2020-04-09T16:15:00Z,10,7.285714285714286,7,7,NA,6.142857142857143,1,7
2020-04-09T16:15:00Z,11,7.705882352941177,4.647058823529412,5.0588235294117645,3.1176470588235294,5.176470588235294,1.5294117647058822,17
2020-04-09T16:15:00Z,12,3.090909090909091,5.363636363636363,4.181818181818182,NA,3,4.181818181818182,11
2020-04-09T16:15:00Z,13,4.857142857142857,2.5714285714285716,4.857142857142857,NA,5.142857142857143,0,7
2020-04-09T16:15:00Z,14,6.957446808510638,4.914893617021277,4.8936170212765955,NA,4.23404255319149,2.9148936170212765,47
2020-04-09T16:15:00Z,15,3.09375,1.09375,3.28125,2,3.09375,1.71875,32
2020-04-09T16:15:00Z,16,6.465116279069767,3.0930232558139537,4.348837209302325,2.9069767441860463,3.255813953488372,0.2558139534883721,43
2020-04-09T16:15:00Z,17,3.2857142857142856,1.7142857142857142,6.214285714285714,NA,3.0714285714285716,0.9285714285714286,14
2020-04-09T16:15:00Z,18,4.642857142857143,2.2142857142857144,4.071428571428571,NA,5,2.7857142857142856,14
2020-04-09T16:15:00Z,19,1.9,2.2,1.6,NA,2.8,1.9,10
2020-04-09T16:20:00Z,1,2.3333333333333335,1.3333333333333333,4.666666666666667,3.3333333333333335,2.3333333333333335,0,3
2020-04-09T16:20:00Z,2,3,5.076923076923077,4.1923076923076925,NA,1.0384615384615385,1.2692307692307692,26
2020-04-09T16:20:00Z,4,6.818181818181818,4.909090909090909,4.818181818181818,NA,5.090909090909091,5.136363636363637,22
2020-04-09T16:20:00Z,5,5,2.5,4.25,0.75,3.25,0.25,4
2020-04-09T16:20:00Z,6,0.8235294117647058,0.9411764705882353,2.235294117647059,2.4705882352941178,2.823529411764706,0.9411764705882353,17
2020-04-09T16:20:00Z,7,NA,9,6,NA,NA,4,1
2020-04-09T16:20:00Z,8,8.947368421052632,7.631578947368421,9.105263157894736,NA,7.105263157894737,0.3684210526315789,19
2020-04-09T16:20:00Z,9,8.90625,2.9453125,5.75,4.875,5.8984375,0.921875,128
2020-04-09T16:20:00Z,10,7.666666666666667,6.888888888888889,6.666666666666667,NA,6.222222222222222,1.1111111111111112,9
2020-04-09T16:20:00Z,11,8,4.923076923076923,4.6923076923076925,2.769230769230769,4.846153846153846,2.1538461538461537,13
2020-04-09T16:20:00Z,12,2.857142857142857,4.809523809523809,3.857142857142857,NA,2.9523809523809526,4.285714285714286,21
2020-04-09T16:20:00Z,13,4,2.142857142857143,4.285714285714286,NA,3.857142857142857,0.7142857142857143,7
2020-04-09T16:20:00Z,14,7.057142857142857,5.085714285714285,5.0285714285714285,NA,4.057142857142857,3.3714285714285714,35
2020-04-09T16:20:00Z,15,3.0625,0.875,3.125,NA,2.8125,1.8125,16
2020-04-09T16:20:00Z,16,6.1,3.4,4.175,3.325,3.5,0.225,40
2020-04-09T16:20:00Z,17,3,2.2,6.2,8,2.4,0.8,5
2020-04-09T16:20:00Z,18,4.176470588235294,2.0588235294117645,4,1,4.823529411764706,3,17
2020-04-09T16:20:00Z,19,2,2,2,NA,2,2,5
2020-04-09T16:25:00Z,1,3,1.6666666666666667,4,3,1.6666666666666667,0.3333333333333333,3
2020-04-09T16:25:00Z,2,2.8666666666666667,4.533333333333333,3.533333333333333,NA,1.0666666666666667,1.4,15
2020-04-09T16:25:00Z,4,7.2272727272727275,5.045454545454546,5,4,4.954545454545454,5.2272727272727275,22
2020-04-09T16:25:00Z,5,5.75,1.75,3.75,1,3,0.25,4
2020-04-09T16:25:00Z,6,0.125,1,1.625,2.125,2.75,0.9375,16
2020-04-09T16:25:00Z,8,8.285714285714286,7.666666666666667,8.761904761904763,NA,6.714285714285714,0.2857142857142857,21
2020-04-09T16:25:00Z,9,9.069565217391304,2.9217391304347826,5.982608695652174,4.921739130434783,6,0.9043478260869565,115
2020-04-09T16:25:00Z,10,7.4,7,6.8,NA,6.2,0.6,5
2020-04-09T16:25:00Z,11,8,5.3125,5,2.875,5.25,2.25,16
2020-04-09T16:25:00Z,12,3,5.083333333333333,3.8333333333333335,8,3.0416666666666665,3.7916666666666665,24
2020-04-09T16:25:00Z,13,4.833333333333333,3.0833333333333335,5.083333333333333,NA,5.333333333333333,0.25,12
2020-04-09T16:25:00Z,14,6.757575757575758,4.696969696969697,5.03030303030303,NA,4.121212121212121,2.8484848484848486,33
2020-04-09T16:25:00Z,15,3.2857142857142856,1.7857142857142858,3.357142857142857,NA,3.5714285714285716,1.7857142857142858,14
2020-04-09T16:25:00Z,16,6.157894736842105,3.210526315789474,4.526315789473684,3.6052631578947367,3.3421052631578947,0.13157894736842105,38
2020-04-09T16:25:00Z,17,3.125,2.125,5.5,NA,2.75,1.625,8
2020-04-09T16:25:00Z,18,4,2.2,4.1,NA,5.2,3.2,10
2020-04-09T16:25:00Z,19,2.25,2.25,1.75,NA,2,1.75,4
2020-04-09T16:30:00Z,1,1,2,5,3,1,0,1
2020-04-09T16:30:00Z,2,2.6875,4.875,4,8,0.875,1.375,16
2020-04-09T16:30:00Z,4,6.722222222222222,4.833333333333333,4.944444444444445,NA,4.666666666666667,4.944444444444445,18
2020-04-09T16:30:00Z,5,5.666666666666667,1.6666666666666667,4,0.6666666666666666,2.6666666666666665,0.3333333333333333,3
2020-04-09T16:30:00Z,6,0.6842105263157895,1.894736842105263,2.789473684210526,2.736842105263158,2.9473684210526314,1,19
2020-04-09T16:30:00Z,8,9.074074074074074,8.222222222222221,9.444444444444445,NA,6.925925925925926,0.5185185185185185,27
2020-04-09T16:30:00Z,9,8.968421052631578,2.831578947368421,5.894736842105263,4.842105263157895,6.105263157894737,0.9263157894736842,95
2020-04-09T16:30:00Z,10,6.666666666666667,7.222222222222222,6.777777777777778,6,6,1.1111111111111112,9
2020-04-09T16:30:00Z,11,7.6,4.4,6.2,2.4,5.6,1.4,5
2020-04-09T16:30:00Z,12,2.8076923076923075,5.076923076923077,3.8846153846153846,10,3.1153846153846154,3.9615384615384617,26
2020-04-09T16:30:00Z,13,4.2,2.6,4.2,NA,4.4,0.8,5
2020-04-09T16:30:00Z,14,7.090909090909091,5.181818181818182,4.818181818181818,NA,4,2.9545454545454546,22
2020-04-09T16:30:00Z,15,3,1.5405405405405406,3.135135135135135,10,3.3783783783783785,1.7297297297297298,37
2020-04-09T16:30:00Z,16,6.2439024390243905,3.2195121951219514,4.317073170731708,3.1707317073170733,3.1219512195121952,0.2926829268292683,41
2020-04-09T16:30:00Z,17,3.142857142857143,2.2857142857142856,6.285714285714286,NA,3,0.8571428571428571,7
2020-04-09T16:30:00Z,18,4.375,2.625,4.375,NA,4.75,2.375,8
2020-04-09T16:30:00Z,19,2.2222222222222223,1.7777777777777777,2.4444444444444446,NA,2.111111111111111,2.2222222222222223,9
2020-04-09T16:35:00Z,1,2,2.3333333333333335,4.333333333333333,3,1.6666666666666667,0,3
2020-04-09T16:35:00Z,2,3.3181818181818183,5.409090909090909,4.181818181818182,7,1.7727272727272727,0.8181818181818182,22
2020-04-09T16:35:00Z,4,7.0476190476190474,5.0476190476190474,5,NA,4.857142857142857,5.0476190476190474,21
2020-04-09T16:35:00Z,5,4.833333333333333,2.1666666666666665,4,1,3,0.5,6
2020-04-09T16:35:00Z,6,0.2631578947368421,0.8421052631578947,2.1052631578947367,2.1578947368421053,3.263157894736842,1.0526315789473684,19
2020-04-09T16:35:00Z,7,NA,7,6,NA,NA,4,1
2020-04-09T16:35:00Z,8,9.058823529411764,8.676470588235293,9.544117647058824,5,6.882352941176471,0.8235294117647058,68
2020-04-09T16:35:00Z,9,9.019607843137255,3,5.8431372549019605,4.980392156862745,5.9411764705882355,1.0098039215686274,102
2020-04-09T16:35:00Z,10,6.818181818181818,7,7,NA,5.818181818181818,1,11
2020-04-09T16:35:00Z,11,8.083333333333334,5.083333333333333,5,3.25,5,1.9166666666666667,12
2020-04-09T16:35:00Z,12,3.3125,4.6875,4,NA,2.75,3.5625,16
2020-04-09T16:35:00Z,13,4.1,2.5,4.4,NA,4.6,0.6,10
2020-04-09T16:35:00Z,14,7.052631578947368,4.947368421052632,5.131578947368421,NA,3.8157894736842106,2.973684210526316,38
2020-04-09T16:35:00Z,15,3.16,0.88,2.88,NA,3.2,2,25
2020-04-09T16:35:00Z,16,6.023809523809524,3.1666666666666665,4.095238095238095,3.1904761904761907,3.142857142857143,0.3333333333333333,42
2020-04-09T16:35:00Z,17,3.3333333333333335,2.1666666666666665,6,NA,2.5,1,6
2020-04-09T16:35:00Z,18,3.9285714285714284,1.7142857142857142,4.142857142857143,NA,5.071428571428571,2.9285714285714284,14
2020-04-09T16:35:00Z,19,2.6666666666666665,2,2,NA,2.6666666666666665,1.6666666666666667,3
2020-04-09T16:40:00Z,1,2.142857142857143,2,3.7142857142857144,3.142857142857143,1.4285714285714286,0.2857142857142857,7
2020-04-09T16:40:00Z,2,2.8125,4.9375,4.25,2,1.25,1.3125,16
2020-04-09T16:40:00Z,4,7,5.3125,4.8125,7,4.875,5.1875,16
2020-04-09T16:40:00Z,5,5,1.8333333333333333,3.6666666666666665,1,3.3333333333333335,0.16666666666666666,6
2020-04-09T16:40:00Z,6,0.3125,1.0625,1.8125,2.3125,3.125,0.6875,16
2020-04-09T16:40:00Z,8,8.804347826086957,8.83695652173913,9.554347826086957,5.2,6.967391304347826,0.7717391304347826,92
2020-04-09T16:40:00Z,9,8.95,3.025,5.8625,4.975,5.8625,0.9125,80
2020-04-09T16:40:00Z,10,7,7.444444444444445,7.222222222222222,NA,6.222222222222222,1.3333333333333333,9
2020-04-09T16:40:00Z,11,8.2,4.9,4.7,3.3,5.1,1.9,10
2020-04-09T16:40:00Z,12,3.375,5.125,3.25,NA,3,3.5,8
2020-04-09T16:40:00Z,13,5,2.9285714285714284,5,NA,5,0.14285714285714285,14
2020-04-09T16:40:00Z,14,6.9714285714285715,5.114285714285714,4.8,10,4,2.7714285714285714,35
2020-04-09T16:40:00Z,15,3.3125,1.4375,3.5,1,2.8125,1.875,16
2020-04-09T16:40:00Z,16,6.068965517241379,3.5172413793103448,4.344827586206897,3.2413793103448274,3,0.3793103448275862,29
2020-04-09T16:40:00Z,17,3,2.5,6.333333333333333,NA,3,1,6
2020-04-09T16:40:00Z,18,3.8181818181818183,2.272727272727273,4,NA,4.7272727272727275,3.3636363636363638,11
2020-04-09T16:40:00Z,19,1.8,2.3,1.7,NA,1.8,1.9,10
2020-04-09T16:45:00Z,1,7,5.333333333333333,1.6666666666666667,4.333333333333333,4.333333333333333,0,3
2020-04-09T16:45:00Z,2,2.769230769230769,5,4.076923076923077,NA,1.3846153846153846,1.1538461538461537,13
2020-04-09T16:45:00Z,4,7,4.761904761904762,5.095238095238095,5,5.0476190476190474,5.095238095238095,21
2020-04-09T16:45:00Z,5,5.333333333333333,1.3333333333333333,4,0.6666666666666666,3.3333333333333335,0,3
2020-04-09T16:45:00Z,6,0.2,0.8,2.2,2.4,3.2,0.9,10
2020-04-09T16:45:00Z,7,NA,7,7,NA,NA,6,1
2020-04-09T16:45:00Z,8,8.94949494949495,8.767676767676768,9.575757575757576,7.333333333333333,6.909090909090909,0.9393939393939394,99
2020-04-09T16:45:00Z,9,9.02127659574468,2.893617021276596,6.01063829787234,4.882978723404255,6.085106382978723,0.8297872340425532,94
2020-04-09T16:45:00Z,10,6.833333333333333,6.833333333333333,7.333333333333333,NA,5.833333333333333,1,6
2020-04-09T16:45:00Z,11,7.8,5.4,5,2.8,5.2,2.2,5
2020-04-09T16:45:00Z,12,3.2,5.1,4.1,NA,3.2,4,10
2020-04-09T16:45:00Z,13,3.888888888888889,2,3.7777777777777777,NA,3.888888888888889,1.3333333333333333,9
2020-04-09T16:45:00Z,14,6.761904761904762,5.142857142857143,4.9523809523809526,NA,3.7142857142857144,2.9047619047619047,21
2020-04-09T16:45:00Z,15,3,0.8666666666666667,3.066666666666667,7.5,2.8,1.8,15
2020-04-09T16:45:00Z,16,6.4,3.55,4.575,3.675,3.45,0.175,40
2020-04-09T16:45:00Z,17,3.3333333333333335,1.3333333333333333,6,NA,3,1.6666666666666667,3
2020-04-09T16:45:00Z,18,4,2.375,4.25,NA,5.375,2.5,8
2020-04-09T16:45:00Z,19,4.142857142857143,2.2857142857142856,1.7142857142857142,NA,2.4285714285714284,1.5714285714285714,7
2020-04-09T16:50:00Z,1,2,1.75,3.25,3.5,2.25,0.5,4
2020-04-09T16:50:00Z,2,2.2857142857142856,4.928571428571429,3.857142857142857,NA,1.7142857142857142,1,14
2020-04-09T16:50:00Z,4,7,5.133333333333334,4.733333333333333,NA,4.933333333333334,5.133333333333334,15
2020-04-09T16:50:00Z,5,4.833333333333333,2,3.8333333333333335,0.8333333333333334,3.5,0.3333333333333333,6
2020-04-09T16:50:00Z,6,1.4285714285714286,2,1.7142857142857142,2.142857142857143,4.142857142857143,0.5714285714285714,7
2020-04-09T16:50:00Z,8,8.892857142857142,8.678571428571429,9.345238095238095,8,6.940476190476191,0.7976190476190477,84
2020-04-09T16:50:00Z,9,8.954022988505747,2.8620689655172415,5.954022988505747,4.827586206896552,6.103448275862069,0.9425287356321839,87
2020-04-09T16:50:00Z,10,7,7,8,NA,6,1.6666666666666667,3
2020-04-09T16:50:00Z,11,7,5.5,4.5,3,5,3,2
2020-04-09T16:50:00Z,12,2.7857142857142856,4.642857142857143,4,NA,3,4.428571428571429,14
2020-04-09T16:50:00Z,13,3.888888888888889,2.3333333333333335,4.444444444444445,NA,3.888888888888889,0.8888888888888888,9
2020-04-09T16:50:00Z,14,6.555555555555555,5.166666666666667,5.055555555555555,4,4.277777777777778,2.8333333333333335,18
2020-04-09T16:50:00Z,15,3.0714285714285716,0.8571428571428571,2.7142857142857144,NA,3,2.0714285714285716,14
2020-04-09T16:50:00Z,16,6.361111111111111,3.5,4.361111111111111,3.638888888888889,3.6666666666666665,0.1388888888888889,36
2020-04-09T16:50:00Z,17,3.2222222222222223,3.7777777777777777,6.333333333333333,NA,4.111111111111111,0.7777777777777778,9
2020-04-09T16:50:00Z,18,4.363636363636363,1.9090909090909092,4.545454545454546,NA,4.7272727272727275,2.6363636363636362,11
2020-04-09T16:50:00Z,19,1.8333333333333333,2.1666666666666665,1.8333333333333333,NA,1.8333333333333333,2.5,6
2020-04-09T16:55:00Z,1,3,4,3,4,3,0,1
2020-04-09T16:55:00Z,2,3.1538461538461537,5.076923076923077,4.076923076923077,6,1,0.7692307692307693,13
2020-04-09T16:55:00Z,4,6.714285714285714,5.071428571428571,5.071428571428571,NA,5.428571428571429,4.785714285714286,14
2020-04-09T16:55:00Z,5,4.6,2.2,3.2,1.4,3,0.2,5
2020-04-09T16:55:00Z,6,1.2941176470588236,2.0588235294117645,2.4705882352941178,3,3.6470588235294117,0.7058823529411765,17
2020-04-09T16:55:00Z,8,8.773584905660377,8.641509433962264,9.556603773584905,4,6.849056603773585,0.9245283018867925,106
2020-04-09T16:55:00Z,9,9.051282051282051,2.858974358974359,6.012820512820513,4.884615384615385,6.102564102564102,0.782051282051282,78
2020-04-09T16:55:00Z,10,7.6,6.6,7.4,NA,5.6,1.4,5
2020-04-09T16:55:00Z,11,7.857142857142857,5.142857142857143,5.142857142857143,3.4285714285714284,4.857142857142857,2.4285714285714284,7
2020-04-09T16:55:00Z,12,3.3333333333333335,4.5,4,NA,2.5,4.5,6
2020-04-09T16:55:00Z,13,4.25,2.5833333333333335,4.166666666666667,6.5,4.833333333333333,0.9166666666666666,12
2020-04-09T16:55:00Z,14,6.863636363636363,5.318181818181818,5.136363636363637,7,4.409090909090909,2.772727272727273,22
2020-04-09T16:55:00Z,15,3.5833333333333335,1.0416666666666667,2.9583333333333335,NA,2.7083333333333335,1.9583333333333333,24
2020-04-09T16:55:00Z,16,5.787878787878788,2.8181818181818183,3.9393939393939394,2.878787878787879,2.757575757575758,0.3939393939393939,33
2020-04-09T16:55:00Z,17,3,1.5,6.5,7,3.25,0.75,4
2020-04-09T16:55:00Z,18,3.5714285714285716,1.8571428571428572,4.071428571428571,NA,5.285714285714286,3.2142857142857144,14
2020-04-09T16:55:00Z,19,2.6666666666666665,1.8333333333333333,3.3333333333333335,NA,1.6666666666666667,1.6666666666666667,6
2020-04-09T17:00:00Z,1,2,1.5,4.5,2,2,0,2
2020-04-09T17:00:00Z,2,2.923076923076923,4.6923076923076925,4.230769230769231,NA,1,0.8461538461538461,13
2020-04-09T17:00:00Z,4,7.0588235294117645,4.588235294117647,5.176470588235294,NA,4.823529411764706,4.823529411764706,17
2020-04-09T17:00:00Z,5,5.25,2,4.25,1.25,3,0.25,4
2020-04-09T17:00:00Z,6,1.125,1.875,3,2.75,4.375,0.625,8
2020-04-09T17:00:00Z,7,NA,8,7,NA,NA,4,1
2020-04-09T17:00:00Z,8,8.891089108910892,8.871287128712872,9.653465346534654,7,6.98019801980198,0.8712871287128713,101
2020-04-09T17:00:00Z,9,8.842857142857143,3.0428571428571427,5.885714285714286,4.985714285714286,5.8428571428571425,0.8714285714285714,70
2020-04-09T17:00:00Z,10,6.5,6.75,6.75,NA,5.5,1.25,4
2020-04-09T17:00:00Z,11,7.857142857142857,4.857142857142857,4.714285714285714,2.7142857142857144,4.714285714285714,2.2857142857142856,7
2020-04-09T17:00:00Z,12,2.9642857142857144,5.142857142857143,3.9285714285714284,NA,2.857142857142857,4.178571428571429,28
2020-04-09T17:00:00Z,13,4.7272727272727275,3.1818181818181817,4.7272727272727275,2,5,0,11
2020-04-09T17:00:00Z,14,7.208333333333333,5.041666666666667,4.708333333333333,NA,4.125,3.125,24
2020-04-09T17:00:00Z,15,3.210526315789474,1.0526315789473684,3.0526315789473686,NA,3.210526315789474,2,19
2020-04-09T17:00:00Z,16,6.3428571428571425,3.0285714285714285,4.257142857142857,3.0285714285714285,3.2,0.2,35
2020-04-09T17:00:00Z,17,3,1.75,6.25,NA,3,1.25,4
2020-04-09T17:00:00Z,18,3.3333333333333335,2.3333333333333335,4.333333333333333,NA,5.333333333333333,2.3333333333333335,3
2020-04-09T17:00:00Z,19,1.3333333333333333,2,2,NA,2.3333333333333335,2.3333333333333335,3
2020-04-09T17:05:00Z,1,3,2,5,3,3,0,1
2020-04-09T17:05:00Z,2,3.090909090909091,5.090909090909091,4.363636363636363,NA,1.9090909090909092,0.8181818181818182,11
2020-04-09T17:05:00Z,4,6.928571428571429,4.785714285714286,4.642857142857143,9,4.785714285714286,5,14
2020-04-09T17:05:00Z,5,5.6,3.4,4,2,4,0,5
2020-04-09T17:05:00Z,6,0.18181818181818182,1,1.9090909090909092,1.9090909090909092,3.090909090909091,1.1818181818181819,11
2020-04-09T17:05:00Z,7,NA,8,6,NA,NA,3,1
2020-04-09T17:05:00Z,8,9.147058823529411,8.705882352941176,9.735294117647058,NA,6.921568627450981,0.8137254901960784,102
2020-04-09T17:05:00Z,9,8.907692307692308,2.723076923076923,5.723076923076923,4.8307692307692305,5.969230769230769,0.8615384615384616,65
2020-04-09T17:05:00Z,10,7,7,7.2,NA,5.6,1.2,5
2020-04-09T17:05:00Z,11,7.909090909090909,5.181818181818182,5.454545454545454,3.1818181818181817,4.818181818181818,1.9090909090909092,11
2020-04-09T17:05:00Z,12,2.909090909090909,5,3.8181818181818183,NA,3,4.2727272727272725,11
2020-04-09T17:05:00Z,13,4.125,2.875,4.125,NA,4.25,0.625,8
2020-04-09T17:05:00Z,14,6.933333333333334,5.2,5.466666666666667,NA,4.2,2.2666666666666666,15
2020-04-09T17:05:00Z,15,3.1875,1.875,4,NA,3.6875,1.9375,16
2020-04-09T17:05:00Z,16,6.173913043478261,3.739130434782609,4.478260869565218,3.0434782608695654,3.4347826086956523,0.391304347826087,23
2020-04-09T17:05:00Z,17,3.1666666666666665,2.1666666666666665,6.333333333333333,NA,2.8333333333333335,0.6666666666666666,6
2020-04-09T17:05:00Z,18,4.333333333333333,2,4.333333333333333,NA,5.333333333333333,3.111111111111111,9
2020-04-09T17:05:00Z,19,2,1.5,3.5,NA,0.5,2,2
2020-04-09T17:10:00Z,1,2,2,4,3.6666666666666665,1.6666666666666667,0.3333333333333333,3
2020-04-09T17:10:00Z,2,3.5,5.2,4.5,NA,1.4,0.7,10
2020-04-09T17:10:00Z,4,7.222222222222222,5.222222222222222,4.944444444444445,NA,4.888888888888889,5,18
2020-04-09T17:10:00Z,5,6,2,3,1,3,1,1
2020-04-09T17:10:00Z,6,0.2857142857142857,1.2857142857142858,1.7142857142857142,2.7142857142857144,2.857142857142857,0.8571428571428571,7
2020-04-09T17:10:00Z,8,9.026315789473685,8.736842105263158,9.671052631578947,6,6.934210526315789,0.9078947368421053,76
2020-04-09T17:10:00Z,9,8.733333333333333,2.9166666666666665,6.016666666666667,4.933333333333334,5.966666666666667,0.8833333333333333,60
2020-04-09T17:10:00Z,10,6.75,7.75,7,NA,6,0.25,4
2020-04-09T17:10:00Z,11,7.857142857142857,5.285714285714286,4.571428571428571,3,4.714285714285714,2.2857142857142856,7
2020-04-09T17:10:00Z,12,2.5,5.25,4,NA,3.25,4.25,8
2020-04-09T17:10:00Z,13,4.2,2.4,3.6,NA,3.8,1,5
2020-04-09T17:10:00Z,14,7.166666666666667,4.916666666666667,5.5,NA,4.083333333333333,2.9166666666666665,12
2020-04-09T17:10:00Z,15,3.076923076923077,0.9230769230769231,2.923076923076923,NA,2.8461538461538463,1.9230769230769231,13
2020-04-09T17:10:00Z,16,6.483870967741935,3.838709677419355,4.645161290322581,3.5161290322580645,3.2580645161290325,0.16129032258064516,31
2020-04-09T17:10:00Z,17,3,1,6,NA,4,1,1
2020-04-09T17:10:00Z,18,3.5833333333333335,2.4166666666666665,4.416666666666667,NA,4.916666666666667,2.8333333333333335,12
2020-04-09T17:10:00Z,19,2.6666666666666665,2.2222222222222223,1.2222222222222223,NA,2.2222222222222223,1.3333333333333333,9
2020-04-09T17:15:00Z,1,2,1.5,5,2,2.5,0,2
2020-04-09T17:15:00Z,2,3.4285714285714284,4.571428571428571,4.285714285714286,NA,0.7142857142857143,1.1428571428571428,7
2020-04-09T17:15:00Z,4,7.181818181818182,5.2727272727272725,5.090909090909091,NA,4.818181818181818,5.181818181818182,11
2020-04-09T17:15:00Z,5,6.428571428571429,4,4.142857142857143,1.8571428571428572,4.571428571428571,0.14285714285714285,7
2020-04-09T17:15:00Z,6,0.75,1.75,2.75,2.875,2.875,0.625,8
2020-04-09T17:15:00Z,8,8.774193548387096,8.870967741935484,9.516129032258064,9,6.849462365591398,0.8709677419354839,93
2020-04-09T17:15:00Z,9,8.912280701754385,2.9649122807017543,6.0701754385964914,4.684210526315789,6.157894736842105,1.087719298245614,57
2020-04-09T17:15:00Z,10,6.666666666666667,7,7.333333333333333,NA,6.333333333333333,0.6666666666666666,3
2020-04-09T17:15:00Z,11,8.4,5.2,4.6,2.6,5,2,5
2020-04-09T17:15:00Z,12,3.111111111111111,5.666666666666667,4.111111111111111,NA,2.6666666666666665,4.444444444444445,9
2020-04-09T17:15:00Z,13,5.166666666666667,3.1666666666666665,4.666666666666667,NA,4.5,0,6
2020-04-09T17:15:00Z,14,6.9411764705882355,5.235294117647059,4.588235294117647,NA,3.823529411764706,2.823529411764706,17
2020-04-09T17:15:00Z,15,3.6666666666666665,1,3.3333333333333335,NA,3.75,1.5,12
2020-04-09T17:15:00Z,16,6.352941176470588,3.3823529411764706,4.323529411764706,3.4705882352941178,3.235294117647059,0.23529411764705882,34
2020-04-09T17:15:00Z,17,3,1.8333333333333333,5.833333333333333,1,3.8333333333333335,0.6666666666666666,6
2020-04-09T17:15:00Z,18,4.142857142857143,1.7142857142857142,4.142857142857143,NA,5.571428571428571,2.857142857142857,7
2020-04-09T17:15:00Z,19,2,4.5,4,NA,2.75,1.5,4
2020-04-09T17:20:00Z,1,1,3,4,4,2,0,1
2020-04-09T17:20:00Z,2,2.5,5.125,4,NA,1,1,8
2020-04-09T17:20:00Z,4,7.125,4.9375,4.625,9,5.125,5,16
2020-04-09T17:20:00Z,5,4,3,4,1,2,1,1
2020-04-09T17:20:00Z,6,0.3,1.4,1.6,1.8,2.9,0.8,10
2020-04-09T17:20:00Z,7,NA,8,6,NA,NA,5,2
2020-04-09T17:20:00Z,8,8.963414634146341,8.682926829268293,9.621951219512194,5,6.865853658536586,0.8902439024390244,82
2020-04-09T17:20:00Z,9,8.96875,2.796875,6.03125,4.921875,6.09375,0.9375,64
2020-04-09T17:20:00Z,10,7,7.5,7,NA,6.5,1,2
2020-04-09T17:20:00Z,11,8,4.875,4.875,3.375,4.625,1.75,8
2020-04-09T17:20:00Z,12,3,5.153846153846154,4.076923076923077,NA,2.6153846153846154,4,13
2020-04-09T17:20:00Z,13,4.333333333333333,2.6666666666666665,4.333333333333333,4,4.5,0.5,6
2020-04-09T17:20:00Z,14,7.117647058823529,5.176470588235294,5.352941176470588,NA,4,3.176470588235294,17
2020-04-09T17:20:00Z,15,3.2222222222222223,1.2777777777777777,2.611111111111111,3,2.9444444444444446,2.0555555555555554,18
2020-04-09T17:20:00Z,16,6.208333333333333,3.3333333333333335,4.583333333333333,3.0416666666666665,3.25,0.16666666666666666,24
2020-04-09T17:20:00Z,17,3,2.5,6.5,NA,2.5,1.5,2
2020-04-09T17:20:00Z,18,4.111111111111111,2.888888888888889,3.7777777777777777,NA,4.888888888888889,2.3333333333333335,9
2020-04-09T17:20:00Z,19,2.6,2,2,NA,4.2,2,5
2020-04-09T17:25:00Z,1,1,2,3.5,3.5,2,0,2
2020-04-09T17:25:00Z,2,3.25,4.875,4,NA,1.25,1,8
2020-04-09T17:25:00Z,4,7.125,5.375,5,NA,4.75,4.875,8
2020-04-09T17:25:00Z,5,5.333333333333333,2.3333333333333335,4,1.3333333333333333,3.3333333333333335,0.6666666666666666,3
2020-04-09T17:25:00Z,6,0.4444444444444444,1.1111111111111112,2.2222222222222223,1.6666666666666667,2.6666666666666665,1.1111111111111112,9
2020-04-09T17:25:00Z,7,NA,8,6,NA,NA,4,1
2020-04-09T17:25:00Z,8,8.921739130434782,8.878260869565217,9.42608695652174,7,6.982608695652174,0.9565217391304348,115
2020-04-09T17:25:00Z,9,8.943396226415095,2.849056603773585,5.867924528301887,4.981132075471698,6.150943396226415,1.0377358490566038,53
2020-04-09T17:25:00Z,10,8,6.75,6.75,NA,6,1,4
2020-04-09T17:25:00Z,11,8,5.5,5.5,4,5,1.5,2
2020-04-09T17:25:00Z,12,3.3636363636363638,5.2727272727272725,4.181818181818182,NA,3.5454545454545454,3.1818181818181817,11
2020-04-09T17:25:00Z,13,4.25,3.5,5.75,NA,5.25,0,4
2020-04-09T17:25:00Z,14,7,4.823529411764706,5.411764705882353,NA,3.5294117647058822,3.0588235294117645,17
2020-04-09T17:25:00Z,15,2.875,1.125,3.25,NA,3.625,1.5,8
2020-04-09T17:25:00Z,16,6.238095238095238,3.0476190476190474,4.666666666666667,3.8095238095238093,3.2857142857142856,0.3333333333333333,21
2020-04-09T17:25:00Z,17,3,1.8,6.2,NA,3.2,0.6,5
2020-04-09T17:25:00Z,18,4.2,2.5,4.3,NA,5,3,10
2020-04-09T17:25:00Z,19,2.5714285714285716,2.4285714285714284,3.7142857142857144,NA,2.142857142857143,1.8571428571428572,7
2020-04-09T17:30:00Z,2,4,4,5.571428571428571,NA,2.7142857142857144,1.4285714285714286,7
2020-04-09T17:30:00Z,4,7,4.428571428571429,5.142857142857143,NA,5.428571428571429,5.142857142857143,7
2020-04-09T17:30:00Z,5,4.8,2,4.6,2.2,2.8,0,5
2020-04-09T17:30:00Z,6,0.16666666666666666,1,1.8333333333333333,1.5,3,1.1666666666666667,6
2020-04-09T17:30:00Z,7,NA,7,7,NA,NA,4,1
2020-04-09T17:30:00Z,9,9.055555555555555,3.0833333333333335,5.888888888888889,4.694444444444445,6,1.1111111111111112,36
2020-04-09T17:30:00Z,10,7.4,6.6,7.4,NA,5.8,1.2,5
2020-04-09T17:30:00Z,11,8.142857142857142,5.142857142857143,5.428571428571429,3.142857142857143,5,2.4285714285714284,7
2020-04-09T17:30:00Z,12,3.076923076923077,5,3.769230769230769,3,3.1538461538461537,3.923076923076923,13
2020-04-09T17:30:00Z,13,5.166666666666667,2.8333333333333335,5.333333333333333,5,5.333333333333333,0,6
2020-04-09T17:30:00Z,14,6.733333333333333,5,5,NA,4.066666666666666,2.933333333333333,15
2020-04-09T17:30:00Z,15,3,0.7777777777777778,3.2222222222222223,NA,2.888888888888889,2.111111111111111,9
2020-04-09T17:30:00Z,16,6.36,3.28,4.16,3.12,3.28,0.24,25
2020-04-09T17:30:00Z,17,2.5,1.5,6,NA,2,1.5,2
2020-04-09T17:30:00Z,18,4.285714285714286,2,3.7142857142857144,6,5,2.7142857142857144,7
2020-04-09T17:30:00Z,19,1.5,2,2,NA,3,2,2
2020-04-09T17:35:00Z,2,3,5,4,NA,1.75,1,4
2020-04-09T17:35:00Z,4,7.2,5.4,4.2,NA,4.4,5.4,5
2020-04-09T17:35:00Z,5,6.5,4,2.5,1.5,5,0,2
2020-04-09T17:35:00Z,6,0.2857142857142857,1.1428571428571428,2.142857142857143,2.2857142857142856,3.2857142857142856,0.7142857142857143,7
2020-04-09T17:35:00Z,9,8.974358974358974,3.128205128205128,5.769230769230769,4.846153846153846,6.153846153846154,1.0769230769230769,39
2020-04-09T17:35:00Z,10,9,8,7,NA,5,0,1
2020-04-09T17:35:00Z,11,8.333333333333334,4.666666666666667,5,2.6666666666666665,5.333333333333333,2,3
2020-04-09T17:35:00Z,12,3,5.285714285714286,3.5714285714285716,NA,3.4285714285714284,3.857142857142857,7
2020-04-09T17:35:00Z,13,5,3.25,6.25,NA,5.5,0,4
2020-04-09T17:35:00Z,14,7,5.0625,4.9375,NA,4.4375,2.875,16
2020-04-09T17:35:00Z,15,4.857142857142857,2,3,NA,2.5714285714285716,1.1428571428571428,7
2020-04-09T17:35:00Z,16,6.833333333333333,3.2777777777777777,4.666666666666667,3.6666666666666665,3.2777777777777777,0.16666666666666666,18
2020-04-09T17:35:00Z,17,2.6666666666666665,1.6666666666666667,6.333333333333333,NA,2.6666666666666665,1,3
2020-04-09T17:35:00Z,18,4.25,2.25,3.5,NA,5.5,3,4
2020-04-09T17:35:00Z,19,6,7,2.5,NA,5,0,2
2020-04-09T17:40:00Z,1,2,1,4,3,2,0,1
2020-04-09T17:40:00Z,2,2.857142857142857,4.571428571428571,4.142857142857143,NA,1,1.1428571428571428,7
2020-04-09T17:40:00Z,4,7.3,4.7,4.7,NA,4.9,5.1,10
2020-04-09T17:40:00Z,5,5,2.25,5.75,2.75,4.75,0.25,4
2020-04-09T17:40:00Z,6,2,2.090909090909091,2.1818181818181817,3.3636363636363638,3.909090909090909,1,11
2020-04-09T17:40:00Z,9,9.18421052631579,3.1052631578947367,6.157894736842105,4.973684210526316,6.131578947368421,1.105263157894737,38
2020-04-09T17:40:00Z,10,6.333333333333333,6.666666666666667,7,NA,6.666666666666667,1,3
2020-04-09T17:40:00Z,11,7.75,5,5.5,3,4.75,2.25,4
2020-04-09T17:40:00Z,12,3.4,5.2,3.8,NA,3.6,4.4,5
2020-04-09T17:40:00Z,13,3.5714285714285716,1.8571428571428572,3.4285714285714284,NA,3.7142857142857144,1.1428571428571428,7
2020-04-09T17:40:00Z,14,7.25,4.583333333333333,5,NA,4.166666666666667,3.0833333333333335,12
2020-04-09T17:40:00Z,15,3.1666666666666665,2,3.6666666666666665,NA,3.4166666666666665,1.5833333333333333,12
2020-04-09T17:40:00Z,16,6.785714285714286,3.857142857142857,4.428571428571429,3.5,3.7857142857142856,0.14285714285714285,14
2020-04-09T17:40:00Z,18,4,2,4,NA,4.5,3.25,4
2020-04-09T17:40:00Z,19,1.3333333333333333,2.6666666666666665,1.6666666666666667,NA,1.3333333333333333,2.3333333333333335,3
2020-04-09T17:45:00Z,1,2.6666666666666665,2,3.6666666666666665,3.3333333333333335,1.6666666666666667,0,3
2020-04-09T17:45:00Z,2,2.7142857142857144,5.571428571428571,4,NA,0.7142857142857143,1,7
2020-04-09T17:45:00Z,4,7.2,5,4.6,NA,5.4,4.6,5
2020-04-09T17:45:00Z,5,5,2,4,1.5,3,0,2
2020-04-09T17:45:00Z,6,1.1111111111111112,1.1111111111111112,2.111111111111111,3,3.888888888888889,0.6666666666666666,9
2020-04-09T17:45:00Z,9,8.926829268292684,3.048780487804878,5.878048780487805,4.902439024390244,6.219512195121951,0.8292682926829268,41
2020-04-09T17:45:00Z,10,7.2,7.2,7.6,NA,6,0.6,5
2020-04-09T17:45:00Z,11,8.333333333333334,5.666666666666667,4.666666666666667,2,4.666666666666667,1.6666666666666667,3
2020-04-09T17:45:00Z,12,2.5,5.375,4.125,NA,3.125,3.875,8
2020-04-09T17:45:00Z,13,4.2,4,5.8,NA,4.2,0,5
2020-04-09T17:45:00Z,14,7.142857142857143,5.285714285714286,5.071428571428571,10,4.214285714285714,2.7857142857142856,14
2020-04-09T17:45:00Z,15,3,1.0833333333333333,3.4166666666666665,NA,3.8333333333333335,1.9166666666666667,12
2020-04-09T17:45:00Z,16,6.045454545454546,3.1363636363636362,4.5,3.3636363636363638,3.1363636363636362,0.13636363636363635,22
2020-04-09T17:45:00Z,17,3,1.5,6,NA,3,0.5,2
2020-04-09T17:45:00Z,18,4.333333333333333,2,4.333333333333333,NA,4.666666666666667,2.3333333333333335,3
2020-04-09T17:45:00Z,19,2,2,1.5,NA,2.5,1.5,2
2020-04-09T17:50:00Z,1,1,7,10,5,2,0,1
2020-04-09T17:50:00Z,2,2.8333333333333335,5.333333333333333,5.333333333333333,NA,0.8333333333333334,1.1666666666666667,6
2020-04-09T17:50:00Z,4,7.818181818181818,5.363636363636363,4.818181818181818,NA,5,4.818181818181818,11
2020-04-09T17:50:00Z,5,5,1.6666666666666667,3.6666666666666665,1,3.3333333333333335,0.3333333333333333,3
2020-04-09T17:50:00Z,6,0.2222222222222222,1.3333333333333333,1.8888888888888888,1.8888888888888888,2.888888888888889,0.8888888888888888,9
2020-04-09T17:50:00Z,9,8.966666666666667,3.066666666666667,5.433333333333334,4.766666666666667,6.066666666666666,0.7666666666666667,30
2020-04-09T17:50:00Z,10,5.5,7,5.5,NA,4.5,0,4
2020-04-09T17:50:00Z,11,8.166666666666666,5.166666666666667,4.833333333333333,4,4.166666666666667,2,6
2020-04-09T17:50:00Z,12,2.9,4.5,4,NA,3,3.6,10
2020-04-09T17:50:00Z,13,5,3,4,NA,5,0,1
2020-04-09T17:50:00Z,14,6.923076923076923,5.076923076923077,5.153846153846154,NA,3.8461538461538463,2.5384615384615383,13
2020-04-09T17:50:00Z,15,2.6,1.9,3.4,10,3.3,1.8,10
2020-04-09T17:50:00Z,16,6.083333333333333,3.1666666666666665,4.333333333333333,3.8333333333333335,3.5,0.25,12
2020-04-09T17:50:00Z,17,3.75,2.25,5.75,NA,2.75,1.75,4
2020-04-09T17:50:00Z,18,4,2.6,4.2,NA,5,3.2,5
2020-04-09T17:50:00Z,19,2.6666666666666665,2.6666666666666665,2,NA,2,1.6666666666666667,3
2020-04-09T17:55:00Z,1,3,3,4,3,1,0,1
2020-04-09T17:55:00Z,2,2.7777777777777777,5.222222222222222,4.111111111111111,NA,1.7777777777777777,1.3333333333333333,9
2020-04-09T17:55:00Z,4,7.142857142857143,5.285714285714286,5.285714285714286,6,4.857142857142857,4.857142857142857,7
2020-04-09T17:55:00Z,5,5.666666666666667,1.6666666666666667,4,0.6666666666666666,3.6666666666666665,0,3
2020-04-09T17:55:00Z,6,0.625,2.25,1.875,2,2.125,0.875,8
2020-04-09T17:55:00Z,9,9.162790697674419,2.7906976744186047,5.5813953488372094,4.930232558139535,5.744186046511628,0.9534883720930233,43
2020-04-09T17:55:00Z,10,6.5,7,7.5,NA,6,1,2
2020-04-09T17:55:00Z,11,7.6,4.4,5.2,3.6,4.4,1.6,5
2020-04-09T17:55:00Z,12,3.4285714285714284,5.142857142857143,4.285714285714286,NA,3.142857142857143,4.428571428571429,7
2020-04-09T17:55:00Z,13,4.6,3,4.6,NA,4.8,0.6,5
2020-04-09T17:55:00Z,14,7.090909090909091,4.818181818181818,5,2,3.4545454545454546,3.272727272727273,11
2020-04-09T17:55:00Z,15,3.2,0.4,3.4,NA,3,2.2,5
2020-04-09T17:55:00Z,16,6,3.4166666666666665,4.416666666666667,3.5,3.1666666666666665,0.25,12
2020-04-09T17:55:00Z,17,2.75,1.25,6,NA,3,1,4
2020-04-09T17:55:00Z,18,5,3,4.666666666666667,NA,3.6666666666666665,1.6666666666666667,3
2020-04-09T17:55:00Z,19,4.333333333333333,5.333333333333333,2,NA,4,1.6666666666666667,3
2020-04-09T18:00:00Z,1,3,2,5,3,1,1,1
2020-04-09T18:00:00Z,2,2.6,5.4,4.6,NA,3.2,0.8,5
2020-04-09T18:00:00Z,4,7.4,4.4,5,NA,4.8,4.2,5
2020-04-09T18:00:00Z,5,5,5,4,1,4,1,1
2020-04-09T18:00:00Z,6,0.5,1.75,3.25,2.625,2.75,1,8
2020-04-09T18:00:00Z,9,8.826086956521738,3.130434782608696,5.782608695652174,4.869565217391305,5.608695652173913,1,23
2020-04-09T18:00:00Z,10,7.666666666666667,6,6.333333333333333,NA,5.666666666666667,0.3333333333333333,3
2020-04-09T18:00:00Z,11,8,4.5,5,2.5,5,1.5,2
2020-04-09T18:00:00Z,12,3.2,5.3,4.4,NA,3.1,3.7,10
2020-04-09T18:00:00Z,13,5,3,5,NA,4.75,0,4
2020-04-09T18:00:00Z,14,7,5.363636363636363,5.363636363636363,10,4.181818181818182,2.6363636363636362,11
2020-04-09T18:00:00Z,15,4.555555555555555,2.2222222222222223,3.5555555555555554,NA,3.6666666666666665,1.4444444444444444,9
2020-04-09T18:00:00Z,16,5.95,3,4.2,3.3,3.35,0.2,20
2020-04-09T18:00:00Z,17,2.6666666666666665,2.3333333333333335,6,NA,3.3333333333333335,1,3
2020-04-09T18:00:00Z,18,5,2.5,4,NA,4.5,3,2
2020-04-09T18:00:00Z,19,1,1,2,NA,2,2,1
2020-04-09T18:05:00Z,2,3,4.8,3.8,NA,1,0.6,5
2020-04-09T18:05:00Z,4,7.1,5.3,5.3,NA,5,5.2,10
2020-04-09T18:05:00Z,5,5,2,5,0,2,0,1
2020-04-09T18:05:00Z,6,0,1.5,1.75,2.75,3,1.25,4
2020-04-09T18:05:00Z,7,NA,8,7,NA,NA,4,1
2020-04-09T18:05:00Z,9,8.708333333333334,2.7916666666666665,5.833333333333333,4.833333333333333,6,1,24
2020-04-09T18:05:00Z,10,3.5,4,3.5,NA,6,1,2
2020-04-09T18:05:00Z,11,8,5.333333333333333,5.666666666666667,3,5,2.6666666666666665,3
2020-04-09T18:05:00Z,12,3.1,4.9,4.1,4,3,3.6,10
2020-04-09T18:05:00Z,13,4.333333333333333,2.8333333333333335,4.333333333333333,7,4.333333333333333,0.5,6
2020-04-09T18:05:00Z,14,7.142857142857143,5.428571428571429,4.571428571428571,NA,4,3.2857142857142856,7
2020-04-09T18:05:00Z,15,3.5,2.5,4.75,NA,3.25,1,4
2020-04-09T18:05:00Z,16,6.928571428571429,3.7142857142857144,4.428571428571429,3.5714285714285716,3.7142857142857144,0.14285714285714285,14
2020-04-09T18:05:00Z,17,3.3333333333333335,2,6,5,3,1,3
2020-04-09T18:05:00Z,18,3,2.2,5.2,NA,4.4,1.8,5
2020-04-09T18:05:00Z,19,0.5,1.5,1.5,NA,2.5,1.5,2
2020-04-09T18:10:00Z,2,3.3333333333333335,4.666666666666667,4,NA,1,1.6666666666666667,3
2020-04-09T18:10:00Z,4,7.333333333333333,5.5,4.666666666666667,NA,5.166666666666667,5.333333333333333,6
2020-04-09T18:10:00Z,6,0.3333333333333333,0.3333333333333333,2.6666666666666665,2.6666666666666665,3,0.6666666666666666,3
2020-04-09T18:10:00Z,7,NA,8,7,NA,NA,4,1
2020-04-09T18:10:00Z,9,9,2.806451612903226,5.967741935483871,4.903225806451613,5.838709677419355,0.9032258064516129,31
2020-04-09T18:10:00Z,10,8.5,5.5,7,NA,4.5,1,2
2020-04-09T18:10:00Z,11,8,5.666666666666667,5,2.6666666666666665,5,1.3333333333333333,3
2020-04-09T18:10:00Z,12,3.1666666666666665,4.833333333333333,4.083333333333333,NA,2.9166666666666665,3.6666666666666665,12
2020-04-09T18:10:00Z,13,5.333333333333333,3.5,6.5,NA,5,0,6
2020-04-09T18:10:00Z,14,7.5,5.5,6,NA,4.5,3.25,4
2020-04-09T18:10:00Z,15,2.7,1.8,3.3,NA,3.6,1.7,10
2020-04-09T18:10:00Z,16,6,3.176470588235294,4.0588235294117645,3.823529411764706,3.6470588235294117,0.17647058823529413,17
2020-04-09T18:10:00Z,18,5,4,4,NA,6,3,1
2020-04-09T18:10:00Z,19,2,2,1.5,NA,1,2.5,2
2020-04-09T18:15:00Z,1,2,4,5,3,3,0,1
2020-04-09T18:15:00Z,2,4,7.333333333333333,2.6666666666666665,NA,2.6666666666666665,0.3333333333333333,3
2020-04-09T18:15:00Z,4,6.75,5.25,4.25,NA,4.75,5.5,4
2020-04-09T18:15:00Z,5,4,2,4.5,0.5,2.5,1,2
2020-04-09T18:15:00Z,6,2,3,3.1666666666666665,2.8333333333333335,4.166666666666667,0.6666666666666666,6
2020-04-09T18:15:00Z,9,8.84,2.96,5.88,4.84,5.84,0.76,25
2020-04-09T18:15:00Z,10,8,5.666666666666667,6,NA,7.666666666666667,1,3
2020-04-09T18:15:00Z,11,7.5,4.5,5,3,5.5,1.5,2
2020-04-09T18:15:00Z,12,3.0833333333333335,5.25,3.75,NA,3,3.5833333333333335,12
2020-04-09T18:15:00Z,13,4.333333333333333,3,5.666666666666667,NA,5,0,3
2020-04-09T18:15:00Z,14,7.090909090909091,4.7272727272727275,5.090909090909091,4,3.909090909090909,2.8181818181818183,11
2020-04-09T18:15:00Z,15,4.25,3,2.75,NA,3,1.75,4
2020-04-09T18:15:00Z,16,7,3.5,4.5,3.6,3.5,0.1,10
2020-04-09T18:15:00Z,17,6,2,6,NA,3.3333333333333335,0.3333333333333333,3
2020-04-09T18:15:00Z,18,4,3.3333333333333335,2.6666666666666665,NA,6.333333333333333,1.6666666666666667,3
2020-04-09T18:15:00Z,19,2.75,1.75,2.25,NA,2.5,1,4
2020-04-09T18:20:00Z,2,3,5.4,3.8,NA,3,0.4,5
2020-04-09T18:20:00Z,4,7.333333333333333,4.666666666666667,5.166666666666667,NA,6.166666666666667,4.666666666666667,6
2020-04-09T18:20:00Z,5,5,1,4,6,2,0,2
2020-04-09T18:20:00Z,6,1.6666666666666667,3.3333333333333335,3,3,2.3333333333333335,0.6666666666666666,3
2020-04-09T18:20:00Z,9,8.923076923076923,3.0384615384615383,6.076923076923077,4.884615384615385,5.923076923076923,1.0769230769230769,26
2020-04-09T18:20:00Z,10,7,7,7,NA,5.666666666666667,0.6666666666666666,3
2020-04-09T18:20:00Z,11,8,5,4,4,5,2,1
2020-04-09T18:20:00Z,12,3,5.166666666666667,4.666666666666667,NA,3.1666666666666665,3.5,6
2020-04-09T18:20:00Z,13,5,2.75,5.25,NA,5.25,0,4
2020-04-09T18:20:00Z,14,5.8,5.4,4.9,NA,4.4,1.9,10
2020-04-09T18:20:00Z,15,3.6,0.8,3.4,NA,2.8,1.4,5
2020-04-09T18:20:00Z,16,6.7368421052631575,3.473684210526316,4.684210526315789,3.526315789473684,3.8421052631578947,0.15789473684210525,19
2020-04-09T18:20:00Z,18,4,1,6,NA,5,3,1
2020-04-09T18:20:00Z,19,0,2,1,NA,3,2,1
2020-04-09T18:25:00Z,1,3,2,5,2,2,0,1
2020-04-09T18:25:00Z,2,4.2,4.4,3.8,NA,2,0.4,5
2020-04-09T18:25:00Z,4,6.777777777777778,4.777777777777778,5,NA,5.333333333333333,5.555555555555555,9
2020-04-09T18:25:00Z,5,5,2,4,1,2,0,1
2020-04-09T18:25:00Z,6,0.5,0.5,4.5,0.5,2,0.5,2
2020-04-09T18:25:00Z,9,8.65,3,6.05,4.8,6,0.9,20
2020-04-09T18:25:00Z,10,5.5,7,6.5,NA,6,0.5,2
2020-04-09T18:25:00Z,11,8,4.5,5,2.5,4.5,2,2
2020-04-09T18:25:00Z,12,3.076923076923077,5.153846153846154,4.615384615384615,NA,2.6923076923076925,3.6153846153846154,13
2020-04-09T18:25:00Z,13,4,2.6666666666666665,4,NA,4,0.6666666666666666,3
2020-04-09T18:25:00Z,14,7.142857142857143,4.857142857142857,4.571428571428571,NA,3.7142857142857144,3.142857142857143,7
2020-04-09T18:25:00Z,15,2.6666666666666665,0.8888888888888888,3.2222222222222223,NA,2.5555555555555554,2.2222222222222223,9
2020-04-09T18:25:00Z,16,7,4.384615384615385,5.076923076923077,4,4.230769230769231,0,13
2020-04-09T18:25:00Z,17,7,2.6666666666666665,6.666666666666667,NA,5.333333333333333,0.6666666666666666,3
2020-04-09T18:30:00Z,1,2.5,2.5,3.5,3.5,1.5,0,2
2020-04-09T18:30:00Z,2,4.8,5.8,4,NA,1.8,1.8,5
2020-04-09T18:30:00Z,4,7.2,4.6,5.2,NA,5,4.8,5
2020-04-09T18:30:00Z,5,3,5.5,3.5,4.5,2.5,0,2
2020-04-09T18:30:00Z,6,0.2,1.2,2.2,2.4,3.4,0.6,5
2020-04-09T18:30:00Z,9,9.08695652173913,2.8260869565217392,6.130434782608695,4.608695652173913,5.826086956521739,1.0434782608695652,23
2020-04-09T18:30:00Z,10,10,10,5,NA,7,0,1
2020-04-09T18:30:00Z,11,9,5,5,4,6,2,1
2020-04-09T18:30:00Z,12,4,5,4.25,NA,3.25,3.5,4
2020-04-09T18:30:00Z,13,4,2.5,3,NA,2.5,1.5,2
2020-04-09T18:30:00Z,14,6.428571428571429,5.571428571428571,5.285714285714286,4,3.7142857142857144,2.2857142857142856,7
2020-04-09T18:30:00Z,15,3.875,3.25,3.75,NA,4.25,1.125,8
2020-04-09T18:30:00Z,16,6.5,3.4545454545454546,4.590909090909091,3.5,3.3636363636363638,0.18181818181818182,22
2020-04-09T18:30:00Z,18,4,3,3,NA,5,3,1
2020-04-09T18:30:00Z,19,2.25,2.75,3.75,NA,4.75,1,4
2020-04-09T18:35:00Z,2,2.5,4.5,4.75,NA,1.75,0.75,4
2020-04-09T18:35:00Z,4,7.4,5,5,NA,4.4,4.8,5
2020-04-09T18:35:00Z,5,10,9,6,1,1,0,1
2020-04-09T18:35:00Z,6,3,3.2857142857142856,3.5714285714285716,4.857142857142857,3.7142857142857144,0.8571428571428571,7
2020-04-09T18:35:00Z,9,8.521739130434783,2.652173913043478,6,4.739130434782608,5.782608695652174,0.6956521739130435,23
2020-04-09T18:35:00Z,10,7,7,7,NA,6,1,1
2020-04-09T18:35:00Z,11,8,5.5,5,3,6,1.5,2
2020-04-09T18:35:00Z,12,2.6666666666666665,5.333333333333333,4.333333333333333,NA,2.3333333333333335,4,3
2020-04-09T18:35:00Z,13,4.333333333333333,2,4,NA,3.6666666666666665,1,3
2020-04-09T18:35:00Z,14,7,5.166666666666667,4.833333333333333,NA,4,3.1666666666666665,6
2020-04-09T18:35:00Z,15,2.75,1.5,3.75,NA,3,2.5,4
2020-04-09T18:35:00Z,16,6.3,4.1,3.8,4.6,4.2,0,10
2020-04-09T18:35:00Z,17,3,2,5,NA,4,0,1
2020-04-09T18:35:00Z,18,3.5,2.5,4.5,NA,5,2.5,2
2020-04-09T18:40:00Z,1,3,2,4,2,2,0,1
2020-04-09T18:40:00Z,2,3,4.5,3.5,NA,0.5,1,2
2020-04-09T18:40:00Z,4,7,5,4.833333333333333,NA,5.166666666666667,4.833333333333333,6
2020-04-09T18:40:00Z,6,0.75,3.25,2.25,3,4.75,0.5,4
2020-04-09T18:40:00Z,9,8.8125,2.8125,6.4375,4.9375,5.8125,0.875,16
2020-04-09T18:40:00Z,10,3.5,8.5,8.5,NA,4,0.5,2
2020-04-09T18:40:00Z,12,3.6,5,4,NA,2.8,4.2,5
2020-04-09T18:40:00Z,13,4,1.6666666666666667,4.666666666666667,0,5,1,3
2020-04-09T18:40:00Z,14,7.166666666666667,5,5.166666666666667,NA,4,3,6
2020-04-09T18:40:00Z,15,2.5,1,3.25,NA,4.5,1.5,4
2020-04-09T18:40:00Z,16,6.285714285714286,3,4.285714285714286,2.4285714285714284,3.4285714285714284,0.2857142857142857,7
2020-04-09T18:40:00Z,18,4,2,5,NA,5.333333333333333,3.3333333333333335,3
2020-04-09T18:45:00Z,2,3,5,3,NA,1,1,1
2020-04-09T18:45:00Z,4,5.75,4.5,4.5,NA,5.25,4,4
2020-04-09T18:45:00Z,6,1.8,0.8,3.8,2.8,3.2,0.4,5
2020-04-09T18:45:00Z,9,9.222222222222221,3.2222222222222223,5.777777777777778,4.666666666666667,5.222222222222222,0.4444444444444444,9
2020-04-09T18:45:00Z,10,7,8,6,NA,7,1,1
2020-04-09T18:45:00Z,11,9.5,6.5,7.5,6.5,6.5,1,2
2020-04-09T18:45:00Z,12,2.6666666666666665,4.833333333333333,4,9,3.3333333333333335,3.6666666666666665,6
2020-04-09T18:45:00Z,13,4,2.5,3.5,2,4.5,0.75,4
2020-04-09T18:45:00Z,14,6.666666666666667,5,5,NA,3.6666666666666665,3,3
2020-04-09T18:45:00Z,15,2.3333333333333335,1,4.666666666666667,NA,3,2,3
2020-04-09T18:45:00Z,16,6.555555555555555,3.7777777777777777,4.666666666666667,3.7777777777777777,3.3333333333333335,0.2222222222222222,9
2020-04-09T18:45:00Z,17,3,1.6666666666666667,6,NA,3,1.3333333333333333,3
2020-04-09T18:45:00Z,19,2,2,1,NA,1,3,1
2020-04-09T18:50:00Z,1,7,7,5,1,5,0,1
2020-04-09T18:50:00Z,2,5.5,4.75,3.25,NA,5.75,0,4
2020-04-09T18:50:00Z,4,7.666666666666667,4.333333333333333,5.333333333333333,NA,5.333333333333333,5,3
2020-04-09T18:50:00Z,6,0,1,3,2,3,1,1
2020-04-09T18:50:00Z,9,8.777777777777779,3.2777777777777777,5.777777777777778,5.055555555555555,5.722222222222222,1.0555555555555556,18
2020-04-09T18:50:00Z,10,6.666666666666667,7.5,7.166666666666667,NA,6.5,0.6666666666666666,6
2020-04-09T18:50:00Z,11,9,6,5,3,4,1,1
2020-04-09T18:50:00Z,12,3.2,5,4.6,NA,2.8,3.8,5
2020-04-09T18:50:00Z,13,4,3,4.5,NA,5,0,2
2020-04-09T18:50:00Z,14,6.8,5.3,5,NA,4.7,2.8,10
2020-04-09T18:50:00Z,15,3.5,2,3.5,NA,2,1,2
2020-04-09T18:50:00Z,16,6.222222222222222,3.3333333333333335,4.444444444444445,3.111111111111111,3.111111111111111,0.2222222222222222,9
2020-04-09T18:50:00Z,18,3,5.5,3,NA,7.5,2,2
2020-04-09T18:55:00Z,2,2.3333333333333335,5.333333333333333,4.166666666666667,NA,2.1666666666666665,0.8333333333333334,6
2020-04-09T18:55:00Z,4,8,6,6,NA,4,5,1
2020-04-09T18:55:00Z,5,5,1,4,1,4,0,1
2020-04-09T18:55:00Z,6,0,1.5,2.5,2.5,2.5,1,2
2020-04-09T18:55:00Z,9,8.055555555555555,3.111111111111111,5.333333333333333,4.888888888888889,6.055555555555555,0.7777777777777778,18
2020-04-09T18:55:00Z,10,6.333333333333333,7.666666666666667,6,NA,5.333333333333333,1.3333333333333333,3
2020-04-09T18:55:00Z,11,8.333333333333334,5,5,2.6666666666666665,5,2.3333333333333335,3
2020-04-09T18:55:00Z,12,2.5,5.5,4.25,NA,3,4.25,4
2020-04-09T18:55:00Z,14,7.4,4.4,5,NA,4,2.8,5
2020-04-09T18:55:00Z,15,3,2.6,2.4,4,4.4,2,5
2020-04-09T18:55:00Z,16,7,3.7142857142857144,4.714285714285714,3.4285714285714284,3.5714285714285716,0.2857142857142857,7
2020-04-09T18:55:00Z,17,3.5,1.5,6,NA,3,0.5,2
2020-04-09T18:55:00Z,18,8,10,0,NA,10,0,1
2020-04-09T19:00:00Z,1,6,2,5,2,10,0,1
2020-04-09T19:00:00Z,2,7.333333333333333,4,2.3333333333333335,NA,3,0.3333333333333333,3
2020-04-09T19:00:00Z,4,7,5.5,4.5,NA,6,5,2
2020-04-09T19:00:00Z,6,1.75,2.5,4,1.75,3.5,1.5,4
2020-04-09T19:00:00Z,9,9.2,2.7,5.3,5.1,6.1,0.9,10
2020-04-09T19:00:00Z,11,7.333333333333333,4,5.333333333333333,3.3333333333333335,5.333333333333333,2,3
2020-04-09T19:00:00Z,12,3,4.571428571428571,3.857142857142857,NA,2.857142857142857,3.7142857142857144,7
2020-04-09T19:00:00Z,13,1.3333333333333333,3.6666666666666665,2.3333333333333335,NA,1.3333333333333333,3,3
2020-04-09T19:00:00Z,14,7,4.833333333333333,4.833333333333333,NA,3.8333333333333335,2.8333333333333335,6
2020-04-09T19:00:00Z,15,2.6666666666666665,1,3.3333333333333335,NA,3,2,3
2020-04-09T19:00:00Z,16,6.923076923076923,3.6153846153846154,5.384615384615385,4.769230769230769,4.153846153846154,0,13
2020-04-09T19:00:00Z,17,8,9,10,NA,9,0,1
2020-04-09T19:00:00Z,18,2,6.5,2,NA,7.5,1.5,2
2020-04-09T19:00:00Z,19,2,2,2,NA,2,2.5,2
2020-04-09T19:05:00Z,2,3.4,4.6,4.4,NA,0.8,1.2,5
2020-04-09T19:05:00Z,4,6.666666666666667,4.666666666666667,4.666666666666667,NA,5,5.333333333333333,3
2020-04-09T19:05:00Z,5,9,2,8,7,4,0,2
2020-04-09T19:05:00Z,6,2,5.5,1,6,6,0.5,2
2020-04-09T19:05:00Z,9,8.818181818181818,2.6363636363636362,5.2727272727272725,4.818181818181818,5.909090909090909,1.1818181818181819,11
2020-04-09T19:05:00Z,10,7,10,10,NA,0,0,1
2020-04-09T19:05:00Z,11,8,6.333333333333333,5.666666666666667,3.3333333333333335,3.3333333333333335,1.6666666666666667,3
2020-04-09T19:05:00Z,12,3,4.666666666666667,3.6666666666666665,NA,3,3.6666666666666665,3
2020-04-09T19:05:00Z,13,5,2.6666666666666665,4.666666666666667,NA,5.333333333333333,0,3
2020-04-09T19:05:00Z,14,7.5,4.25,4.75,NA,4,3.5,4
2020-04-09T19:05:00Z,15,5.666666666666667,3.6666666666666665,2.3333333333333335,NA,4.666666666666667,1.6666666666666667,3
2020-04-09T19:05:00Z,16,6.625,3.375,3.875,3.125,3.5,0.375,8
2020-04-09T19:05:00Z,18,3,2,3,NA,5,3,1
2020-04-09T19:10:00Z,2,5,3,3.3333333333333335,10,3,0.6666666666666666,3
2020-04-09T19:10:00Z,4,7,5.666666666666667,5,NA,5.666666666666667,5,3
2020-04-09T19:10:00Z,9,9.2,3.1,5.7,5,6.1,1,10
2020-04-09T19:10:00Z,10,6,6.5,3,NA,5,1,2
2020-04-09T19:10:00Z,11,7,6,5,2,4,2,1
2020-04-09T19:10:00Z,12,3.4,5,4,NA,3,3.6,5
2020-04-09T19:10:00Z,14,7.5,4.75,5,NA,4.5,3.25,4
2020-04-09T19:10:00Z,15,3.3333333333333335,2.3333333333333335,2.5,NA,3.1666666666666665,1.5,6
2020-04-09T19:10:00Z,16,6.8,3.1,5,3.7,3.6,0.1,10
2020-04-09T19:10:00Z,18,5,4.5,2.5,0,8,1.5,2
2020-04-09T19:15:00Z,2,3,6,3.5,NA,1,1,2
2020-04-09T19:15:00Z,4,6.25,3.75,6.75,NA,5.25,3.75,4
2020-04-09T19:15:00Z,5,6,9,5,10,10,0,2
2020-04-09T19:15:00Z,9,9.153846153846153,2.4615384615384617,5.846153846153846,4.538461538461538,6,0.7692307692307693,13
2020-04-09T19:15:00Z,10,6,9,1,NA,0,1,1
2020-04-09T19:15:00Z,11,8.5,3,7.5,5,7.5,1,2
2020-04-09T19:15:00Z,12,3.2,4.6,3.8,NA,3.4,4,5
2020-04-09T19:15:00Z,13,4,1.5,3,NA,4,1.5,2
2020-04-09T19:15:00Z,14,5.666666666666667,7,7,NA,4,2,3
2020-04-09T19:15:00Z,15,7.666666666666667,8,4.666666666666667,NA,8,0,3
2020-04-09T19:15:00Z,16,6,3.1818181818181817,4.636363636363637,3.3636363636363638,3.272727272727273,0.2727272727272727,11
2020-04-09T19:15:00Z,18,4.333333333333333,2.3333333333333335,4,NA,5,3,3
2020-04-09T19:15:00Z,19,3,1,2,NA,2,3,1
2020-04-09T19:20:00Z,2,5,5.25,3,NA,6,0.5,4
2020-04-09T19:20:00Z,4,6,5,5,NA,4,5,1
2020-04-09T19:20:00Z,5,7,1,9,9,1,0,1
2020-04-09T19:20:00Z,9,8.777777777777779,3,6,4.444444444444445,6.333333333333333,0.8888888888888888,9
2020-04-09T19:20:00Z,10,6.666666666666667,7,7,NA,5.666666666666667,1,3
2020-04-09T19:20:00Z,11,8,4.5,5,3,5,2.5,2
2020-04-09T19:20:00Z,12,3,4.8,4.2,NA,2.6,4,5
2020-04-09T19:20:00Z,13,3,1,3,NA,3,2,2
2020-04-09T19:20:00Z,14,7,5,5,NA,3,4,1
2020-04-09T19:20:00Z,15,2,1,3,3,3.5,1.5,2
2020-04-09T19:20:00Z,16,6.4,4.2,4.8,3.7,4,0,10
2020-04-09T19:20:00Z,18,4,2,5,NA,5,3,1
2020-04-09T19:25:00Z,4,7,5,5,NA,5,4.666666666666667,3
2020-04-09T19:25:00Z,6,1,3.25,3.75,3.75,4.5,0.25,4
2020-04-09T19:25:00Z,9,8.222222222222221,4.111111111111111,5.333333333333333,4.777777777777778,5.111111111111111,0.8888888888888888,9
2020-04-09T19:25:00Z,10,7,6,7,NA,7,1,1
2020-04-09T19:25:00Z,11,7.5,5,6,2.5,4,2,2
2020-04-09T19:25:00Z,12,2.75,4.5,4.25,NA,2.5,4,4
2020-04-09T19:25:00Z,13,5,4,4,NA,7,0,1
2020-04-09T19:25:00Z,14,7,5.666666666666667,7,NA,4,2.3333333333333335,3
2020-04-09T19:25:00Z,15,6,7,1,NA,7,0,1
2020-04-09T19:25:00Z,16,7.133333333333334,4.133333333333334,5.133333333333334,4.266666666666667,3.933333333333333,0,15
2020-04-09T19:25:00Z,18,1,7,0,NA,8,0,1
2020-04-09T19:25:00Z,19,10,1,5,NA,2,0,1
2020-04-09T19:30:00Z,2,3,4.5,3.5,NA,0.5,1,2
2020-04-09T19:30:00Z,4,8.666666666666666,5,5.666666666666667,NA,6.333333333333333,2.6666666666666665,3
2020-04-09T19:30:00Z,5,6,4.333333333333333,4.666666666666667,1,5.333333333333333,0,3
2020-04-09T19:30:00Z,6,3,3.5,1.75,3,5,0.75,4
2020-04-09T19:30:00Z,9,9,2.7142857142857144,5.785714285714286,4.857142857142857,6.357142857142857,0.8571428571428571,14
2020-04-09T19:30:00Z,10,2,8,7,NA,2,0,1
2020-04-09T19:30:00Z,11,7.5,5,6,2,5,1.5,2
2020-04-09T19:30:00Z,12,3,5.5,4,NA,3.1666666666666665,4,6
2020-04-09T19:30:00Z,13,4.333333333333333,2,3.6666666666666665,NA,4.333333333333333,0.6666666666666666,3
2020-04-09T19:30:00Z,14,7.333333333333333,5.333333333333333,4.666666666666667,NA,3.6666666666666665,2.6666666666666665,3
2020-04-09T19:30:00Z,15,2.5,1,3.5,NA,3.5,1.5,2
2020-04-09T19:30:00Z,16,6.125,4.625,4.75,2.75,3.875,0.25,8
2020-04-09T19:30:00Z,17,2,3,8,NA,3,2,1
2020-04-09T19:30:00Z,18,4,2,3,NA,6,3,1
2020-04-09T19:30:00Z,19,4,2,2,NA,2,2,1
2020-04-09T19:35:00Z,2,2,4,4,NA,1,1,1
2020-04-09T19:35:00Z,4,7.5,5.5,5,NA,4.5,5,2
2020-04-09T19:35:00Z,5,7.5,4.5,5.5,3,2,0,2
2020-04-09T19:35:00Z,6,7,6.5,7.5,6,8.5,0,2
2020-04-09T19:35:00Z,9,9.181818181818182,2.4545454545454546,5.545454545454546,4.818181818181818,5.909090909090909,0.7272727272727273,11
2020-04-09T19:35:00Z,12,3,5.166666666666667,4,NA,2.5,4.333333333333333,6
2020-04-09T19:35:00Z,14,6.5,4.5,6.5,NA,1.5,1.5,2
2020-04-09T19:35:00Z,16,6.888888888888889,4.111111111111111,4.444444444444445,4,4.666666666666667,0,9
2020-04-09T19:35:00Z,18,4,3,4,NA,4,3,1
2020-04-09T19:40:00Z,2,5.5,5,6.5,NA,3,0,2
2020-04-09T19:40:00Z,4,7,4,5,NA,5,5,1
2020-04-09T19:40:00Z,5,4,2,4,2,4,0,1
2020-04-09T19:40:00Z,6,4.5,2,3,4,5.5,0,2
2020-04-09T19:40:00Z,9,9,2.8,5.6,4.5,6.4,0.8,10
2020-04-09T19:40:00Z,10,7,7.5,7,NA,5.5,1,2
2020-04-09T19:40:00Z,11,7.666666666666667,5,4.333333333333333,2.3333333333333335,4.666666666666667,1,3
2020-04-09T19:40:00Z,12,3,5.2,4.2,NA,2.6,4.4,5
2020-04-09T19:40:00Z,13,3,0,2,NA,2,2.6666666666666665,3
2020-04-09T19:40:00Z,14,8.5,5,7.5,NA,7.5,1.5,2
2020-04-09T19:40:00Z,15,2.5,1.5,2.5,0,2.5,1.5,2
2020-04-09T19:40:00Z,16,6.75,3.5,4.875,3.75,4.125,0.125,8
2020-04-09T19:40:00Z,17,5,2,6,NA,2,1,1
2020-04-09T19:40:00Z,19,2,2,2,NA,1,2,1
2020-04-09T19:45:00Z,2,4.25,4,4.5,NA,3.5,0.75,4
2020-04-09T19:45:00Z,4,7.25,4.75,4.75,NA,4.75,4.75,4
2020-04-09T19:45:00Z,6,0.5,1.5,2,3.5,2.5,0.5,2
2020-04-09T19:45:00Z,9,8.5,3.1666666666666665,6.166666666666667,6.333333333333333,6.666666666666667,0.5,6
2020-04-09T19:45:00Z,12,3,5.333333333333333,4,NA,3,3.6666666666666665,3
2020-04-09T19:45:00Z,13,4,2,4,NA,4.5,1,2
2020-04-09T19:45:00Z,14,7,7,5,NA,4,4,1
2020-04-09T19:45:00Z,15,2,1,3,NA,4,2,1
2020-04-09T19:45:00Z,16,6.363636363636363,3.8181818181818183,4.454545454545454,4.2727272727272725,3.5454545454545454,0.09090909090909091,11
2020-04-09T19:45:00Z,17,3,3,6,NA,4,0,1
2020-04-09T19:45:00Z,18,4,3,5,NA,4,3,1
2020-04-09T19:50:00Z,1,10,9,1,3,7,0,1
2020-04-09T19:50:00Z,4,7.5,5,5,NA,5,5.5,2
2020-04-09T19:50:00Z,6,1,2,3,3,4,1,1
2020-04-09T19:50:00Z,9,9.4,2.4,5.2,4.8,5.8,0.6,5
2020-04-09T19:50:00Z,10,7,6.5,5.5,NA,5,0,2
2020-04-09T19:50:00Z,11,8,6,5,2,6,1,1
2020-04-09T19:50:00Z,12,2.75,4.75,4,NA,3,3.75,4
2020-04-09T19:50:00Z,16,7,4.25,5.125,4.125,3.75,0,8
2020-04-09T19:50:00Z,17,7,6,5,NA,1,0,1
2020-04-09T19:50:00Z,18,5,0,5,NA,4,3,1
2020-04-09T19:50:00Z,19,4,5.333333333333333,5,NA,4.333333333333333,0.6666666666666666,3
2020-04-09T19:55:00Z,2,2,4,5,NA,0,1,1
2020-04-09T19:55:00Z,4,7.5,5,5.5,NA,4.5,5,2
2020-04-09T19:55:00Z,9,8.166666666666666,3.5,5.833333333333333,6.166666666666667,5.333333333333333,1,6
2020-04-09T19:55:00Z,10,5,0,4,NA,2,1,1
2020-04-09T19:55:00Z,11,9,4,5,2,6,2,1
2020-04-09T19:55:00Z,12,2.6666666666666665,5.166666666666667,4.166666666666667,NA,2.8333333333333335,3.8333333333333335,6
2020-04-09T19:55:00Z,13,7,4,5,NA,5,0,1
2020-04-09T19:55:00Z,14,7.5,5,5,NA,3.5,3.5,2
2020-04-09T19:55:00Z,15,3.5,6,3.5,NA,3,0,2
2020-04-09T19:55:00Z,16,6.714285714285714,4.571428571428571,5.428571428571429,4.285714285714286,3.4285714285714284,0,7
2020-04-09T19:55:00Z,18,7,5,5,NA,5.5,0,2
2020-04-09T20:00:00Z,4,7,5.5,5,NA,5,4.5,2
2020-04-09T20:00:00Z,5,5,2,5,1,4,0.5,2
2020-04-09T20:00:00Z,6,0.5,0.5,3,2.5,3.5,1,2
2020-04-09T20:00:00Z,9,9,3.25,5.625,5.375,6.125,1.25,8
2020-04-09T20:00:00Z,10,7,6,6,NA,7,0,1
2020-04-09T20:00:00Z,11,9,5,6,3,5,1,1
2020-04-09T20:00:00Z,12,3,5,4,NA,2.5,4.5,2
2020-04-09T20:00:00Z,13,2,1,2,NA,2,3,1
2020-04-09T20:00:00Z,14,8,5,5,NA,4,4,1
2020-04-09T20:00:00Z,15,3,1,3,NA,3,2,1
2020-04-09T20:00:00Z,16,6.333333333333333,4.166666666666667,6,4,4.666666666666667,0,6
2020-04-09T20:00:00Z,18,4,3,3,NA,5,4,1
2020-04-09T20:05:00Z,4,7,5,5,NA,5,5,1
2020-04-09T20:05:00Z,5,6,1,4,2,3,1,1
2020-04-09T20:05:00Z,9,8.666666666666666,3.6666666666666665,6,4.666666666666667,6,0.3333333333333333,3
2020-04-09T20:05:00Z,12,3.3333333333333335,4.666666666666667,3.3333333333333335,NA,2.6666666666666665,4,3
2020-04-09T20:05:00Z,13,3.5,1,3,NA,3.5,2,2
2020-04-09T20:05:00Z,14,4.5,3.5,7,NA,7,1.5,2
2020-04-09T20:05:00Z,15,8,7.5,8,NA,3,0.5,2
2020-04-09T20:05:00Z,16,7,4,4.5,3.5,4,0,2
2020-04-09T20:05:00Z,19,0,3,5,NA,5,0,1
2020-04-09T20:10:00Z,4,7,6,5,NA,6,5,1
2020-04-09T20:10:00Z,5,4,2,4,1,4,0,1
2020-04-09T20:10:00Z,6,3,5.333333333333333,5,4,5,0,3
2020-04-09T20:10:00Z,9,8,4.833333333333333,4.333333333333333,5.666666666666667,6.166666666666667,0.16666666666666666,6
2020-04-09T20:10:00Z,11,9,6,5,2,6,2,1
2020-04-09T20:10:00Z,12,2,4,4,NA,4,4,1
2020-04-09T20:10:00Z,13,8,3,9,NA,9,0,1
2020-04-09T20:10:00Z,14,8,5,4,NA,4,3,1
2020-04-09T20:10:00Z,15,3.6666666666666665,0.6666666666666666,2.6666666666666665,NA,3.6666666666666665,1,3
2020-04-09T20:10:00Z,16,7.142857142857143,4.714285714285714,4.857142857142857,3.857142857142857,3.7142857142857144,0,7
2020-04-09T20:15:00Z,2,10,5.5,4.5,NA,1.5,0,2
2020-04-09T20:15:00Z,4,6,5,5,NA,5,3,1
2020-04-09T20:15:00Z,6,10,1,4,10,10,0,1
2020-04-09T20:15:00Z,9,8.5,4.5,4.5,6.25,6.5,0.25,4
2020-04-09T20:15:00Z,12,6,8,10,NA,2,0,1
2020-04-09T20:15:00Z,14,6.75,5,5.25,NA,4,3,4
2020-04-09T20:15:00Z,15,6.5,4.5,7,9,1,1,2
2020-04-09T20:15:00Z,16,6.5,3.8333333333333335,4.333333333333333,3.6666666666666665,3.6666666666666665,0.3333333333333333,6
2020-04-09T20:15:00Z,17,6,10,10,NA,0,0,1
2020-04-09T20:20:00Z,2,5,2,5,NA,6,0,1
2020-04-09T20:20:00Z,4,7.5,4.5,5,NA,4.5,5,2
2020-04-09T20:20:00Z,6,5,1.3333333333333333,7,0.6666666666666666,4.666666666666667,0.3333333333333333,3
2020-04-09T20:20:00Z,9,8.444444444444445,3.6666666666666665,4.777777777777778,4.777777777777778,5.444444444444445,0.7777777777777778,9
2020-04-09T20:20:00Z,10,7,7,7,NA,6,2,1
2020-04-09T20:20:00Z,11,5,10,2,3,5,0,1
2020-04-09T20:20:00Z,12,4.666666666666667,6.666666666666667,5,NA,4.333333333333333,2,3
2020-04-09T20:20:00Z,13,6,2,5,NA,6,0,1
2020-04-09T20:20:00Z,14,7,6,5,NA,4,2.5,2
2020-04-09T20:20:00Z,15,2,2,2.5,NA,4.5,1,2
2020-04-09T20:20:00Z,16,7.444444444444445,4,4.666666666666667,4,4.333333333333333,0,9
2020-04-09T20:20:00Z,19,1,2,4,NA,3.5,1,2
2020-04-09T20:25:00Z,2,3,6,2,NA,1,0,1
2020-04-09T20:25:00Z,4,7,5.5,6,NA,5,5.5,2
2020-04-09T20:25:00Z,6,3.5,6.5,10,9.5,3,0,2
2020-04-09T20:25:00Z,9,8.75,2.5,5.5,5,5.5,0.5,4
2020-04-09T20:25:00Z,10,10,3,3,NA,1,0,1
2020-04-09T20:25:00Z,12,3.25,4.25,5,NA,3,3.75,4
2020-04-09T20:25:00Z,13,4,3,5,NA,5,0,1
2020-04-09T20:25:00Z,16,7,3.75,5.75,3.75,3.75,0,4
2020-04-09T20:25:00Z,18,8,3,3,NA,2,0,1
2020-04-09T20:30:00Z,1,7,5,2,0,0,0,1
2020-04-09T20:30:00Z,2,5,9,4,3,6,0,2
2020-04-09T20:30:00Z,4,6,7,6.5,NA,3.5,2.5,2
2020-04-09T20:30:00Z,6,4.666666666666667,3.6666666666666665,8.666666666666666,2.6666666666666665,7,0,3
2020-04-09T20:30:00Z,9,9,2,5,5,5.25,0.5,4
2020-04-09T20:30:00Z,10,8,7,6,NA,6,1,1
2020-04-09T20:30:00Z,12,3,4.5,5,NA,3.5,2.5,2
2020-04-09T20:30:00Z,13,6,2,5,NA,6,0,1
2020-04-09T20:30:00Z,14,8.333333333333334,7,6.333333333333333,NA,4.333333333333333,2.3333333333333335,3
2020-04-09T20:30:00Z,16,7,3.5,6,5,4,0,2
2020-04-09T20:30:00Z,17,3,10,7,NA,9,0,1
2020-04-09T20:30:00Z,18,6,3,4,NA,5,4,1
2020-04-09T20:35:00Z,2,3,5,3,NA,1,2,1
2020-04-09T20:35:00Z,4,8,6,5,NA,5,6,1
2020-04-09T20:35:00Z,9,9.2,3.2,5.6,4.8,5.8,0.8,5
2020-04-09T20:35:00Z,10,7,7,4,NA,4.5,0.5,2
2020-04-09T20:35:00Z,11,8,6,5,3,4,1,1
2020-04-09T20:35:00Z,12,3.5,4.333333333333333,4,NA,2.8333333333333335,3.8333333333333335,6
2020-04-09T20:35:00Z,13,4,4,4,NA,5,0,1
2020-04-09T20:35:00Z,16,7,4,5,4,3.75,0,4
2020-04-09T20:40:00Z,4,8,4,5,NA,6,6,1
2020-04-09T20:40:00Z,9,9.666666666666666,3,5.666666666666667,5.333333333333333,6,0.6666666666666666,3
2020-04-09T20:40:00Z,10,7,6,8,NA,3,0,2
2020-04-09T20:40:00Z,12,3,5,4.666666666666667,NA,3.6666666666666665,3.3333333333333335,3
2020-04-09T20:40:00Z,13,5,3,6,NA,6,0,1
2020-04-09T20:40:00Z,14,7.5,4,4.5,NA,3.5,3,2
2020-04-09T20:40:00Z,15,6,2.5,6.5,NA,2,2,2
2020-04-09T20:40:00Z,16,7.5,4,5.75,3.75,4,0,4
2020-04-09T20:40:00Z,17,9,7.5,9,NA,3,0,2
2020-04-09T20:40:00Z,19,4,10,10,NA,7,0,1
2020-04-09T20:45:00Z,2,3,9,2,NA,6,0,1
2020-04-09T20:45:00Z,5,0,9,6,9,4,0,1
2020-04-09T20:45:00Z,6,0,1,0,2,3,1,1
2020-04-09T20:45:00Z,9,9.666666666666666,2.6666666666666665,5.666666666666667,5,6.333333333333333,1,3
2020-04-09T20:45:00Z,12,2.5,5,3,NA,4,4,2
2020-04-09T20:45:00Z,16,7,4.666666666666667,4.666666666666667,5.333333333333333,3.5,0,6
2020-04-09T20:45:00Z,18,3,1,4,NA,5,3,1
2020-04-09T20:50:00Z,2,2.6666666666666665,4,8,NA,4,0,3
2020-04-09T20:50:00Z,6,1,9,10,4,10,1,1
2020-04-09T20:50:00Z,9,8.5,2.5,6.5,4.5,6.5,1.5,2
2020-04-09T20:50:00Z,12,3,5,3.6666666666666665,NA,2.3333333333333335,4,3
2020-04-09T20:50:00Z,14,2,10,6,NA,5,0,1
2020-04-09T20:50:00Z,15,2,4,1.5,NA,3.5,0,2
2020-04-09T20:50:00Z,16,6.5,3.75,4.75,4,4.25,0,4
2020-04-09T20:55:00Z,1,6.5,4.5,10,7,10,0,2
2020-04-09T20:55:00Z,2,10,8,3,NA,6,0,1
2020-04-09T20:55:00Z,5,8,2,8,7,4,0,1
2020-04-09T20:55:00Z,6,3,6,3,4,6,0,2
2020-04-09T20:55:00Z,9,9.2,2.6,5.4,4.6,5.8,1.6,5
2020-04-09T20:55:00Z,12,2.75,4.75,4,NA,3.25,4,4
2020-04-09T20:55:00Z,16,7,5,5,4,5,0,1
2020-04-09T21:00:00Z,2,3,3.5,4,NA,1.5,0,2
2020-04-09T21:00:00Z,5,6,8.5,5,6.5,5.5,0,2
2020-04-09T21:00:00Z,6,4.5,10,7.5,7.5,7,0,2
2020-04-09T21:00:00Z,9,9.333333333333334,2.3333333333333335,6,5,6,1,3
2020-04-09T21:00:00Z,14,4,7,7,NA,4.5,1,2
2020-04-09T21:00:00Z,16,7,4.666666666666667,4.333333333333333,2.6666666666666665,5.333333333333333,0,3
2020-04-09T21:00:00Z,19,8,10,4,NA,7,0,1
2020-04-09T21:05:00Z,2,8,9,2,NA,4,1,1
2020-04-09T21:05:00Z,4,7,5,4,NA,6,4,1
2020-04-09T21:05:00Z,6,0,1,3,3,2,1,1
2020-04-09T21:05:00Z,9,8.666666666666666,2,5.333333333333333,4.333333333333333,6,0.6666666666666666,3
2020-04-09T21:05:00Z,12,2.5,4.666666666666667,3.5,NA,3.1666666666666665,3.8333333333333335,6
2020-04-09T21:05:00Z,15,10,7,7,NA,0,0,1
2020-04-09T21:05:00Z,16,6.5,4.333333333333333,4.833333333333333,4.333333333333333,4,0,6
2020-04-09T21:10:00Z,2,10,2,9,NA,8,0,1
2020-04-09T21:10:00Z,9,8,4.25,6.75,4.5,6.25,0.5,4
2020-04-09T21:10:00Z,10,8,5,2,NA,7,0,1
2020-04-09T21:10:00Z,14,6,4,5,NA,4,3,2
2020-04-09T21:10:00Z,16,5.333333333333333,3.3333333333333335,4.666666666666667,3,2.6666666666666665,0.3333333333333333,3
2020-04-09T21:10:00Z,19,2,4,9,NA,10,0,1
2020-04-09T21:15:00Z,1,8,2,6,8,3,0,1
2020-04-09T21:15:00Z,2,6,2.6666666666666665,6.333333333333333,NA,5.666666666666667,0.3333333333333333,3
2020-04-09T21:15:00Z,6,4,0,0,10,3,0,1
2020-04-09T21:15:00Z,9,9.5,5.5,3,2,8,0,2
2020-04-09T21:15:00Z,10,5.5,5,4,NA,8,0,2
2020-04-09T21:15:00Z,12,1,4.5,6.5,NA,3.5,0,2
2020-04-09T21:15:00Z,13,7,5,9,NA,2,0,1
2020-04-09T21:15:00Z,15,6.25,7.75,5.25,NA,1.5,0.75,4
2020-04-09T21:15:00Z,16,5,4,7,2.6666666666666665,5.333333333333333,0.3333333333333333,3
2020-04-09T21:15:00Z,17,10,10,0,NA,10,0,1
2020-04-09T21:15:00Z,18,1,8,0,NA,0,0,1
2020-04-09T21:20:00Z,4,7,6,5,NA,5,5,1
2020-04-09T21:20:00Z,6,8,3,4,10,4,0,1
2020-04-09T21:20:00Z,9,6.166666666666667,5.333333333333333,6,5.333333333333333,5,0,6
2020-04-09T21:20:00Z,12,2,5.5,4,NA,3,4.5,2
2020-04-09T21:20:00Z,16,7,4,5,4.75,4.75,0,4
2020-04-09T21:20:00Z,19,2,9,8,NA,7,0,1
2020-04-09T21:25:00Z,1,7,4.5,1.5,5.5,1,0,2
2020-04-09T21:25:00Z,2,2,0,4,NA,10,0,1
2020-04-09T21:25:00Z,9,8.5,2.5,6,3.25,5.25,0.75,4
2020-04-09T21:25:00Z,10,6,3,3,NA,0,0,1
2020-04-09T21:25:00Z,14,6,4,5,NA,3,3,1
2020-04-09T21:25:00Z,15,10,2,5,NA,5,0,1
2020-04-09T21:25:00Z,16,7.5,7.5,7,2,5.5,0,2
2020-04-09T21:25:00Z,18,4,2,4,NA,6,3,1
2020-04-09T21:30:00Z,2,10,1,8,NA,5,0,1
2020-04-09T21:30:00Z,4,8,4,5,NA,4,6,1
2020-04-09T21:30:00Z,6,1,10,0,7,3,0,1
2020-04-09T21:30:00Z,9,10,3,6,6,5,2,1
2020-04-09T21:30:00Z,12,2.6666666666666665,5,4,NA,2.3333333333333335,3.3333333333333335,3
2020-04-09T21:30:00Z,15,1,1,4,NA,4,2,1
2020-04-09T21:30:00Z,16,6,3,4.666666666666667,3.3333333333333335,3,0.6666666666666666,3
2020-04-09T21:30:00Z,18,3,2.5,8.5,NA,6.5,0,2
2020-04-09T21:30:00Z,19,3,5.5,4.5,NA,3,0.5,2
2020-04-09T21:35:00Z,4,8,5,4,NA,5,5,1
2020-04-09T21:35:00Z,5,10,1,0,3,10,0,1
2020-04-09T21:35:00Z,6,0,0,2,2,4,0,1
2020-04-09T21:35:00Z,9,8.5,3,7,4.5,7,0.5,2
2020-04-09T21:35:00Z,11,3,6,10,1,2,0,1
2020-04-09T21:35:00Z,12,4,5,4.5,NA,3,4,2
2020-04-09T21:35:00Z,14,8.75,6,6.75,NA,6,1.5,4
2020-04-09T21:35:00Z,15,8,3.5,9.5,NA,3.5,0,2
2020-04-09T21:35:00Z,16,5.5,3,3,2.5,2,0.5,2
2020-04-09T21:35:00Z,17,3,0,2,NA,3,0,1
2020-04-09T21:35:00Z,18,3.5,4.5,4,NA,3.5,1.5,2
2020-04-09T21:35:00Z,19,7,10,1,NA,2,0,1
2020-04-09T21:40:00Z,1,10,5,3,2,8,1,1
2020-04-09T21:40:00Z,2,2,1,8,9,1,0,1
2020-04-09T21:40:00Z,6,7,10,2,8,4,0,2
2020-04-09T21:40:00Z,9,7.666666666666667,3,6.333333333333333,5.333333333333333,6.666666666666667,1.3333333333333333,3
2020-04-09T21:40:00Z,12,3.5,5.5,3.5,NA,2.5,4.5,2
2020-04-09T21:40:00Z,14,3.5,3,6.5,NA,4,1.5,2
2020-04-09T21:40:00Z,15,5,7,0,NA,5,0,1
2020-04-09T21:40:00Z,16,6,4,5,4,4,0,1
2020-04-09T21:45:00Z,1,2,3,4,2,2,0,1
2020-04-09T21:45:00Z,5,5,2,4,1,2,0,1
2020-04-09T21:45:00Z,6,0,4,4,3,9,0,1
2020-04-09T21:45:00Z,9,6.666666666666667,3,4,4.333333333333333,7.666666666666667,0,3
2020-04-09T21:45:00Z,12,3,5,4,NA,3,4.5,2
2020-04-09T21:45:00Z,15,3.5,4.5,2.5,NA,4,1,2
2020-04-09T21:45:00Z,16,6.6,5.6,5,4.6,3.6,0.2,5
2020-04-09T21:50:00Z,2,2,5,4,NA,1,1,1
2020-04-09T21:50:00Z,5,10,10,3,0,3,0,1
2020-04-09T21:50:00Z,12,3,3,5,NA,5,4,1
2020-04-09T21:50:00Z,14,2,6.5,4,NA,5.5,0,2
2020-04-09T21:50:00Z,15,6,9,7.5,NA,4.5,0,2
2020-04-09T21:50:00Z,16,7.5,5.5,5,4,3.5,0,2
2020-04-09T21:50:00Z,18,4,7,8,NA,8,0,1
2020-04-09T21:55:00Z,6,0,1,1,2,3,0,1
2020-04-09T21:55:00Z,9,4.8,5.4,4,6.4,6.6,0,5
2020-04-09T21:55:00Z,11,8,1,4,1,5,0,1
2020-04-09T21:55:00Z,13,10,9,5,NA,10,0,1
2020-04-09T21:55:00Z,14,4,10,10,NA,0,0,1
2020-04-09T21:55:00Z,15,5,7,5.333333333333333,NA,8.333333333333334,0,3
2020-04-09T22:00:00Z,4,0,7,6,NA,4,0,1
2020-04-09T22:00:00Z,5,5,2,4,1,2,0,1
2020-04-09T22:00:00Z,6,5,4,8,8,2,0,1
2020-04-09T22:00:00Z,11,10,10,9,10,5,0,1
2020-04-09T22:00:00Z,12,2,5,4,NA,4,4,1
2020-04-09T22:00:00Z,14,4.666666666666667,4.333333333333333,4.666666666666667,NA,5.666666666666667,1.3333333333333333,3
2020-04-09T22:00:00Z,15,10,10,9,NA,5,0,1
2020-04-09T22:00:00Z,16,8.666666666666666,3.3333333333333335,5.666666666666667,8,5,0,3
2020-04-09T22:05:00Z,2,6.5,5.5,6.5,NA,5,0,2
2020-04-09T22:05:00Z,6,3,1,6,4,0,0,1
2020-04-09T22:05:00Z,9,8.666666666666666,3.3333333333333335,5.666666666666667,5.666666666666667,5.333333333333333,0,3
2020-04-09T22:05:00Z,12,4.5,4.75,4.75,NA,3.25,3,4
2020-04-09T22:05:00Z,14,6,5,5,NA,4,3,1
2020-04-09T22:05:00Z,16,6,3,4.333333333333333,2.3333333333333335,3,0.6666666666666666,3
2020-04-09T22:10:00Z,2,10,1,1,NA,0,0,1
2020-04-09T22:10:00Z,5,5,7,5,8,6,0,1
2020-04-09T22:10:00Z,6,4,8,1,10,3,0,1
2020-04-09T22:10:00Z,9,9,3,6,4,6,2,1
2020-04-09T22:10:00Z,12,4,4,3,NA,3,5,1
2020-04-09T22:10:00Z,16,6.333333333333333,4,5.333333333333333,3.6666666666666665,5,0,3
2020-04-09T22:15:00Z,1,4,3,6,3,10,0,1
2020-04-09T22:15:00Z,5,10,2,2,9,2,0,1
2020-04-09T22:15:00Z,9,9,3,6,6,6,2,1
2020-04-09T22:15:00Z,12,1.5,3,6.5,NA,4.5,2,2
2020-04-09T22:15:00Z,14,5,3,5.5,NA,8.5,0.5,2
2020-04-09T22:15:00Z,15,6,8,3,NA,4,1,1
2020-04-09T22:15:00Z,16,7,5,4,4,3,0,1
2020-04-09T22:15:00Z,17,4,3,7,NA,4,0,1
2020-04-09T22:15:00Z,18,4,2,6,NA,4,3,1
2020-04-09T22:20:00Z,5,5,4.5,4,8.5,2,0,2
2020-04-09T22:20:00Z,10,6,7,1,NA,6,0,1
2020-04-09T22:20:00Z,12,3,6,3,NA,4,4,1
2020-04-09T22:20:00Z,13,5,3,5,NA,5,0,1
2020-04-09T22:20:00Z,15,9,4,10,NA,6,0,1
2020-04-09T22:20:00Z,16,7,5.666666666666667,5.333333333333333,2.3333333333333335,2.6666666666666665,0,3
2020-04-09T22:25:00Z,6,10,6,7,10,6,0,1
2020-04-09T22:25:00Z,9,9,4,6,4,6,0,1
2020-04-09T22:25:00Z,10,5,4,7,NA,1,0,1
2020-04-09T22:25:00Z,12,6,8,9,NA,10,1,1
2020-04-09T22:25:00Z,13,5,4,10,NA,2,0,1
2020-04-09T22:25:00Z,15,7,10,5,NA,8.5,0,2
2020-04-09T22:25:00Z,16,8,3,4,5,3,0,1
2020-04-09T22:30:00Z,2,4,3.5,6,NA,2.5,1,2
2020-04-09T22:30:00Z,4,8,6,5,NA,6,6,1
2020-04-09T22:30:00Z,6,8,8,6,10,4,0,1
2020-04-09T22:30:00Z,9,9,2,5,4,6,1,1
2020-04-09T22:30:00Z,12,4,4,4,NA,2,5,1
2020-04-09T22:35:00Z,2,6,5,10,NA,7,0,1
2020-04-09T22:35:00Z,6,6,0,0,3,0,0,1
2020-04-09T22:35:00Z,16,8,5,4,5,3,0,1
2020-04-09T22:35:00Z,18,10,0,0,NA,6,0,1
2020-04-09T22:40:00Z,1,1,4,6,6,9,0,1
2020-04-09T22:40:00Z,2,3,10,10,NA,0,1,1
2020-04-09T22:40:00Z,6,8,1,1,10,10,0,1
2020-04-09T22:40:00Z,12,2,6,4,NA,1,4,1
2020-04-09T22:40:00Z,13,5,3,5,NA,5,0,1
2020-04-09T22:40:00Z,16,6.5,3.5,5,4,5,0,2
2020-04-09T22:40:00Z,19,9.5,5.5,8.5,NA,4,0,2
2020-04-09T22:45:00Z,4,5.5,5,4.5,NA,5,5,2
2020-04-09T22:45:00Z,9,8.666666666666666,2.6666666666666665,6.333333333333333,4.666666666666667,6,1.3333333333333333,3
2020-04-09T22:45:00Z,10,6,4,10,NA,7,0,1
2020-04-09T22:45:00Z,13,8,2,7,NA,9,0,1
2020-04-09T22:45:00Z,14,2,5,10,NA,6,0,1
2020-04-09T22:45:00Z,15,8.5,0.5,6,NA,6,0,2
2020-04-09T22:45:00Z,16,7.2,4,5.4,3.8,3.8,0,5
2020-04-09T22:45:00Z,18,3,2,4,NA,0,0,1
2020-04-09T22:50:00Z,2,10,8,5,NA,7,0,1
2020-04-09T22:50:00Z,5,7,2,10,3,10,0,1
2020-04-09T22:50:00Z,9,4.5,7.5,2.5,4.5,4.5,0,2
2020-04-09T22:50:00Z,13,3,2,5,NA,4,0,1
2020-04-09T22:55:00Z,2,9,9,3.5,NA,3,0,2
2020-04-09T22:55:00Z,5,4.5,10,5.5,4,6.5,0,2
2020-04-09T22:55:00Z,9,8,10,3,3,9,0,1
2020-04-09T22:55:00Z,10,5.5,6.5,5,NA,8,0,2
2020-04-09T22:55:00Z,15,9,8,1,NA,1,1,1
2020-04-09T22:55:00Z,16,9,3,5,4,4,0,1
2020-04-09T22:55:00Z,17,6,9,7,10,9,0,1
2020-04-09T23:00:00Z,1,4,0,6,7,5,0,1
2020-04-09T23:00:00Z,2,7,2,8,NA,5,0,1
2020-04-09T23:00:00Z,4,9,10,10,NA,0,0,1
2020-04-09T23:00:00Z,6,3,10,3,0,0,0,1
2020-04-09T23:00:00Z,9,10,2,6,3,5,1,1
2020-04-09T23:00:00Z,10,10,6,5,NA,7,0,1
2020-04-09T23:00:00Z,12,3.5,5,4.5,NA,3,4,2
2020-04-09T23:00:00Z,13,9,5,8,NA,9,0,1
2020-04-09T23:00:00Z,15,0,4,2,NA,10,0,1
2020-04-09T23:00:00Z,16,8,4.5,5,4,4,0,2
2020-04-09T23:00:00Z,19,3,5.5,7.5,NA,7,0,2
2020-04-09T23:05:00Z,2,0,9,3,NA,9,0,1
2020-04-09T23:05:00Z,5,2,3,8,10,10,0,1
2020-04-09T23:05:00Z,6,2,1,6,6.5,2,0,2
2020-04-09T23:05:00Z,9,8,2,6,5,6,0,1
2020-04-09T23:05:00Z,12,3,5,4,NA,3,4,1
2020-04-09T23:05:00Z,15,4,5,4.5,NA,2,0.5,2
2020-04-09T23:05:00Z,16,6.75,3.75,3.5,4,2.75,0,4
2020-04-09T23:05:00Z,19,4,2,2,NA,4,1,1
2020-04-09T23:10:00Z,2,6,4.5,5.5,NA,2,0,2
2020-04-09T23:10:00Z,4,3,3,8,NA,9,1,1
2020-04-09T23:10:00Z,7,NA,10,0,NA,NA,0,1
2020-04-09T23:10:00Z,12,3,5,4,NA,4,4,1
2020-04-09T23:10:00Z,13,8,2.5,3,NA,2.5,0,2
2020-04-09T23:10:00Z,16,6,3,5,2,3,0,1
2020-04-09T23:15:00Z,1,2,0,4,9,10,0,1
2020-04-09T23:15:00Z,2,1,1,10,NA,0,1,1
2020-04-09T23:15:00Z,6,3.5,8,4.5,7.5,7.5,0.5,2
2020-04-09T23:15:00Z,9,8.5,2,6,3,6.5,0,2
2020-04-09T23:15:00Z,12,3.5,5,4,NA,3,4,2
2020-04-09T23:20:00Z,4,10,10,2,NA,6,0,1
2020-04-09T23:20:00Z,6,5,3.5,7.5,5,1,0.5,2
2020-04-09T23:20:00Z,9,9,3,5,5,7,2,1
2020-04-09T23:20:00Z,12,2,5,5,NA,3,4,1
2020-04-09T23:20:00Z,16,7,4,5,5,5,0,1
2020-04-09T23:20:00Z,18,4,10,10,NA,8,0,1
2020-04-09T23:25:00Z,2,7,1,3,NA,9,0,1
2020-04-09T23:25:00Z,4,6,1,3,NA,4,0,1
2020-04-09T23:25:00Z,10,3,2,10,NA,7,0,1
2020-04-09T23:25:00Z,15,1,6,9,NA,10,0,1
2020-04-09T23:25:00Z,16,8,4,5,4,4,0,1
2020-04-09T23:25:00Z,19,5,2,10,NA,9,0,1
2020-04-09T23:30:00Z,5,7,1,1,0,5,0,1
2020-04-09T23:30:00Z,6,7,5,7,6,6,0.5,2
2020-04-09T23:30:00Z,9,10,10,0,4,3,0,1
2020-04-09T23:30:00Z,12,4,3,5,NA,5,5,1
2020-04-09T23:30:00Z,16,7,3,4,4,4,0,1
2020-04-09T23:30:00Z,18,4,2,5,NA,6,3,1
2020-04-09T23:35:00Z,1,0,3,0,7,2,0,1
2020-04-09T23:35:00Z,2,3,1,10,NA,0,0,1
2020-04-09T23:35:00Z,6,1.5,5,6,2,7,0,2
2020-04-09T23:35:00Z,9,4,9,10,0,0,0,1
2020-04-09T23:35:00Z,11,10,1,8,4,0,0,1
2020-04-09T23:35:00Z,15,4.5,6,7,NA,2.5,0,2
2020-04-09T23:35:00Z,16,7,4,4,4,4,0,1
2020-04-09T23:40:00Z,6,8,9,2,0,2,0,1
2020-04-09T23:40:00Z,9,6.25,6.75,6.25,7,6.25,0.25,4
2020-04-09T23:40:00Z,11,1,2,4,5,10,0,1
2020-04-09T23:40:00Z,12,4,4.5,4,NA,3,3.5,2
2020-04-09T23:40:00Z,15,3,0,1,NA,10,0,1
2020-04-09T23:40:00Z,16,8,5,5,5,4,0,1
2020-04-09T23:45:00Z,1,2,2,1,0,7,0,1
2020-04-09T23:45:00Z,9,2,9,5,8,10,0,1
2020-04-09T23:45:00Z,10,7,2,7,NA,6,0,1
2020-04-09T23:45:00Z,15,7,1,4,NA,9,0,1
2020-04-09T23:45:00Z,16,7,4.5,5,5,4.5,0,2
2020-04-09T23:50:00Z,4,9,6,3,NA,7,0,1
2020-04-09T23:50:00Z,6,9,3,10,4,8,0,1
2020-04-09T23:50:00Z,9,7,6,2,3.5,7,0,2
2020-04-09T23:50:00Z,11,1,2,8,8,10,0,1
2020-04-09T23:50:00Z,12,6,1,5,NA,3,0,1
2020-04-09T23:50:00Z,15,3.5,9,3,NA,5,0,2
2020-04-09T23:50:00Z,16,7,5,6,4,4,0,1
2020-04-09T23:50:00Z,18,6.5,0.5,2,NA,6.5,1,2
2020-04-09T23:55:00Z,1,3.5,2.5,0,8,4,0,2
2020-04-09T23:55:00Z,2,1,6,10,NA,5,0,1
2020-04-09T23:55:00Z,9,6,7,8,5,4.5,0.5,2
2020-04-09T23:55:00Z,12,2,5,4.5,NA,3,4,2
2020-04-09T23:55:00Z,15,0,10,9,NA,10,0,1
2020-04-09T23:55:00Z,16,7,4,6,5,6,0,1
2020-04-09T23:55:00Z,17,5,10,8,NA,5,0,1
2020-04-09T23:55:00Z,18,8,6,2,1,9,0,1
2020-04-10T00:00:00Z,1,3,3,2,10,7,0,1
2020-04-10T00:00:00Z,5,5,2,4,1,3,0,1
2020-04-10T00:00:00Z,6,9,4,5.5,3,3.5,0.5,2
2020-04-10T00:00:00Z,9,9.333333333333334,5.333333333333333,7.666666666666667,5.333333333333333,6.666666666666667,0.6666666666666666,3
2020-04-10T00:05:00Z,2,5.5,4.5,0.5,NA,3.5,0,2
2020-04-10T00:05:00Z,9,10,1,5,5,10,0,1
2020-04-10T00:05:00Z,15,8,6,1,NA,0,0,1
2020-04-10T00:05:00Z,16,7,4,5,4,4,0,1
2020-04-10T00:05:00Z,17,4,3,6,NA,4,2,1
2020-04-10T00:05:00Z,18,3.5,7,9,NA,9,0,2
2020-04-10T00:10:00Z,2,3.6666666666666665,6.333333333333333,7,NA,8.333333333333334,0.3333333333333333,3
2020-04-10T00:10:00Z,5,10,10,5,5,0,0,1
2020-04-10T00:10:00Z,6,3.5,3,9.5,9.5,1.5,0,2
2020-04-10T00:10:00Z,9,1,7,1,0,3,0,1
2020-04-10T00:10:00Z,11,1,3,9,10,3,0,1
2020-04-10T00:10:00Z,12,3,5,3,NA,2,4,1
2020-04-10T00:10:00Z,15,5,8,6,NA,4,0,1
2020-04-10T00:10:00Z,16,7,4,5.5,3.5,4,0,2
2020-04-10T00:15:00Z,2,3,0,8,NA,9,0,1
2020-04-10T00:15:00Z,5,6,0,3,5,2,0,1
2020-04-10T00:15:00Z,12,3,6,4,NA,2,4,1
2020-04-10T00:15:00Z,15,8,5,4,NA,7,1,1
2020-04-10T00:15:00Z,16,6,4,5,3,4,0,1
2020-04-10T00:15:00Z,17,7,6,5,NA,10,0,1
2020-04-10T00:20:00Z,5,5,0,4,1,3,0,1
2020-04-10T00:20:00Z,6,4,10,4,7,7,0,1
2020-04-10T00:20:00Z,9,9,2,6,5,6,1,1
2020-04-10T00:20:00Z,12,4,5,4,NA,4,4,1
2020-04-10T00:20:00Z,13,6,10,8,NA,10,0,1
2020-04-10T00:20:00Z,15,7,3.5,8,2,0.5,0,2
2020-04-10T00:20:00Z,16,7,4,5,3,5,0,1
2020-04-10T00:20:00Z,17,10,0,3,NA,6,1,1
2020-04-10T00:25:00Z,2,6,3,8,NA,9,0,1
2020-04-10T00:25:00Z,4,6,4,5,NA,5,5,1
2020-04-10T00:25:00Z,6,4.5,6.5,5.25,7,3.25,0,4
2020-04-10T00:25:00Z,9,10,1,7,3,6,0,1
2020-04-10T00:25:00Z,12,1.5,2,2,NA,3.5,1.5,2
2020-04-10T00:30:00Z,4,4.5,6.5,7.5,6,8,0,2
2020-04-10T00:30:00Z,5,4,5,9,1.5,6,0.5,2
2020-04-10T00:30:00Z,6,2,5,7.5,3.5,4.5,0,2
2020-04-10T00:30:00Z,9,10,1,1,9,8,1,1
2020-04-10T00:30:00Z,12,0,2,1,NA,0,0,1
2020-04-10T00:30:00Z,13,6,10,7,NA,10,0,1
2020-04-10T00:30:00Z,15,1,5,10,NA,8,0,1
2020-04-10T00:30:00Z,16,6,4,5,5,5,0,1
2020-04-10T00:35:00Z,2,2.3333333333333335,5,4,NA,6.333333333333333,0,3
2020-04-10T00:35:00Z,5,1,10,4,1,6,0,1
2020-04-10T00:35:00Z,6,0,10,3,3,1,0,1
2020-04-10T00:35:00Z,19,10,0,0,NA,8,0,1
2020-04-10T00:40:00Z,2,2,1,4,NA,4,0,1
2020-04-10T00:40:00Z,9,4,7,3,0,4,0,1
2020-04-10T00:40:00Z,19,8,4,3.5,NA,1,0,2
2020-04-10T00:45:00Z,1,0,10,10,0,10,0,1
2020-04-10T00:45:00Z,4,2,0,7,NA,10,0,1
2020-04-10T00:45:00Z,9,6,5,8,3,2,0,1
2020-04-10T00:45:00Z,10,3,0,7,NA,4,0,1
2020-04-10T00:45:00Z,15,0,4,0,NA,0,0,1
2020-04-10T00:45:00Z,19,4,3,8,NA,10,0,1
2020-04-10T00:50:00Z,2,10,8,3,NA,5,0,1
2020-04-10T00:50:00Z,15,3,1,3,NA,3,0,1
2020-04-10T00:50:00Z,16,7,5,6,4,3,0,1
2020-04-10T00:50:00Z,17,7,10,10,NA,6,0,1
2020-04-10T00:50:00Z,19,10,10,4,NA,5,0,1
2020-04-10T00:55:00Z,1,9,6,10,2,7,0,1
2020-04-10T00:55:00Z,4,4,0,2,NA,5,0,1
2020-04-10T00:55:00Z,5,8,0,0,9,4,0,1
2020-04-10T00:55:00Z,6,6.333333333333333,3.6666666666666665,6.666666666666667,5,4.333333333333333,0,3
2020-04-10T00:55:00Z,9,7.5,4.5,4,1.5,8,0,2
2020-04-10T00:55:00Z,13,8,5,9,NA,10,0,1
2020-04-10T00:55:00Z,15,0,8,7,NA,9,0,1
2020-04-10T01:00:00Z,5,1,6,1,10,0,0,1
2020-04-10T01:00:00Z,6,0,3,2,10,4,0,1
2020-04-10T01:00:00Z,9,2,3,2,9,3,0,1
2020-04-10T01:00:00Z,11,1,10,3,6,9,0,1
2020-04-10T01:00:00Z,12,4,6,3,NA,2,5,1
2020-04-10T01:00:00Z,15,10,3,4,NA,4,0,1
2020-04-10T01:00:00Z,16,10,9,10,3,1,0,1
2020-04-10T01:05:00Z,9,5,1,8,10,6,0,1
2020-04-10T01:05:00Z,10,2,3,8,NA,3,0,1
2020-04-10T01:05:00Z,12,3,5,3,NA,3,4,1
2020-04-10T01:05:00Z,13,2,1,3,NA,10,0,1
2020-04-10T01:05:00Z,15,1,1,4,NA,2,0,1
2020-04-10T01:05:00Z,16,6,4,6,3,4,0,1
2020-04-10T01:05:00Z,17,10,7,6,NA,4,0,1
2020-04-10T01:10:00Z,2,0,10,1,NA,0,0,1
2020-04-10T01:10:00Z,9,10,7,1,7,8,0,1
2020-04-10T01:10:00Z,10,10,10,9,NA,4,0,1
2020-04-10T01:10:00Z,15,2,2,10,NA,3,0,1
2020-04-10T01:10:00Z,16,0.5,7.5,3.5,4.5,5,0,2
2020-04-10T01:10:00Z,18,7,9,0,NA,0,0,1
2020-04-10T01:15:00Z,2,6,4,0,NA,2,0,1
2020-04-10T01:15:00Z,9,0,1,5,7,10,0,1
2020-04-10T01:15:00Z,11,9,8,8,6,6,0,1
2020-04-10T01:15:00Z,13,6,3,3,NA,0,0,1
2020-04-10T01:15:00Z,15,8,7,8,NA,10,0,1
2020-04-10T01:20:00Z,2,0,2,0,NA,6,0,1
2020-04-10T01:20:00Z,6,10,7,9,3,5,0,1
2020-04-10T01:20:00Z,15,2,9,5,NA,5,0,1
2020-04-10T01:20:00Z,16,7,3,4,3,4,0,1
2020-04-10T01:25:00Z,2,4,9,7,NA,4,0,1
2020-04-10T01:25:00Z,5,4,10,1,8,1,0,1
2020-04-10T01:25:00Z,10,0,3,7,NA,10,0,1
2020-04-10T01:25:00Z,12,8,2,10,NA,4,0,1
2020-04-10T01:25:00Z,13,4,4,6,NA,5,0,1
2020-04-10T01:25:00Z,15,1,3,5,NA,8,0,1
2020-04-10T01:30:00Z,6,10,0,4,9,1,0,1
2020-04-10T01:30:00Z,9,5,1,4,6,2,0,1
2020-04-10T01:30:00Z,16,0,9,2,6,10,0,1
2020-04-10T01:35:00Z,19,1,1,10,NA,5,0,1
2020-04-10T01:40:00Z,1,7,5,0,8,5,0,1
2020-04-10T01:40:00Z,2,7,5.5,5.5,NA,7.5,0,2
2020-04-10T01:40:00Z,5,8,2,9,3,8,0,1
2020-04-10T01:40:00Z,6,10,2,0,4,4,0,1
2020-04-10T01:40:00Z,9,7,2.8,6.2,4.4,4,0,5
2020-04-10T01:45:00Z,4,6,9,10,NA,5,0,1
2020-04-10T01:45:00Z,15,4.5,2,6.5,NA,10,0.5,2
2020-04-10T01:45:00Z,17,10,8,5,NA,0,0,1
2020-04-10T01:50:00Z,2,0,0,1,NA,10,0,1
2020-04-10T01:50:00Z,6,10,6,3,2,6,0,1
2020-04-10T01:50:00Z,10,2,8,3,NA,3,0,2
2020-04-10T01:50:00Z,13,8,6,9,NA,8,0,1
2020-04-10T01:50:00Z,14,5.666666666666667,4.5,8.166666666666666,NA,3.3333333333333335,0.5,6
2020-04-10T01:50:00Z,17,3,9,2,NA,10,0,1
2020-04-10T01:55:00Z,9,10,2,5,4,6,0,1
2020-04-10T01:55:00Z,10,6,4,9,NA,6,0,1
2020-04-10T01:55:00Z,12,5,5,10,NA,4,0,1
2020-04-10T01:55:00Z,15,8,10,3,NA,10,0,1
2020-04-10T02:00:00Z,2,5.5,9,7,NA,9.5,0,2
2020-04-10T02:00:00Z,9,9,2,4,3,7,1,1
2020-04-10T02:00:00Z,11,2,10,8,3,4,0,1
2020-04-10T02:00:00Z,15,6,1,6,NA,5,0,1
2020-04-10T02:00:00Z,16,8,10,6,10,8,0,1
2020-04-10T02:00:00Z,19,1,2,2,NA,3,3,1
2020-04-10T02:05:00Z,2,7.333333333333333,6.333333333333333,6.666666666666667,NA,2.3333333333333335,0,3
2020-04-10T02:05:00Z,9,3,4,6,1,6,0,1
2020-04-10T02:05:00Z,15,5.5,4,9.5,NA,1,0,2
2020-04-10T02:05:00Z,16,5,2,10,10,4,0,1
2020-04-10T02:10:00Z,2,9,10,5,NA,7,0,1
2020-04-10T02:10:00Z,6,8,6,4.333333333333333,4.666666666666667,5.333333333333333,0,3
2020-04-10T02:10:00Z,9,9,3,5,4,7,0,1
2020-04-10T02:10:00Z,15,5,4,2,NA,6,1,1
2020-04-10T02:10:00Z,17,0,2,2,NA,10,0,1
2020-04-10T02:15:00Z,2,8,4,6,NA,10,0,1
2020-04-10T02:15:00Z,5,3,3,5,8,1,0,1
2020-04-10T02:15:00Z,15,2,2,5,NA,10,0,1
2020-04-10T02:20:00Z,2,9,4,9,NA,10,0,1
2020-04-10T02:20:00Z,5,5,6,3,8,10,1,1
2020-04-10T02:20:00Z,6,1,0,6,10,7,0,1
2020-04-10T02:20:00Z,11,1,5,1,5,10,0,1
2020-04-10T02:20:00Z,15,0,6,10,NA,10,0,1
2020-04-10T02:20:00Z,19,3,3,9,NA,10,0,1
2020-04-10T02:25:00Z,2,2,10,10,1,4,0,1
2020-04-10T02:25:00Z,9,9,10,7,9,9,0,1
2020-04-10T02:25:00Z,13,1,1,1,NA,2,0,1
2020-04-10T02:25:00Z,17,5,0,1,NA,1,0,1
2020-04-10T02:30:00Z,1,6,0,4,2,4,0,1
2020-04-10T02:30:00Z,2,7,2,1,NA,7,0,1
2020-04-10T02:30:00Z,6,6,0,8,6,6,0,1
2020-04-10T02:30:00Z,8,8.804071246819339,8.734520780322306,9.469041560644614,4.9523809523809526,6.943172179813401,0.9245122985581001,1179
2020-04-10T02:30:00Z,12,7,6,4,NA,2,0,1
2020-04-10T02:30:00Z,18,1,8,10,NA,9,0,1
2020-04-10T02:35:00Z,2,7,7,8.666666666666666,NA,4.666666666666667,0,3
2020-04-10T02:35:00Z,6,2,8,10,6,10,0,1
2020-04-10T02:35:00Z,9,6,0,7,4,2,0,1
2020-04-10T02:35:00Z,11,1,3,1,0,7,0,1
2020-04-10T02:35:00Z,12,3,5,8,NA,10,0,1
2020-04-10T02:35:00Z,16,0,2,9,5,6,0,1
2020-04-10T02:40:00Z,1,9,0,10,0,9,0,1
2020-04-10T02:40:00Z,5,4,2,6,6,0,0,1
2020-04-10T02:40:00Z,15,7,1,10,NA,8,0,1
2020-04-10T02:40:00Z,18,10,9,3,NA,4,0,1
2020-04-10T02:45:00Z,6,4,3,3,7,0,0,1
2020-04-10T02:45:00Z,15,6.333333333333333,5,8.666666666666666,NA,6.333333333333333,0,3
2020-04-10T02:45:00Z,16,5,5.5,3,5,6.5,0,2
2020-04-10T02:50:00Z,6,2,9,7,10,1,0,1
2020-04-10T02:50:00Z,8,10,9,10,NA,8,1,1
2020-04-10T02:50:00Z,17,4,3,7,NA,4,0,1
2020-04-10T02:50:00Z,18,1,0,4,NA,0,1,1
2020-04-10T02:55:00Z,2,5,3.5,2,NA,6.5,0.5,2
2020-04-10T02:55:00Z,5,1,9,6,10,10,1,1
2020-04-10T02:55:00Z,6,5,4,4,7,5,0,1
2020-04-10T02:55:00Z,8,9,8,10,NA,7,2,1
2020-04-10T02:55:00Z,9,10,4,5,4,6,0,1
2020-04-10T02:55:00Z,16,3,8,10,7,8,0,1
2020-04-10T02:55:00Z,18,9.5,5.5,6,NA,5.5,0,2
2020-04-10T03:00:00Z,2,3,5,2,NA,8,0,1
2020-04-10T03:00:00Z,5,0,2,6,4,5,0,1
2020-04-10T03:00:00Z,8,8,9,10,NA,7,0,1
2020-04-10T03:00:00Z,9,9.666666666666666,7.333333333333333,6.333333333333333,6.666666666666667,6.666666666666667,0.3333333333333333,3
2020-04-10T03:00:00Z,15,10,0,10,NA,9,0,1
2020-04-10T03:00:00Z,16,10,5,6,10,9,0,1
2020-04-10T03:05:00Z,4,6,9,4,NA,10,0,1
2020-04-10T03:05:00Z,6,9,4,4.5,7,4.5,0.5,2
2020-04-10T03:05:00Z,8,1,10,4,NA,10,0,1
2020-04-10T03:05:00Z,13,4,4,7,NA,6,0,1
2020-04-10T03:05:00Z,15,7,6,4,NA,5.5,0,2
2020-04-10T03:10:00Z,2,0,4,7,NA,5.5,0,2
2020-04-10T03:10:00Z,6,3,9,5,7,6,0,1
2020-04-10T03:10:00Z,9,8,2,1,2,5,0,1
2020-04-10T03:10:00Z,12,2,4,4,NA,3,5,1
2020-04-10T03:10:00Z,15,6.5,4.5,5.5,NA,4.5,0.5,2
2020-04-10T03:10:00Z,18,6,10,6,NA,1,0,1
2020-04-10T03:15:00Z,5,8,9,8,2,3,1,1
2020-04-10T03:15:00Z,8,9.5,9,9.5,NA,7.5,1,2
2020-04-10T03:15:00Z,15,10,7,1,0,9,0,1
2020-04-10T03:15:00Z,18,3.5,9,6.5,NA,2.5,0,2
2020-04-10T03:20:00Z,6,7,5.5,6,9.5,2.5,0,2
2020-04-10T03:20:00Z,8,5,3.5,6.75,NA,6.5,0,4
2020-04-10T03:20:00Z,9,10,10,8,7,10,1,1
2020-04-10T03:20:00Z,13,5,0,10,NA,1,0,1
2020-04-10T03:20:00Z,15,6,7,10,NA,7,0,1
2020-04-10T03:20:00Z,18,2,5,10,NA,3,0,1
2020-04-10T03:25:00Z,2,8,6,4,NA,10,0,1
2020-04-10T03:25:00Z,5,8,0,1,3,1,0,1
2020-04-10T03:25:00Z,6,5,7,7,9,2,0,1
2020-04-10T03:25:00Z,8,3.5,6.5,7,NA,10,0,2
2020-04-10T03:25:00Z,10,6,4,2,NA,4,0,1
2020-04-10T03:25:00Z,12,2,5,7,NA,5,0,1
2020-04-10T03:25:00Z,16,6,4,5,4,3,0,1
2020-04-10T03:30:00Z,1,1,3,1,5,7,0,1
2020-04-10T03:30:00Z,6,9.5,4.5,4.5,4,7,0,2
2020-04-10T03:30:00Z,8,6,10,2,NA,9,0,1
2020-04-10T03:30:00Z,9,3.3333333333333335,4,8,3.3333333333333335,5.333333333333333,0,3
2020-04-10T03:30:00Z,10,4,2,8,NA,3,0,1
2020-04-10T03:30:00Z,11,1,6,2,3,7,0,1
2020-04-10T03:30:00Z,15,5,10,8,NA,9,0,1
2020-04-10T03:35:00Z,2,8,1,5,NA,4,0,1
2020-04-10T03:35:00Z,4,8,0,5,NA,4,0,1
2020-04-10T03:35:00Z,6,4,10,7,2,0,0,1
2020-04-10T03:35:00Z,8,6,4.5,7,NA,7,0,2
2020-04-10T03:35:00Z,15,2,7,6,NA,5,1,1
2020-04-10T03:35:00Z,16,5.5,2.5,3.5,4.5,4,0,2
2020-04-10T03:35:00Z,18,9,10,4,NA,9,0,1
2020-04-10T03:40:00Z,6,9,8,2.5,5.5,4.5,0,2
2020-04-10T03:40:00Z,8,3,2,6,2,8,0,2
2020-04-10T03:40:00Z,19,0,1,2,NA,6,0,1
2020-04-10T03:45:00Z,1,6,0,4,10,10,0,1
2020-04-10T03:45:00Z,2,1,10,5,NA,4,0,1
2020-04-10T03:45:00Z,5,7,3.5,3.5,7,2,0,2
2020-04-10T03:45:00Z,6,6.5,7.25,7.5,2.75,3.75,0,4
2020-04-10T03:45:00Z,8,1,0,4,NA,3,0,1
2020-04-10T03:45:00Z,9,9,7,7,4,0,0,1
2020-04-10T03:45:00Z,12,7.5,2.5,5,NA,4.5,0,2
2020-04-10T03:45:00Z,15,3,10,9,NA,5,0,1
2020-04-10T03:50:00Z,4,5,10,10,NA,6,0,1
2020-04-10T03:50:00Z,5,9,7,3,2,10,0,1
2020-04-10T03:50:00Z,6,6.666666666666667,5,7.333333333333333,6.666666666666667,7.666666666666667,0,3
2020-04-10T03:50:00Z,8,9,3,1,NA,6,0,1
2020-04-10T03:50:00Z,13,1,7,4,NA,10,0,1
2020-04-10T03:50:00Z,15,5,3,10,NA,8,0,1
2020-04-10T03:50:00Z,18,3,10,6,NA,10,0,1
2020-04-10T03:50:00Z,19,0,9,8,NA,7,0,1
2020-04-10T03:55:00Z,1,2,10,1,8,9,0,1
2020-04-10T03:55:00Z,6,3.6666666666666665,5,6,6.666666666666667,7.333333333333333,0,3
2020-04-10T03:55:00Z,8,7,3,4.666666666666667,NA,5,0,3
2020-04-10T03:55:00Z,9,4,10,1,0,6,0,1
2020-04-10T03:55:00Z,10,5,10,3,NA,10,0,1
2020-04-10T04:00:00Z,2,10,0,3,NA,3,1,1
2020-04-10T04:00:00Z,8,7.5,9,8,NA,5.5,0,2
2020-04-10T04:00:00Z,9,10,7,8,4,8,0,1
2020-04-10T04:00:00Z,10,2,6,2.6666666666666665,NA,1,0,3
2020-04-10T04:00:00Z,12,1,0,9,NA,4,0,1
2020-04-10T04:00:00Z,16,6,9,5,9,7,0,1
2020-04-10T04:00:00Z,19,8,7,1,NA,7,0,1
2020-04-10T04:05:00Z,2,4.5,8,5.5,NA,8,0,2
2020-04-10T04:05:00Z,6,0,2,1,5,6,0,1
2020-04-10T04:05:00Z,8,10,3,0,NA,0,0,1
2020-04-10T04:05:00Z,16,10,6,5.5,4,5.5,0,2
2020-04-10T04:10:00Z,6,0,3,0,0,10,0,1
2020-04-10T04:10:00Z,8,10,9,10,NA,6,0,1
2020-04-10T04:10:00Z,11,4,9,6,9,10,0,1
2020-04-10T04:15:00Z,4,8,5,10,NA,4,0,1
2020-04-10T04:15:00Z,9,6,5,3.6666666666666665,7.333333333333333,6.666666666666667,0,3
2020-04-10T04:15:00Z,15,0,5,5,NA,1,0,1
2020-04-10T04:15:00Z,19,7,1,0,NA,8,0,1
2020-04-10T04:20:00Z,2,1,10,3,NA,2,0,1
2020-04-10T04:20:00Z,5,2,3,10,4,7,0,1
2020-04-10T04:20:00Z,11,5,4,6,6,10,0,1
2020-04-10T04:20:00Z,13,1,1,2,NA,4,0,1
2020-04-10T04:20:00Z,17,1,10,1,NA,5,0,1
2020-04-10T04:20:00Z,18,1,3,4,NA,0,0,1
2020-04-10T04:25:00Z,5,8,4,10,9,10,0,1
2020-04-10T04:25:00Z,6,7,8,6,3,9,0,1
2020-04-10T04:25:00Z,9,0,7,3,4,8,0,1
2020-04-10T04:25:00Z,15,3.3333333333333335,5.666666666666667,7.333333333333333,NA,8.666666666666666,0,3
2020-04-10T04:25:00Z,19,7,7,6,NA,6,0,1
2020-04-10T04:30:00Z,5,10,9,0,3,7,0,1
2020-04-10T04:30:00Z,6,1,8,3,3,1,0,1
2020-04-10T04:30:00Z,8,9,8,9,NA,7,0,1
2020-04-10T04:30:00Z,9,1,5,9,10,10,0,1
2020-04-10T04:30:00Z,10,5.5,3.5,4,NA,6.5,0,2
2020-04-10T04:30:00Z,15,1,5,10,NA,3,0,1
2020-04-10T04:30:00Z,17,4,8,6,NA,0,0,1
2020-04-10T04:35:00Z,1,10,1,3,5,1,1,1
2020-04-10T04:35:00Z,2,1,3,0,NA,6,0,1
2020-04-10T04:35:00Z,4,8,5,8,NA,7.5,0,2
2020-04-10T04:35:00Z,8,4,4,2,NA,10,0,1
2020-04-10T04:35:00Z,12,9,3,0,NA,3,0,1
2020-04-10T04:35:00Z,15,9,7,4.5,NA,7,0,2
2020-04-10T04:35:00Z,18,3,0,7,NA,8,0,1
2020-04-10T04:35:00Z,19,2,9,10,NA,10,0,1
2020-04-10T04:40:00Z,8,8,7,10,NA,2,0,1
2020-04-10T04:40:00Z,15,4,4,7,NA,4,0,1
2020-04-10T04:40:00Z,18,0.5,4,8,NA,4,0,2
2020-04-10T04:45:00Z,4,2,9,8,NA,7,0,1
2020-04-10T04:45:00Z,8,6,8,9,NA,9,0,1
2020-04-10T04:45:00Z,9,7.333333333333333,6.333333333333333,4.333333333333333,4,3,0,3
2020-04-10T04:45:00Z,10,10,10,6,NA,4,0,1
2020-04-10T04:45:00Z,13,10,2,0,NA,1,0,1
2020-04-10T04:50:00Z,8,7,2,0,NA,7,0,1
2020-04-10T04:50:00Z,11,9,1,10,6,8,0,1
2020-04-10T04:50:00Z,15,10,10,10,NA,10,0,1
2020-04-10T04:55:00Z,2,5,2,7,NA,0,0,1
2020-04-10T04:55:00Z,6,6,10,7,6,5,0,1
2020-04-10T04:55:00Z,15,10,8,7,NA,7,0,1
2020-04-10T05:00:00Z,15,7,7,0,NA,1,0,1
2020-04-10T05:00:00Z,18,9,3,0,NA,2,0,1
2020-04-10T05:05:00Z,6,3,5,6.333333333333333,3,1.6666666666666667,0,3
2020-04-10T05:05:00Z,8,2,3,10,NA,5,1,1
2020-04-10T05:05:00Z,10,6,5,4,NA,8,0,1
2020-04-10T05:05:00Z,15,7,3,1,NA,3,0,1
2020-04-10T05:05:00Z,19,4,8,2.5,NA,5.5,0,2
2020-04-10T05:10:00Z,2,6,5,5.5,NA,5.5,0,2
2020-04-10T05:10:00Z,6,8,1,9,2,8,0,1
2020-04-10T05:10:00Z,16,9,10,8,5,7,0,1
2020-04-10T05:10:00Z,17,8,4,1,NA,7,1,1
2020-04-10T05:15:00Z,2,5,8,3,NA,2,0,1
2020-04-10T05:15:00Z,5,8,10,4,10,6,0,1
2020-04-10T05:15:00Z,6,5,2,2,6,6,0,1
2020-04-10T05:15:00Z,8,5.5,3.5,5,NA,8.5,0,2
2020-04-10T05:20:00Z,8,4.5,6,3,NA,5,0,2
2020-04-10T05:20:00Z,15,10,2,10,NA,4,0,1
2020-04-10T05:20:00Z,19,1,9,0,NA,0,0,1
2020-04-10T05:25:00Z,2,6.5,3.5,6,NA,5,0,2
2020-04-10T05:25:00Z,5,7,5,6,8,0,1,1
2020-04-10T05:25:00Z,6,0,9,0,1,3,0,1
2020-04-10T05:25:00Z,8,9,5,6,NA,6,0,1
2020-04-10T05:25:00Z,9,7,7,3,8,1,0,1
2020-04-10T05:25:00Z,12,3,7,9,NA,4,0,1
2020-04-10T05:25:00Z,15,4.5,6,6,NA,3.5,0,2
2020-04-10T05:30:00Z,6,4,4,6,2,4,0,1
2020-04-10T05:30:00Z,8,9,8.5,10,NA,6,2,2
2020-04-10T05:30:00Z,9,3,4,0,4,10,0,1
2020-04-10T05:30:00Z,10,0,7,3,NA,10,0,1
2020-04-10T05:30:00Z,15,6.333333333333333,8.333333333333334,6,NA,7,0,3
2020-04-10T05:30:00Z,18,8,10,5,NA,6,0,1
2020-04-10T05:30:00Z,19,2,4,9,NA,3,0,1
2020-04-10T05:35:00Z,1,0,2,2,5,4,0,1
2020-04-10T05:35:00Z,2,7.5,2,5.5,NA,7,0,2
2020-04-10T05:35:00Z,8,1.5,6.5,8,NA,5.5,0,2
2020-04-10T05:35:00Z,10,1,5,0,NA,9,0,1
2020-04-10T05:35:00Z,12,1,1,0,NA,8,0,1
2020-04-10T05:35:00Z,13,4,0,1,NA,9,0,1
2020-04-10T05:35:00Z,15,9,3,3,NA,6,0,1
2020-04-10T05:40:00Z,8,3,10,2,NA,10,1,1
2020-04-10T05:40:00Z,15,2,9,10,NA,6,1,1
2020-04-10T05:45:00Z,1,4,1,8,10,7,0,1
2020-04-10T05:45:00Z,2,3,4,8,NA,6,0,1
2020-04-10T05:45:00Z,5,1,10,4,4,1,0,1
2020-04-10T05:45:00Z,6,7,4,0,10,1,0,1
2020-04-10T05:45:00Z,8,4,9.5,3,NA,8,0,2
2020-04-10T05:45:00Z,15,9,9,8,NA,10,0,1
2020-04-10T05:45:00Z,16,4.5,0.5,4.5,9,1.5,0,2
2020-04-10T05:50:00Z,1,0,5,10,7,7,0,1
2020-04-10T05:50:00Z,6,10,9,10,8,2,1,1
2020-04-10T05:50:00Z,8,2,2,7,NA,4,0,1
2020-04-10T05:50:00Z,12,3,5,2,NA,1,0,1
2020-04-10T05:50:00Z,17,9,4,9,NA,9,0,1
2020-04-10T05:55:00Z,2,0,1,1,NA,3,0,1
2020-04-10T05:55:00Z,6,7,2,7,3,8,0,1
2020-04-10T05:55:00Z,8,9,8,9,NA,7,3,1
2020-04-10T05:55:00Z,13,8,5,9,NA,1,0,1
2020-04-10T05:55:00Z,15,9,10,10,NA,1,0,1
2020-04-10T05:55:00Z,16,10,8,3,1,10,0,1
2020-04-10T05:55:00Z,17,10,5,0,NA,3,0,1
2020-04-10T05:55:00Z,19,10,10,3,NA,5,0,1
2020-04-10T06:00:00Z,2,0,10,3,NA,9,0,1
2020-04-10T06:00:00Z,6,7,7,9,0,4,0,1
2020-04-10T06:00:00Z,10,10,1,4,NA,10,0,1
2020-04-10T06:00:00Z,17,4,9,5,NA,6,0,1
2020-04-10T06:05:00Z,2,2,2,7,NA,9,0,1
2020-04-10T06:05:00Z,9,7,0,4,4,10,0,1
2020-04-10T06:05:00Z,12,3,4,5,NA,1,0,1
2020-04-10T06:05:00Z,15,6,3,5.5,NA,7,0,2
2020-04-10T06:05:00Z,16,0,1,1,1,8,0,1
2020-04-10T06:05:00Z,19,10,3,1,NA,0,0,1
2020-04-10T06:10:00Z,2,0.5,6,1.5,NA,8,0.5,2
2020-04-10T06:10:00Z,6,3.5,4,5,3,4.5,0,2
2020-04-10T06:10:00Z,8,7,5,2,NA,2,0,1
2020-04-10T06:10:00Z,9,5,7,7,4,10,0,1
2020-04-10T06:10:00Z,13,2,4,10,NA,3,0,1
2020-04-10T06:10:00Z,15,9.5,6.5,8,NA,4,0,2
2020-04-10T06:15:00Z,2,6,7,4,NA,3,1,1
2020-04-10T06:15:00Z,6,4,8,0,5,6,0,1
2020-04-10T06:15:00Z,9,5,7,2,2,1,0,1
2020-04-10T06:15:00Z,11,10,10,10,10,0,0,1
2020-04-10T06:15:00Z,15,10,10,7,NA,5,0,1
2020-04-10T06:15:00Z,16,6,3,5,2,9,0,1
2020-04-10T06:20:00Z,2,9,4,3,NA,6,0,1
2020-04-10T06:20:00Z,6,6.25,5.25,3.5,5.5,2,0,4
2020-04-10T06:20:00Z,11,3,3,3,7,1,0,1
2020-04-10T06:20:00Z,15,3,10,3,NA,8,1,1
2020-04-10T06:20:00Z,18,10,3,0,NA,8,0,1
2020-04-10T06:25:00Z,2,2,1,0,NA,9,0,1
2020-04-10T06:25:00Z,6,5,2.3333333333333335,6,8,7.333333333333333,0,3
2020-04-10T06:25:00Z,9,9,10,9,4,1,0,1
2020-04-10T06:25:00Z,15,7.333333333333333,6,5.666666666666667,NA,1,0,3
2020-04-10T06:25:00Z,18,2,10,9,NA,9,0,1
2020-04-10T06:30:00Z,6,8,10,2.5,2.5,9,0.5,2
2020-04-10T06:30:00Z,9,3,6,10,9,1,0,1
2020-04-10T06:30:00Z,15,6,8,0,NA,10,0,1
2020-04-10T06:30:00Z,16,1,3,10,10,2,0,1
2020-04-10T06:30:00Z,18,9,7,9,NA,4,0,1
2020-04-10T06:35:00Z,6,8,8.5,3,5.5,4,0,2
2020-04-10T06:35:00Z,8,0,0,0,NA,6,0,1
2020-04-10T06:35:00Z,11,5,8,5,8,10,0,1
2020-04-10T06:35:00Z,13,9,10,8,NA,4,0,1
2020-04-10T06:35:00Z,15,1,0,9,NA,4,0,1
2020-04-10T06:40:00Z,1,1,6,1,4,7,0,1
2020-04-10T06:40:00Z,5,2,10,4,6,6,0,1
2020-04-10T06:40:00Z,8,8.5,4,7.5,NA,5,0.5,2
2020-04-10T06:40:00Z,9,10,3,3,10,10,0,1
2020-04-10T06:40:00Z,15,10,4,10,NA,10,0,1
2020-04-10T06:45:00Z,2,3,10,9,NA,2,0,1
2020-04-10T06:45:00Z,6,5,4,7,5,9,0,1
2020-04-10T06:45:00Z,9,0,2,3,1,10,0,1
2020-04-10T06:45:00Z,12,10,6,7,NA,1,0,1
2020-04-10T06:45:00Z,16,4.666666666666667,3.3333333333333335,5,4,7.333333333333333,0,3
2020-04-10T06:45:00Z,18,8,6,4,NA,3,0,1
2020-04-10T06:50:00Z,6,9,1,8,6,4,0,1
2020-04-10T06:50:00Z,9,5.75,4.75,4,5.25,6.5,0.5,4
2020-04-10T06:50:00Z,15,8,6,9,NA,4,0,1
2020-04-10T06:55:00Z,1,6,4,0,1,10,0,1
2020-04-10T06:55:00Z,2,3.5,7,5.5,NA,10,0,2
2020-04-10T06:55:00Z,6,5,4,2,4,6.5,0,2
2020-04-10T06:55:00Z,8,10,10,9,NA,7,0,1
2020-04-10T06:55:00Z,13,3,9,2,NA,10,0,1
2020-04-10T06:55:00Z,15,10,9,4,NA,4,0,1
2020-04-10T07:00:00Z,2,5,2,7.5,NA,6.5,0,2
2020-04-10T07:00:00Z,6,6,6.5,10,7,10,0.5,2
2020-04-10T07:00:00Z,8,4,6.333333333333333,8.666666666666666,NA,3.3333333333333335,0.3333333333333333,3
2020-04-10T07:00:00Z,9,6,2.5,8,2.5,8,0.5,2
2020-04-10T07:00:00Z,12,2,0,7,NA,1,1,1
2020-04-10T07:00:00Z,16,1,9,7,7,0,0,1
2020-04-10T07:00:00Z,18,10,4.5,6,NA,7,0,2
2020-04-10T07:05:00Z,8,9,7,8,NA,3,0,2
2020-04-10T07:05:00Z,9,0,10,6,8,4,1,1
2020-04-10T07:05:00Z,19,7,4,8,NA,7,0,1
2020-04-10T07:10:00Z,2,10,6,4,NA,4,0,1
2020-04-10T07:10:00Z,6,3.6666666666666665,4,3.3333333333333335,7.666666666666667,9.333333333333334,0,3
2020-04-10T07:10:00Z,8,10,0,2,NA,6,0,1
2020-04-10T07:10:00Z,9,10,0,1,7,10,0,1
2020-04-10T07:10:00Z,11,4,8,10,4,9,0,1
2020-04-10T07:10:00Z,13,4,0,2,NA,10,0,1
2020-04-10T07:10:00Z,15,1,1,10,NA,5,0,1
2020-04-10T07:10:00Z,18,1,2,10,NA,7,0,1
2020-04-10T07:15:00Z,1,10,5,8,4,8,0,1
2020-04-10T07:15:00Z,5,4,8,3,6,0,0,1
2020-04-10T07:15:00Z,6,1,8,4,4,6,0,1
2020-04-10T07:15:00Z,8,3,5.666666666666667,2.3333333333333335,NA,8,0,3
2020-04-10T07:15:00Z,9,5,3,8.5,7.5,7,0,2
2020-04-10T07:15:00Z,10,8,8,0,NA,9,0,1
2020-04-10T07:15:00Z,11,4,6,6,2,9,0,1
2020-04-10T07:15:00Z,12,10,8,7,NA,5,0,1
2020-04-10T07:15:00Z,15,0,6,7,NA,0,0,1
2020-04-10T07:15:00Z,18,0,8,0,NA,9,0,1
2020-04-10T07:20:00Z,2,5,0,0,NA,9,0,1
2020-04-10T07:20:00Z,6,9,6,10,6,10,1,1
2020-04-10T07:20:00Z,8,4.25,8.5,8,NA,3.5,0.25,4
2020-04-10T07:20:00Z,13,1,0,9,NA,7,0,1
2020-04-10T07:20:00Z,15,9,0,0,NA,3,1,1
2020-04-10T07:20:00Z,17,6,2,10,NA,4,0,1
2020-04-10T07:25:00Z,2,7,7,10,NA,9,0,1
2020-04-10T07:25:00Z,8,3,9,6,NA,4,0,1
2020-04-10T07:25:00Z,9,8,4,0,5,1,0,1
2020-04-10T07:30:00Z,1,0,0,9,3,9,0,1
2020-04-10T07:30:00Z,2,9,5,10,NA,4,0,1
2020-04-10T07:30:00Z,6,7,7,5,10,2,0,1
2020-04-10T07:30:00Z,8,10,8,0,NA,8,1,1
2020-04-10T07:35:00Z,9,7,2,10,8,8,0,1
2020-04-10T07:35:00Z,12,2,0,0,NA,3,1,1
2020-04-10T07:35:00Z,15,6,10,10,NA,7,0,1
2020-04-10T07:35:00Z,17,1,2,7,NA,5,0,1
2020-04-10T07:40:00Z,1,2,4,2,5,5,0,1
2020-04-10T07:40:00Z,6,4,0,3,4,0,0,1
2020-04-10T07:40:00Z,15,8,9,2,NA,5,0,1
2020-04-10T07:45:00Z,5,4,6.5,5,2,4.5,1,2
2020-04-10T07:45:00Z,6,1,3,8,5,6,0,1
2020-04-10T07:45:00Z,9,2,10,7,5,10,0,1
2020-04-10T07:45:00Z,12,3,0,9,NA,0,0,1
2020-04-10T07:45:00Z,16,10,6,2.5,3.5,9.5,0.5,2
2020-04-10T07:50:00Z,5,4.5,0.5,8,9.5,5.5,0,2
2020-04-10T07:50:00Z,9,4.666666666666667,9.666666666666666,7.333333333333333,5.333333333333333,3.6666666666666665,0,3
2020-04-10T07:50:00Z,15,5.5,8,6.5,NA,4,0.5,2
2020-04-10T07:55:00Z,2,1,7,10,NA,3,0,1
2020-04-10T07:55:00Z,8,0,0,10,NA,10,0,1
2020-04-10T07:55:00Z,15,5,2,2,NA,9.5,0,2
2020-04-10T07:55:00Z,16,6,10,3,9,0,0,1
2020-04-10T07:55:00Z,17,1,9,2,NA,6,1,1
2020-04-10T08:00:00Z,1,10,7,0,8,5,0,1
2020-04-10T08:00:00Z,2,5,8,3,NA,2,0,1
2020-04-10T08:00:00Z,5,3,7,4,0,10,1,1
2020-04-10T08:00:00Z,8,5,9,3,NA,4.5,0.5,2
2020-04-10T08:00:00Z,10,7,10,0,NA,8,0,1
2020-04-10T08:00:00Z,11,1,1,9,7,0,0,1
2020-04-10T08:00:00Z,13,7,3,3,NA,0,0,1
2020-04-10T08:00:00Z,14,5.6923076923076925,5.615384615384615,6.538461538461538,NA,6.6923076923076925,0,13
2020-04-10T08:00:00Z,15,1.5,8.5,5.5,NA,6,0,2
2020-04-10T08:00:00Z,16,4,8,0,0,4,0,1
2020-04-10T08:00:00Z,17,8.5,6,7,NA,8.5,0,2
2020-04-10T08:00:00Z,18,6,9,10,NA,10,0,1
2020-04-10T08:05:00Z,2,5,5.666666666666667,5,NA,8.666666666666666,0,3
2020-04-10T08:05:00Z,6,4,10,2,8,7,0,1
2020-04-10T08:05:00Z,10,10,4,9,NA,4,0,1
2020-04-10T08:05:00Z,18,8,2,5,NA,2,0,1
2020-04-10T08:10:00Z,1,2,0,0,7,3,0,1
2020-04-10T08:10:00Z,6,9,7,5,10,10,0,1
2020-04-10T08:10:00Z,8,10,5,3,NA,9,0,1
2020-04-10T08:10:00Z,10,0,7,7,NA,10,0,1
2020-04-10T08:10:00Z,12,9,3,7,NA,2,0,1
2020-04-10T08:10:00Z,13,10,10,10,NA,3,0,1
2020-04-10T08:10:00Z,15,2,9,1,NA,9,0,1
2020-04-10T08:10:00Z,16,10,10,8,7,10,1,1
2020-04-10T08:15:00Z,6,2.5,6.5,2.5,4.5,5,0,2
2020-04-10T08:15:00Z,8,10,8,0,NA,10,1,1
2020-04-10T08:15:00Z,10,9,10,0,NA,2,0,1
2020-04-10T08:15:00Z,12,6,10,10,NA,4,0,1
2020-04-10T08:15:00Z,14,1,5,9,NA,4,0,1
2020-04-10T08:15:00Z,16,10,10,6,6,10,0,1
2020-04-10T08:15:00Z,18,0,3,2,NA,1,0,1
2020-04-10T08:20:00Z,2,10,1,4,NA,6,0,1
2020-04-10T08:20:00Z,5,2,1,0,3,3,0,1
2020-04-10T08:20:00Z,6,3.5,6.5,8.5,5.5,10,0.5,2
2020-04-10T08:20:00Z,9,4.5,3,1,4.5,1.5,0,2
2020-04-10T08:20:00Z,12,5,7,6,NA,3,0,1
2020-04-10T08:20:00Z,15,0,10,1,NA,8,0,1
2020-04-10T08:20:00Z,18,8,8,5,NA,8,1,1
2020-04-10T08:20:00Z,19,5,10,4,NA,10,0,1
2020-04-10T08:25:00Z,1,3,6,8,10,3,0,1
2020-04-10T08:25:00Z,5,9,2,4,2,7,0,1
2020-04-10T08:25:00Z,6,4,10,10,3,2,0,1
2020-04-10T08:25:00Z,8,2,10,1,NA,3,0,1
2020-04-10T08:25:00Z,15,9,9,2,NA,2,0,1
2020-04-10T08:25:00Z,16,7,6,5,0,3,0,1
2020-04-10T08:25:00Z,18,4.5,4,2.5,6,6.5,0,2
2020-04-10T08:25:00Z,19,8,1,10,NA,5,0,1
2020-04-10T08:30:00Z,9,10,6.5,10,5,6,0.5,2
2020-04-10T08:30:00Z,15,4,8,2,NA,4,0,1
2020-04-10T08:30:00Z,16,3,3,2,10,2,0,1
2020-04-10T08:30:00Z,19,3,10,1,NA,10,0,1
2020-04-10T08:35:00Z,5,5,2,2,7,8,0,1
2020-04-10T08:35:00Z,6,6,1,10,5.5,10,0,2
2020-04-10T08:35:00Z,8,7.333333333333333,4,5,NA,1.3333333333333333,0.3333333333333333,3
2020-04-10T08:35:00Z,11,0,9,10,10,1,0,1
2020-04-10T08:35:00Z,14,4.5,5,8.5,NA,4,0,2
2020-04-10T08:35:00Z,15,7,7,3,NA,10,0,1
2020-04-10T08:35:00Z,17,10,10,8,NA,10,0,1
2020-04-10T08:35:00Z,18,7,7,8,NA,0,0,1
2020-04-10T08:40:00Z,2,4,5,10,NA,10,0,1
2020-04-10T08:40:00Z,6,6,9,8,3,4,0,1
2020-04-10T08:40:00Z,8,7,8.333333333333334,7.333333333333333,NA,5.666666666666667,0.6666666666666666,3
2020-04-10T08:40:00Z,9,6,6,4,1,4,0,1
2020-04-10T08:40:00Z,14,4,1,6,NA,2,0,1
2020-04-10T08:40:00Z,15,0,1,10,NA,7,0,1
2020-04-10T08:45:00Z,1,6,6,0,3,6,1,1
2020-04-10T08:45:00Z,6,10,0,7,2,10,0,1
2020-04-10T08:45:00Z,8,6.5,7,6,NA,5,0,2
2020-04-10T08:45:00Z,9,7.5,0.5,4.5,8.5,7.5,0,2
2020-04-10T08:45:00Z,15,4,7,2,NA,9,0,1
2020-04-10T08:50:00Z,6,3,9.5,7.5,5,7,0,2
2020-04-10T08:50:00Z,8,1,0,7,NA,1,0,1
2020-04-10T08:50:00Z,11,8,7,6,2,8,0,1
2020-04-10T08:50:00Z,12,10,6,10,NA,9,0,1
2020-04-10T08:50:00Z,16,4,10,8,1,5,0,1
2020-04-10T08:50:00Z,19,9,4,10,NA,5,0,1
2020-04-10T08:55:00Z,1,3,6,8,9,10,0,1
2020-04-10T08:55:00Z,8,9,8,6,NA,10,0,1
2020-04-10T08:55:00Z,9,1.5,7.5,5.5,4.5,7.5,0,2
2020-04-10T08:55:00Z,15,1,4,0,NA,6,0,1
2020-04-10T08:55:00Z,18,8,9,10,NA,5,0,1
2020-04-10T09:00:00Z,2,1,10,6,NA,10,0,1
2020-04-10T09:00:00Z,15,10,3,7,7,0,0,1
2020-04-10T09:00:00Z,16,1,6,3,4,2,0,1
2020-04-10T09:05:00Z,2,5,6,5,NA,0,0,1
2020-04-10T09:05:00Z,8,0,9,6,NA,6,0,1
2020-04-10T09:05:00Z,9,2,6,6,7,2,0,1
2020-04-10T09:05:00Z,12,10,10,3,NA,6,1,1
2020-04-10T09:05:00Z,14,0,4,10,NA,5,0,1
2020-04-10T09:10:00Z,1,3,2,1,10,2,0,1
2020-04-10T09:10:00Z,2,4,4.5,3,NA,3.5,0,2
2020-04-10T09:10:00Z,9,9,10,10,10,8,0,1
2020-04-10T09:10:00Z,18,6,6.5,3.5,NA,5.5,0,2
2020-04-10T09:15:00Z,2,5,3,7,NA,4,0,1
2020-04-10T09:15:00Z,15,3,10,3,NA,7,0,1
2020-04-10T09:15:00Z,16,7.5,3.5,4,4.5,7.5,0,2
2020-04-10T09:20:00Z,2,10,7,1,NA,4,0,1
2020-04-10T09:20:00Z,5,2,10,10,9,8,0,1
2020-04-10T09:20:00Z,6,10,10,10,5,4,0,1
2020-04-10T09:20:00Z,9,0,10,2,5,7,1,1
2020-04-10T09:20:00Z,10,10,3,6,NA,1,1,1
2020-04-10T09:20:00Z,14,4,6.5,3.5,NA,8,0,2
2020-04-10T09:20:00Z,17,3,10,8,NA,10,0,1
2020-04-10T09:25:00Z,2,10,4,7,NA,7,0,1
2020-04-10T09:25:00Z,8,4.5,8.5,8,NA,3,0,2
2020-04-10T09:25:00Z,10,8,7,9,NA,1,0,1
2020-04-10T09:25:00Z,18,1,1,10,NA,9,1,1
2020-04-10T09:30:00Z,2,6,1,0,NA,1,0,1
2020-04-10T09:30:00Z,6,10,7,6,10,1,0,1
2020-04-10T09:30:00Z,9,4,2.5,5.5,10,4,0,2
2020-04-10T09:30:00Z,14,2.5,10,3.5,NA,7.5,0,2
2020-04-10T09:30:00Z,15,7,1,2.5,NA,5,0,2
2020-04-10T09:30:00Z,19,2.5,5,5.5,NA,6.5,0.5,2
2020-04-10T09:35:00Z,2,7.5,3,5,NA,6,0,2
2020-04-10T09:35:00Z,6,4,3,10,5,0,0,1
2020-04-10T09:35:00Z,12,7,4,4,NA,1,0,1
2020-04-10T09:35:00Z,16,0,1,4,9,10,0,1
2020-04-10T09:35:00Z,19,10,2,1,NA,6,1,1
2020-04-10T09:40:00Z,8,3,7,4,NA,8,0,1
2020-04-10T09:40:00Z,9,9,5,3,0,0,0,1
2020-04-10T09:40:00Z,12,10,3,0,NA,8,0,1
2020-04-10T09:40:00Z,16,9,6,10,9,10,1,1
2020-04-10T09:45:00Z,1,2,10,9,2,10,0,1
2020-04-10T09:45:00Z,2,3,9,6,NA,0,0,1
2020-04-10T09:45:00Z,6,9,9,1,9,3,0,1
2020-04-10T09:45:00Z,8,10,7,10,NA,6,0,1
2020-04-10T09:45:00Z,13,5,5,1,NA,1,0,1
2020-04-10T09:45:00Z,16,1,9,10,9,0,0,1
2020-04-10T09:45:00Z,19,1.5,7.5,3,NA,7,0,2
2020-04-10T09:50:00Z,1,2,10,1.5,8.5,3.5,0,2
2020-04-10T09:50:00Z,2,9,5,3,NA,7,0,1
2020-04-10T09:50:00Z,12,6,10,10,NA,9,1,1
2020-04-10T09:50:00Z,15,7,7,0,NA,4,0,1
2020-04-10T09:50:00Z,18,8,5,10,NA,4,0,1
2020-04-10T09:50:00Z,19,6,7,9,NA,4,0,1
2020-04-10T09:55:00Z,2,1,2,8,NA,10,0,1
2020-04-10T09:55:00Z,6,5.333333333333333,6.333333333333333,4,5.666666666666667,7,0,3
2020-04-10T09:55:00Z,8,2,1,6,NA,7,0,1
2020-04-10T09:55:00Z,14,7,2,10,NA,4,0,1
2020-04-10T09:55:00Z,15,1,10,5,NA,5,0,1
2020-04-10T10:00:00Z,8,8,1,1,NA,6,0,1
2020-04-10T10:00:00Z,14,4,7,7,NA,4,1,1
2020-04-10T10:00:00Z,15,10,0,6,NA,8,0,1
2020-04-10T10:00:00Z,19,4,4,9,NA,9,0,1
2020-04-10T10:05:00Z,2,2,1,8,NA,10,0,1
2020-04-10T10:05:00Z,6,8.666666666666666,3.6666666666666665,4.666666666666667,3.6666666666666665,4.666666666666667,0,3
2020-04-10T10:05:00Z,8,5,4.333333333333333,5,NA,6.333333333333333,0,3
2020-04-10T10:05:00Z,15,7,8.333333333333334,3,NA,5,0,3
2020-04-10T10:10:00Z,8,10,10,8,NA,0,0,1
2020-04-10T10:10:00Z,15,3,9,5,NA,10,0,1
2020-04-10T10:15:00Z,2,0,1,9,NA,8,0,1
2020-04-10T10:15:00Z,5,7,3,9.5,6,0.5,0,2
2020-04-10T10:15:00Z,6,7.5,2.5,7,5.5,9,0.5,2
2020-04-10T10:15:00Z,14,4,10,2,NA,6,0,1
2020-04-10T10:15:00Z,15,6,1,2,NA,6,0,1
2020-04-10T10:20:00Z,5,7,0,10,1,9,0,1
2020-04-10T10:20:00Z,6,7,3.5,3.5,10,4,0,2
2020-04-10T10:20:00Z,9,5.5,1,3.5,8,8.5,0,2
2020-04-10T10:20:00Z,14,10,9,8,NA,10,0,1
2020-04-10T10:20:00Z,15,3,10,5,NA,3,0,1
2020-04-10T10:25:00Z,2,2,10,10,NA,5,1,1
2020-04-10T10:25:00Z,6,10,3,8,4,10,0,1
2020-04-10T10:25:00Z,8,7.666666666666667,9.666666666666666,1,3,1.6666666666666667,0,3
2020-04-10T10:25:00Z,9,6.333333333333333,4.333333333333333,4.333333333333333,5.333333333333333,6.333333333333333,0,3
2020-04-10T10:25:00Z,15,2,10,8,NA,10,0,1
2020-04-10T10:30:00Z,2,10,1,4,NA,5,0,1
2020-04-10T10:30:00Z,6,2,6,9,5,6,0,1
2020-04-10T10:30:00Z,14,10,7,10,NA,10,0,1
2020-04-10T10:30:00Z,15,5,6,8,NA,10,0,1
2020-04-10T10:30:00Z,16,8,4,7,1,10,1,1
2020-04-10T10:30:00Z,18,10,8,4,NA,6,0,2
2020-04-10T10:35:00Z,2,0,1,1,NA,8,0,1
2020-04-10T10:35:00Z,5,9,10,10,8,10,0,1
2020-04-10T10:35:00Z,6,2,10,7,8,0,0,1
2020-04-10T10:35:00Z,10,8,4,4,NA,9,0,1
2020-04-10T10:35:00Z,13,9,10,6,NA,5,0,1
2020-04-10T10:35:00Z,15,7,2,2,NA,5,0,1
2020-04-10T10:35:00Z,16,10,6,8,8,7,1,1
2020-04-10T10:40:00Z,5,0,3,8,6,10,1,1
2020-04-10T10:40:00Z,6,7,3,3,10,0,0,1
2020-04-10T10:40:00Z,16,7,10,0,9,4,0,1
2020-04-10T10:45:00Z,2,6,5,9,NA,9,0,1
2020-04-10T10:45:00Z,11,9,7,6,1,5,0,1
2020-04-10T10:45:00Z,15,8,9,8,NA,1,0,1
2020-04-10T10:45:00Z,18,3,2,6,NA,5,0,1
2020-04-10T10:45:00Z,19,4,10,8,NA,7,0,1
2020-04-10T10:50:00Z,2,10,10,1,NA,9,0,1
2020-04-10T10:50:00Z,6,5,5,4,8,5,0,1
2020-04-10T10:50:00Z,8,4.5,6,2,NA,7.5,0,2
2020-04-10T10:50:00Z,9,10,3,0,9,10,0,1
2020-04-10T10:50:00Z,15,4,6,4,NA,3,0,1
2020-04-10T10:50:00Z,16,7,1.5,2.25,2.5,5,0.25,4
2020-04-10T10:50:00Z,19,1,3,5,NA,9,0,1
2020-04-10T10:55:00Z,6,10,3,10,8,0,0,1
2020-04-10T10:55:00Z,19,3,3,2,7,4,0,1
2020-04-10T11:00:00Z,1,4.5,0.5,3,5,8,0,2
2020-04-10T11:00:00Z,8,10,3,7,NA,1,0,1
2020-04-10T11:00:00Z,9,5,7,6,3,0,0,1
2020-04-10T11:00:00Z,16,7,3,5,1,1,0,1
2020-04-10T11:00:00Z,19,7,1,8,NA,10,0,1
2020-04-10T11:05:00Z,2,10,5,2,NA,9,0,1
2020-04-10T11:05:00Z,5,7,7,8,3,3,0,1
2020-04-10T11:05:00Z,6,6.5,2.5,2.5,6,6,0,2
2020-04-10T11:05:00Z,8,8,4,1.5,NA,6,0,2
2020-04-10T11:05:00Z,9,9,9,4,5,10,0,1
2020-04-10T11:05:00Z,19,4,1,10,NA,7,0,1
2020-04-10T11:10:00Z,11,2,9,10,7,10,0,1
2020-04-10T11:10:00Z,13,7,9,1,NA,10,0,1
2020-04-10T11:10:00Z,15,5.4,7.2,5.6,0,3.2,0.2,5
2020-04-10T11:15:00Z,8,4,3,8,NA,4,0,1
2020-04-10T11:15:00Z,10,1,7,9,NA,2,1,1
2020-04-10T11:15:00Z,11,4,6,7,0,8,0,2
2020-04-10T11:15:00Z,15,4,3,1,NA,4,0,1
2020-04-10T11:15:00Z,16,5,7,9,10,3,0,1
2020-04-10T11:20:00Z,2,8,8,3,NA,6,0,1
2020-04-10T11:20:00Z,6,2,6,4,3,8,0,1
2020-04-10T11:20:00Z,8,8,10,4,NA,6,0,1
2020-04-10T11:20:00Z,9,7,9,7,8,8,0,1
2020-04-10T11:25:00Z,2,2,7,5,NA,1,0,1
2020-04-10T11:25:00Z,8,2,3,9,NA,8,0,1
2020-04-10T11:25:00Z,9,6,7,4,4,3,0,1
2020-04-10T11:25:00Z,16,5,1,0,6,6,0,1
2020-04-10T11:25:00Z,18,10,10,8,NA,8,0,1
2020-04-10T11:25:00Z,19,2,2,8,NA,4,0,1
2020-04-10T11:30:00Z,6,1,9,0,6,4,1,1
2020-04-10T11:30:00Z,8,3,6,6,NA,10,0,1
2020-04-10T11:30:00Z,9,7,5,6,3,5,0,1
2020-04-10T11:30:00Z,15,5,3,3,NA,2,1,1
2020-04-10T11:30:00Z,19,2,8,5,NA,10,0,1
2020-04-10T11:35:00Z,1,6,6,5,10,3.5,0,2
2020-04-10T11:35:00Z,6,3,7.5,8,9,5.5,0,2
2020-04-10T11:35:00Z,8,3.6666666666666665,2,4,NA,4.666666666666667,0,3
2020-04-10T11:35:00Z,9,7,10,0,4,5,0,1
2020-04-10T11:35:00Z,19,1,10,4,NA,2,0,1
2020-04-10T11:40:00Z,2,4.5,6,2.5,NA,5.5,0,2
2020-04-10T11:40:00Z,8,3.5,7,5,NA,4,0,2
2020-04-10T11:40:00Z,9,5,8,7.5,4.5,5,0,2
2020-04-10T11:40:00Z,10,10,5,2,NA,3,0,1
2020-04-10T11:40:00Z,15,2.3333333333333335,7.333333333333333,3,NA,4.333333333333333,0,3
2020-04-10T11:40:00Z,18,1,10,0,NA,10,0,1
2020-04-10T11:45:00Z,2,10,3,7,NA,9,0,1
2020-04-10T11:45:00Z,5,5.333333333333333,5.333333333333333,6.333333333333333,7.333333333333333,7,0,3
2020-04-10T11:45:00Z,6,3.5,10,2.5,4.5,7,0,2
2020-04-10T11:45:00Z,8,6,3.5,5.5,NA,2.5,0.5,2
2020-04-10T11:45:00Z,9,6.5,3.5,7,4.5,10,0,2
2020-04-10T11:45:00Z,14,10,4,9,NA,2,0,1
2020-04-10T11:50:00Z,6,8,6,2,6,1,0,1
2020-04-10T11:50:00Z,8,9,5,4,NA,7,0,2
2020-04-10T11:50:00Z,11,4,9,2,6,2.5,0.5,2
2020-04-10T11:55:00Z,8,8,2,10,NA,9,0,1
2020-04-10T11:55:00Z,10,3,7,10,NA,3,0,1
2020-04-10T12:00:00Z,3,9.657428791377983,9.678727226071336,9.65768539902489,6.937644341801386,6.945342571208622,4.896330510649217,3897
2020-04-10T12:00:00Z,6,0,8,10,1,5,0,1
2020-04-10T12:00:00Z,10,8,3,0,NA,3,0,1
2020-04-10T12:00:00Z,16,5,7,1,9,1,0,1
2020-04-10T12:00:00Z,18,1,2,7,NA,5,0,1
2020-04-10T12:00:00Z,19,9,2,3,NA,8,0,1
2020-04-10T12:05:00Z,2,10,8,1,NA,5,0,1
2020-04-10T12:05:00Z,3,8,5,4.5,2.5,4,0,2
2020-04-10T12:05:00Z,8,6,3,2,NA,9,0,1
2020-04-10T12:05:00Z,10,3,10,8,NA,5,1,1
2020-04-10T12:05:00Z,11,5,0,7,0,1,0,1
2020-04-10T12:05:00Z,14,5,1,7,NA,1,0,1
2020-04-10T12:05:00Z,15,0.5,2.5,7.5,NA,2,0,2
2020-04-10T12:05:00Z,19,3,9,0,NA,3,1,1
2020-04-10T12:10:00Z,2,4.666666666666667,5.666666666666667,1,NA,1.6666666666666667,0,3
2020-04-10T12:10:00Z,3,0,4,1,0,0,0,1
2020-04-10T12:10:00Z,6,10,8,10,6,4,0,1
2020-04-10T12:10:00Z,8,1,5,10,NA,3,0,1
2020-04-10T12:10:00Z,9,5,8,7,5,3,0,1
2020-04-10T12:10:00Z,15,5.5,2,7,NA,3.5,0,2
2020-04-10T12:15:00Z,2,6,5,10,2,1,0,1
2020-04-10T12:15:00Z,6,5.333333333333333,7.333333333333333,7.333333333333333,4.333333333333333,2.6666666666666665,0,3
2020-04-10T12:15:00Z,8,6.5,7,5.5,NA,5.5,0,2
2020-04-10T12:15:00Z,15,0,10,8,NA,4,0,1
2020-04-10T12:20:00Z,5,8,0,3,6,5,0,1
2020-04-10T12:20:00Z,9,3,0,2,1,3,0,1
2020-04-10T12:20:00Z,11,2,3,4,10,10,0,1
2020-04-10T12:20:00Z,14,6,4,9,NA,5,0,1
2020-04-10T12:20:00Z,15,7.5,5.5,3.5,NA,6.5,0,2
2020-04-10T12:20:00Z,19,9,0,7,NA,0,0,1
2020-04-10T12:25:00Z,1,0,0,8,10,6,1,1
2020-04-10T12:25:00Z,5,4.666666666666667,7.666666666666667,4.333333333333333,4.333333333333333,7.666666666666667,0,3
2020-04-10T12:25:00Z,11,0,0,9,8,6,0,1
2020-04-10T12:25:00Z,13,9,9,8,NA,10,0,1
2020-04-10T12:25:00Z,15,9.5,3,5,NA,9,0,2
2020-04-10T12:30:00Z,1,5,1,4.5,3.5,10,0,2
2020-04-10T12:30:00Z,2,1,9,5.666666666666667,NA,8.333333333333334,0,3
2020-04-10T12:30:00Z,3,6,10,9.5,4,8,0,2
2020-04-10T12:30:00Z,6,7.5,6.5,4,5.5,5,0,2
2020-04-10T12:30:00Z,8,6.666666666666667,6,2.6666666666666665,NA,6.666666666666667,0,3
2020-04-10T12:30:00Z,11,6,10,10,3,2,1,1
2020-04-10T12:30:00Z,14,8,4,3,NA,10,0,1
2020-04-10T12:30:00Z,15,5,8,10,NA,9,0,1
2020-04-10T12:30:00Z,18,6,5,10,NA,3.5,0,2
2020-04-10T12:35:00Z,2,0,10,3,NA,10,0,1
2020-04-10T12:35:00Z,5,6,6,9,10,3,0,1
2020-04-10T12:35:00Z,10,6,3,2,NA,1,0,1
2020-04-10T12:35:00Z,15,1,3,8,NA,8,0,1
2020-04-10T12:40:00Z,3,1,10,9,9,6,0,1
2020-04-10T12:40:00Z,8,4,2,7,NA,3,0,1
2020-04-10T12:40:00Z,15,7.75,6,7.5,NA,2.25,0,4
2020-04-10T12:40:00Z,19,10,10,3,NA,10,0,1
2020-04-10T12:45:00Z,1,7,10,6,9,10,0,1
2020-04-10T12:45:00Z,5,5,5,8,3,7,0,1
2020-04-10T12:45:00Z,8,8,2,6,NA,10,0,1
2020-04-10T12:45:00Z,9,6,7.5,5.5,1.5,6.5,0.5,2
2020-04-10T12:45:00Z,15,0,7,0,NA,5,0,1
2020-04-10T12:50:00Z,9,2,10,5,8,8,0,1
2020-04-10T12:50:00Z,15,10,3,7,NA,8,1,1
2020-04-10T12:55:00Z,3,6.5,5,5.5,6.5,8,0,2
2020-04-10T12:55:00Z,6,6,0,6,10,5,1,1
2020-04-10T12:55:00Z,8,5,0,5,NA,9,0,1
2020-04-10T12:55:00Z,9,6,8,7,10,10,0,1
2020-04-10T12:55:00Z,15,4.5,5.5,5.75,NA,5.75,0,4
2020-04-10T12:55:00Z,16,9,2,6,0,2,0,1
2020-04-10T12:55:00Z,18,9,9,9,NA,10,0,1
2020-04-10T12:55:00Z,19,7,6,10,NA,3,0,1
2020-04-10T13:00:00Z,2,5,2,10,NA,7,0,1
2020-04-10T13:00:00Z,3,8,2,2,8,10,0,1
2020-04-10T13:00:00Z,6,5.5,3.5,6.5,4.5,5.5,0,2
2020-04-10T13:00:00Z,8,2,9,4,NA,10,0,1
2020-04-10T13:00:00Z,14,2,5,2,0,7,0,2
2020-04-10T13:05:00Z,2,3,1,10,NA,8,0,1
2020-04-10T13:05:00Z,3,10,8,0,7,0,0,1
2020-04-10T13:05:00Z,5,1,2,8,0,8,0,1
2020-04-10T13:05:00Z,6,2,10,4,10,6,0,1
2020-04-10T13:05:00Z,9,9.666666666666666,7,4,8,4,0.3333333333333333,3
2020-04-10T13:05:00Z,14,2,3,0,NA,0,0,1
2020-04-10T13:05:00Z,15,7.5,5.5,7,NA,6.5,0,2
2020-04-10T13:05:00Z,19,1,4.5,8.5,NA,4.5,0.5,2
2020-04-10T13:10:00Z,2,10,3,10,NA,0,1,1
2020-04-10T13:10:00Z,6,4,10,4,1,4,0,1
2020-04-10T13:15:00Z,2,6.666666666666667,4,3.3333333333333335,NA,8.333333333333334,0,3
2020-04-10T13:15:00Z,3,5.75,7.5,8.25,4.25,3.5,0,4
2020-04-10T13:15:00Z,5,10,3,2,0,10,0,1
2020-04-10T13:15:00Z,9,6,8,2,7,8,1,1
2020-04-10T13:15:00Z,14,2,5,4,NA,3,0,1
2020-04-10T13:15:00Z,15,4,4,10,NA,4,0,1
2020-04-10T13:20:00Z,6,9,5,3,5,6.5,0,2
2020-04-10T13:20:00Z,9,3,8,10,7,1,0,1
2020-04-10T13:20:00Z,15,0,3,4,NA,10,1,1
2020-04-10T13:20:00Z,19,0,9,7,NA,10,0,1
2020-04-10T13:25:00Z,2,7,10,10,NA,10,0,1
2020-04-10T13:25:00Z,3,9,0,1,3,8,0,1
2020-04-10T13:25:00Z,8,5,4,9.5,NA,5.5,0,2
2020-04-10T13:25:00Z,15,5,7,7,NA,8.5,0,2
2020-04-10T13:25:00Z,18,1,9,10,NA,8,0,1
2020-04-10T13:30:00Z,5,1,5,3,1,9,0,1
2020-04-10T13:30:00Z,8,0,2,2,NA,10,0,1
2020-04-10T13:30:00Z,9,6,6,4,5,4,0,1
2020-04-10T13:30:00Z,14,1,0,0,NA,2,0,1
2020-04-10T13:30:00Z,15,4.666666666666667,6.666666666666667,5.666666666666667,NA,5.666666666666667,0.3333333333333333,3
2020-04-10T13:30:00Z,16,10,7,10,3,10,0,1
2020-04-10T13:30:00Z,18,6,8,7,NA,1,0,1
2020-04-10T13:35:00Z,2,6,2,3,NA,9,0,1
2020-04-10T13:35:00Z,8,10,10,10,NA,2,0,1
2020-04-10T13:35:00Z,14,0,6,4,NA,0,0,1
2020-04-10T13:35:00Z,18,5.5,5,8.5,NA,6.5,0,2
2020-04-10T13:40:00Z,5,10,1,4,8,10,0,1
2020-04-10T13:40:00Z,8,4,3,8,NA,6,0,1
2020-04-10T13:40:00Z,9,4.5,2,6,5,4,0,2
2020-04-10T13:40:00Z,14,8,3,9,NA,2,1,1
2020-04-10T13:45:00Z,2,9,4.5,8,NA,4,0,2
2020-04-10T13:45:00Z,6,4.666666666666667,7.666666666666667,2.6666666666666665,6,2,0.3333333333333333,3
2020-04-10T13:45:00Z,9,9.5,5.5,10,10,3.5,0.5,2
2020-04-10T13:45:00Z,15,3.5,7.5,1,NA,7.5,0,2
2020-04-10T13:45:00Z,16,5,0,9,4,7,0,1
2020-04-10T13:45:00Z,18,4,0,5,NA,5,0,1
2020-04-10T13:45:00Z,19,10,7,4,NA,0.5,0,2
2020-04-10T13:50:00Z,3,6,10,6,10,10,0,1
2020-04-10T13:50:00Z,5,5,2,8,4,5,0,1
2020-04-10T13:50:00Z,6,9,1,4,9,8,0,1
2020-04-10T13:50:00Z,8,4,5.5,4,NA,5.5,0,2
2020-04-10T13:55:00Z,2,3.5,6,4,NA,9.5,0.5,2
2020-04-10T13:55:00Z,3,10,4,8,7,9,0,1
2020-04-10T13:55:00Z,6,4,10,4,5,9,0,1
2020-04-10T13:55:00Z,11,1,10,6,3,4,0,1
2020-04-10T13:55:00Z,15,4,3,3,NA,10,0,1
2020-04-10T13:55:00Z,18,10,0,2,NA,7,0,1
2020-04-10T14:00:00Z,3,5,8,3,10,8,0,1
2020-04-10T14:00:00Z,6,8,6.5,9.5,1,3,0,2
2020-04-10T14:00:00Z,8,5.5,7.5,8,NA,6,0,2
2020-04-10T14:00:00Z,9,7,7,5,6,6,0,2
2020-04-10T14:00:00Z,11,7,3,10,3,7,0,1
2020-04-10T14:00:00Z,14,4,7,7,NA,9,0,1
2020-04-10T14:00:00Z,15,3.5,6,5.5,NA,3,0,2
2020-04-10T14:05:00Z,6,8,1,2,6,10,0,1
2020-04-10T14:05:00Z,15,10,2,2,NA,0,0,1
2020-04-10T14:10:00Z,2,9,7,0,NA,10,0,1
2020-04-10T14:10:00Z,3,3,8,4.5,6.5,4.5,0,2
2020-04-10T14:10:00Z,8,0,1,1,NA,5,0,1
2020-04-10T14:10:00Z,9,8,10,10,2,1,0,1
2020-04-10T14:10:00Z,10,6,10,9,NA,6,0,1
2020-04-10T14:10:00Z,13,4.5,7,7.5,NA,7,0,2
2020-04-10T14:10:00Z,14,7,1,5,NA,3,0,1
2020-04-10T14:10:00Z,18,9,2,6,NA,5,0,1
2020-04-10T14:15:00Z,2,6,0,5,NA,10,0,1
2020-04-10T14:15:00Z,3,9,5,3,5,10,0,1
2020-04-10T14:15:00Z,6,6,2,7,7,6,0,1
2020-04-10T14:15:00Z,8,7.5,8.5,6.5,NA,7.5,0,2
2020-04-10T14:15:00Z,9,3,7,2,10,0,0,1
2020-04-10T14:15:00Z,10,5,10,3,NA,10,0,1
2020-04-10T14:15:00Z,15,6.666666666666667,3.6666666666666665,9.666666666666666,NA,3.3333333333333335,0,3
2020-04-10T14:15:00Z,19,5.5,4,0.5,NA,6,0,2
2020-04-10T14:20:00Z,1,10,10,3,3,2,0,1
2020-04-10T14:20:00Z,6,4.333333333333333,4.666666666666667,4.333333333333333,3.3333333333333335,4.666666666666667,0,3
2020-04-10T14:20:00Z,8,7,7.333333333333333,6.666666666666667,NA,5,0.3333333333333333,3
2020-04-10T14:20:00Z,9,4,7,0,2,2,0,1
2020-04-10T14:20:00Z,11,7,4,0,4,7,0,1
2020-04-10T14:20:00Z,13,2,5,0,NA,10,0,1
2020-04-10T14:20:00Z,19,1,1,7,NA,3,0,1
2020-04-10T14:25:00Z,3,0,1,10,2,6,0,1
2020-04-10T14:25:00Z,8,0,6,2,NA,7,0,1
2020-04-10T14:25:00Z,9,1,5,5,9,8,0,1
2020-04-10T14:25:00Z,11,0,1,8,4,8,0,1
2020-04-10T14:25:00Z,14,2,4,7,NA,2,0,1
2020-04-10T14:25:00Z,15,6.5,10,8.5,NA,5,0,2
2020-04-10T14:30:00Z,3,9.5,6,6.5,6,1,0,2
2020-04-10T14:30:00Z,6,9,1,2,3,4,0,1
2020-04-10T14:30:00Z,9,8,10,4,9,8,0,1
2020-04-10T14:30:00Z,14,5,3,4,NA,7.5,0,2
2020-04-10T14:30:00Z,15,10,7,1,NA,10,0,1
2020-04-10T14:35:00Z,2,10,9,3,NA,5,0,1
2020-04-10T14:35:00Z,3,10,2,1,8,9,0,1
2020-04-10T14:35:00Z,8,0.5,4,8.5,NA,5,0,2
2020-04-10T14:35:00Z,9,10,0,1,5,1,0,1
2020-04-10T14:35:00Z,11,10,0,0,5,4,0,1
2020-04-10T14:35:00Z,14,4,0,4,NA,1,0,1
2020-04-10T14:40:00Z,2,9,10,5,NA,9,1,1
2020-04-10T14:40:00Z,3,9,5,2,5,10,0,1
2020-04-10T14:40:00Z,8,8,1,6,NA,6,0,1
2020-04-10T14:40:00Z,9,8,4,1,10,0,0,1
2020-04-10T14:40:00Z,14,4,8,3,NA,7,0,1
2020-04-10T14:40:00Z,19,3,3,4,NA,10,0,1
2020-04-10T14:45:00Z,6,5,1,6,4,6,1,1
2020-04-10T14:45:00Z,14,5,7,10,NA,10,0,1
2020-04-10T14:45:00Z,15,0,2,3,NA,7,0,1
2020-04-10T14:45:00Z,18,2.5,9,6.5,NA,6,0.5,2
2020-04-10T14:50:00Z,2,9,10,9,NA,9,0,1
2020-04-10T14:50:00Z,5,4,9,3,6,10,0,1
2020-04-10T14:50:00Z,6,7,7.5,0.5,7,6,0,2
2020-04-10T14:50:00Z,10,6.666666666666667,5.333333333333333,6,NA,4.333333333333333,0.3333333333333333,3
2020-04-10T14:50:00Z,13,0,4,2,NA,5,0,1
2020-04-10T14:50:00Z,19,10,10,7,NA,3,0,1
2020-04-10T14:55:00Z,2,10,0,10,NA,2,0,1
2020-04-10T14:55:00Z,3,1,4,8,1,10,0,1
2020-04-10T14:55:00Z,6,1,0,1,2,5,0,1
2020-04-10T14:55:00Z,15,9,6.5,4,NA,6,0,2
2020-04-10T14:55:00Z,16,3,7,7,9,10,0,1
2020-04-10T15:00:00Z,4,6.545454545454546,6,4.181818181818182,NA,6.2727272727272725,0.18181818181818182,11
2020-04-10T15:00:00Z,6,10,8,9,5,2,0,1
2020-04-10T15:00:00Z,8,6,9,7,NA,4,0,1
2020-04-10T15:00:00Z,9,10,5,0,3,10,0,1
2020-04-10T15:00:00Z,11,7,4,6,4,2,0,1
2020-04-10T15:00:00Z,13,10,5,9,NA,1,0,1
2020-04-10T15:00:00Z,14,5,4,4,NA,5,0,1
2020-04-10T15:00:00Z,15,9,10,10,NA,2,0,1
2020-04-10T15:00:00Z,16,9,8,4,10,5,0,1
2020-04-10T15:05:00Z,1,1,7,5,10,5,1,1
2020-04-10T15:05:00Z,3,4,5,7.5,4,8,0,2
2020-04-10T15:05:00Z,5,8,2,6,0,6,0,1
2020-04-10T15:05:00Z,6,8,7,4,4,6,0,2
2020-04-10T15:05:00Z,8,10,6,4,NA,0,0,1
2020-04-10T15:05:00Z,10,7,10,3,NA,2,0,1
2020-04-10T15:05:00Z,14,5,7,7,NA,9,0,1
2020-04-10T15:05:00Z,15,6.5,6,2,NA,3.5,0,2
2020-04-10T15:05:00Z,16,0,2,5,8,6,0,1
2020-04-10T15:05:00Z,19,0,2,4,NA,10,0,1
2020-04-10T15:10:00Z,2,8,10,7,NA,7,0,1
2020-04-10T15:10:00Z,3,8,3,5,2,6,0,1
2020-04-10T15:10:00Z,9,8,0,4,10,7,0,1
2020-04-10T15:10:00Z,15,3,4,1,NA,8,0,1
2020-04-10T15:10:00Z,16,9.5,4,6.5,2.5,5.5,0,2
2020-04-10T15:15:00Z,2,1,8,4,NA,3,0,1
2020-04-10T15:15:00Z,3,6,4.5,7,7.5,5,0,2
2020-04-10T15:15:00Z,4,5,3,10,NA,8,0,1
2020-04-10T15:15:00Z,6,10,1,8,10,2,0,1
2020-04-10T15:15:00Z,8,7,6,6,NA,8,0,1
2020-04-10T15:15:00Z,19,8,2,2,NA,6,0,1
2020-04-10T15:20:00Z,1,4,3,1,2,4,0,1
2020-04-10T15:20:00Z,2,5.5,10,2,NA,7.5,0,2
2020-04-10T15:20:00Z,3,9,0,7,5,4,0,1
2020-04-10T15:20:00Z,8,1,10,9,NA,2,0,1
2020-04-10T15:20:00Z,10,8,9,8,NA,0,0,1
2020-04-10T15:20:00Z,16,7,5,0,2,2,0,1
2020-04-10T15:20:00Z,18,5,5,3,NA,6,0,1
2020-04-10T15:25:00Z,3,7,6,9,3,3,0,1
2020-04-10T15:25:00Z,6,0,4,4,6,5,0,2
2020-04-10T15:25:00Z,8,2,6,5,NA,8,0,1
2020-04-10T15:25:00Z,9,7,7,6,5,7,0,1
2020-04-10T15:25:00Z,10,7,5.5,5.5,NA,4,0.5,2
2020-04-10T15:25:00Z,15,7.5,4,9,NA,6.5,0,2
2020-04-10T15:30:00Z,1,8,6,8,3,3,0,1
2020-04-10T15:30:00Z,5,7,9,8,2,0,0,1
2020-04-10T15:30:00Z,9,4,4,10,4,7,0,1
2020-04-10T15:30:00Z,15,5,3.5,3,NA,3.5,0,2
2020-04-10T15:30:00Z,16,7.5,4.5,4.5,10,6.5,0,2
2020-04-10T15:35:00Z,1,3,10,10,9,6,0,1
2020-04-10T15:35:00Z,6,6,4,6,2,8,0,1
2020-04-10T15:35:00Z,8,5,5,10,NA,3,0,1
2020-04-10T15:35:00Z,9,3.6666666666666665,4.666666666666667,3.3333333333333335,4.333333333333333,8.666666666666666,0,3
2020-04-10T15:35:00Z,15,6,7,9,NA,4,0,1
2020-04-10T15:40:00Z,6,5.75,5.25,5,6.25,6,0.25,4
2020-04-10T15:40:00Z,8,3.5,8.5,7.5,NA,6,0,2
2020-04-10T15:40:00Z,9,0,4,10,4,1,0,1
2020-04-10T15:40:00Z,15,4,6,5.333333333333333,NA,3.6666666666666665,0,3
2020-04-10T15:45:00Z,2,6,1,6,NA,6,0,1
2020-04-10T15:45:00Z,3,5,10,10,4,9,0,1
2020-04-10T15:45:00Z,4,7,6,2,NA,5,0,1
2020-04-10T15:45:00Z,6,6.5,1,6,8.5,4,0,2
2020-04-10T15:45:00Z,14,2,10,7,NA,1,0,1
2020-04-10T15:45:00Z,15,3.6666666666666665,7.333333333333333,3.6666666666666665,NA,6.666666666666667,0,3
2020-04-10T15:45:00Z,16,3.5,6.5,4.5,8.5,4.5,0.5,2
2020-04-10T15:50:00Z,2,4,10,10,NA,1,1,1
2020-04-10T15:50:00Z,3,5.333333333333333,4,6,3.6666666666666665,3,0.3333333333333333,3
2020-04-10T15:50:00Z,6,4,6,5,3,8,0,1
2020-04-10T15:50:00Z,8,3.5,4.5,4,NA,1,0,2
2020-04-10T15:50:00Z,15,5.5,6,9,NA,3,0,2
2020-04-10T15:55:00Z,4,2,1,8,NA,2,0,1
2020-04-10T15:55:00Z,8,9,3,6,NA,10,0,1
2020-04-10T15:55:00Z,14,10,3,10,NA,8,0,1
2020-04-10T15:55:00Z,15,7,7,8,NA,4,0,1
2020-04-10T15:55:00Z,16,8,5,10,6,10,1,1
2020-04-10T15:55:00Z,18,4,9,9,NA,3,0,1
2020-04-10T15:55:00Z,19,3,2,10,NA,6,0,1
2020-04-10T16:00:00Z,2,8,0,0,NA,5,0,1
2020-04-10T16:00:00Z,5,2,9,2,0,9,0,1
2020-04-10T16:00:00Z,6,8,8,2,5,9,0,1
2020-04-10T16:00:00Z,8,5.5,3,4.5,NA,2,0,2
2020-04-10T16:00:00Z,16,5,9,9,2,9,1,1
2020-04-10T16:00:00Z,18,1,4,4,NA,3,0,1
2020-04-10T16:05:00Z,1,10,10,7,8,0,0,1
2020-04-10T16:05:00Z,2,10,7,9,NA,10,0,1
2020-04-10T16:05:00Z,4,2,10,10,NA,3,0,1
2020-04-10T16:05:00Z,8,10,3,2,NA,1,0,1
2020-04-10T16:05:00Z,14,6.5,1.5,7.5,NA,5,0,2
2020-04-10T16:05:00Z,15,10,4,4,NA,8,0,1
2020-04-10T16:10:00Z,2,1,1,2,NA,7,0,1
2020-04-10T16:10:00Z,6,7,4,5.5,1.5,8,0,2
2020-04-10T16:10:00Z,9,6.333333333333333,7,8.666666666666666,7.333333333333333,3.6666666666666665,0,3
2020-04-10T16:10:00Z,15,6,7,4,NA,5,0,1
2020-04-10T16:10:00Z,19,4,10,2,NA,7,1,1
2020-04-10T16:15:00Z,2,3,9,6,NA,4,0,1
2020-04-10T16:15:00Z,6,3,6,4,10,9,0,1
2020-04-10T16:15:00Z,8,8.5,6.5,6.5,NA,3,0,2
2020-04-10T16:15:00Z,15,2,0,4,NA,0,0,1
2020-04-10T16:15:00Z,16,6,6,8,0,10,0,1
2020-04-10T16:20:00Z,2,7,10,4,NA,2,0,1
2020-04-10T16:20:00Z,6,7,3.6666666666666665,2.3333333333333335,7.333333333333333,6.666666666666667,0,3
2020-04-10T16:20:00Z,9,0,3,8,5,2,0,1
2020-04-10T16:20:00Z,15,1.5,2.5,3.5,2,5,0,2
2020-04-10T16:20:00Z,18,1,9,2,NA,1,0,1
2020-04-10T16:25:00Z,3,5,6,2,10,6,0,1
2020-04-10T16:25:00Z,6,9,4,5,4,3,0,1
2020-04-10T16:25:00Z,9,7,3.5,5,7,2,0.5,2
2020-04-10T16:30:00Z,5,6,10,9,0,5,0,1
2020-04-10T16:30:00Z,9,0,2,1,10,7,0,1
2020-04-10T16:30:00Z,16,9,8,3,1,4,0,1
2020-04-10T16:30:00Z,18,9.5,8.5,5.5,NA,4,0,2
2020-04-10T16:35:00Z,3,0,10,7,4,8,0,1
2020-04-10T16:35:00Z,4,9,8,8,NA,0,0,1
2020-04-10T16:35:00Z,6,3.5,6.5,6.5,5,7.5,0,2
2020-04-10T16:35:00Z,9,5,9,10,3,10,0,1
2020-04-10T16:35:00Z,13,1,1,4,NA,7,0,1
2020-04-10T16:35:00Z,15,2,3,1,NA,0,0,1
2020-04-10T16:40:00Z,2,5,6.5,3.5,NA,1,0,2
2020-04-10T16:40:00Z,6,6.666666666666667,5,9.333333333333334,7.666666666666667,5,0.3333333333333333,3
2020-04-10T16:40:00Z,13,8,10,8,NA,10,0,1
2020-04-10T16:40:00Z,14,9,1,2,NA,5,0,1
2020-04-10T16:45:00Z,3,5.25,3.75,8.5,6.25,4.5,0,4
2020-04-10T16:45:00Z,8,2,10,1,NA,10,0,1
2020-04-10T16:45:00Z,19,1,1,4,NA,7,0,1
2020-04-10T16:50:00Z,1,5,4,7,2,3,1,1
2020-04-10T16:50:00Z,3,8.5,7,5,6.5,7.5,0,2
2020-04-10T16:50:00Z,6,7,9,4,4,6,0,1
2020-04-10T16:50:00Z,8,3.25,8.5,7.25,NA,5.25,0.25,4
2020-04-10T16:50:00Z,15,3,3,0,NA,8,1,1
2020-04-10T16:55:00Z,2,1,10,8,NA,7,0,1
2020-04-10T16:55:00Z,3,6,6,6.5,3,4,0,2
2020-04-10T16:55:00Z,5,2,5,4,6,3,0,1
2020-04-10T17:00:00Z,1,0,0,7,3,7,0,1
2020-04-10T17:00:00Z,2,5.333333333333333,5.333333333333333,6.666666666666667,NA,7.333333333333333,0,3
2020-04-10T17:00:00Z,9,0,5.5,7.5,5,3,0,2
2020-04-10T17:00:00Z,14,0,5,8,NA,0,0,1
2020-04-10T17:00:00Z,19,9,5,8,NA,1,0,1
2020-04-10T17:05:00Z,2,6,10,1,NA,10,0,1
2020-04-10T17:05:00Z,3,3.3333333333333335,6,6,2.6666666666666665,6.666666666666667,0,3
2020-04-10T17:05:00Z,8,4,4.5,5.5,NA,0,0,2
2020-04-10T17:05:00Z,9,3.2,4,8.2,3.6,4.2,0,5
2020-04-10T17:05:00Z,15,4,7,7,NA,2,0,1
2020-04-10T17:05:00Z,18,3,7,8,NA,7,0,1
2020-04-10T17:10:00Z,2,5,2,4,NA,4.5,0,2
2020-04-10T17:10:00Z,6,1,2,5,10,5.5,0,2
2020-04-10T17:10:00Z,8,10,9,9,1,0,0,1
2020-04-10T17:10:00Z,11,4,10,8,1,5,1,1
2020-04-10T17:10:00Z,16,6,4,10,4,8,0,1
2020-04-10T17:15:00Z,1,6,8,6,7,3,0,1
2020-04-10T17:15:00Z,2,5,9,7,NA,2,0,1
2020-04-10T17:15:00Z,9,5.5,7,4.75,6.5,6.75,0,4
2020-04-10T17:15:00Z,10,4,8,9,NA,2,0,1
2020-04-10T17:15:00Z,14,3,6,10,NA,10,0,1
2020-04-10T17:15:00Z,16,1,2,1,3,9,0,1
2020-04-10T17:15:00Z,18,6,8,8,NA,5,0,1
2020-04-10T17:20:00Z,1,3,7.5,3,7,4.5,0,2
2020-04-10T17:20:00Z,2,8.666666666666666,3.6666666666666665,6,NA,3.3333333333333335,0,3
2020-04-10T17:20:00Z,9,4.666666666666667,3.3333333333333335,2.6666666666666665,7,2,0,3
2020-04-10T17:20:00Z,10,5,6,8,NA,8,0,2
2020-04-10T17:20:00Z,11,4,10,7,8,10,0,1
2020-04-10T17:20:00Z,13,7,10,9,NA,3,0,1
2020-04-10T17:20:00Z,14,4,9,1,NA,5,0,1
2020-04-10T17:25:00Z,3,6,1,10,4,6,0,1
2020-04-10T17:25:00Z,6,2,9,1,6,0,0,1
2020-04-10T17:25:00Z,8,0,1,5,NA,3,0,1
2020-04-10T17:25:00Z,9,5.5,2.5,0.5,4.5,3.5,0,2
2020-04-10T17:25:00Z,18,4,5,1,NA,2.5,0,2
2020-04-10T17:30:00Z,5,8,10,6,8,4,0,1
2020-04-10T17:30:00Z,8,10,1,1,NA,5,0,1
2020-04-10T17:30:00Z,15,6.333333333333333,7.666666666666667,6,NA,6,0,3
2020-04-10T17:30:00Z,16,10,8,2,10,0,0,1
2020-04-10T17:35:00Z,2,4,3,9,NA,5,0,1
2020-04-10T17:35:00Z,8,10,9,0,NA,5,0,1
2020-04-10T17:35:00Z,9,5,9,2,10,0,0,1
2020-04-10T17:35:00Z,14,3,10,0,NA,4,0,1
2020-04-10T17:35:00Z,16,1,10,0,4,4,0,1
2020-04-10T17:40:00Z,1,2,2,0,8,9,0,1
2020-04-10T17:40:00Z,2,8,0,5,NA,1,0,1
2020-04-10T17:40:00Z,3,4.5,6,6.5,6.5,5,0,2
2020-04-10T17:40:00Z,6,1,1,3,10,10,0,1
2020-04-10T17:40:00Z,8,4,8,2,NA,8,0,1
2020-04-10T17:40:00Z,9,5,5,10,1,10,0,1
2020-04-10T17:40:00Z,10,5,8,10,NA,7,0,1
2020-04-10T17:40:00Z,11,0,0,3,5,5,0,1
2020-04-10T17:40:00Z,15,10,9,3,NA,1,0,1
2020-04-10T17:40:00Z,18,3,3,7,NA,1,0,1
2020-04-10T17:45:00Z,6,10,2,6,4,2,0,1
2020-04-10T17:45:00Z,8,4,2,9,NA,7,0,1
2020-04-10T17:45:00Z,9,6,4,3,10,5,0,1
2020-04-10T17:45:00Z,14,5,10,5,NA,8,0,1
2020-04-10T17:45:00Z,15,0,2,10,NA,1,0,1
2020-04-10T17:45:00Z,16,5,6,10,7,7,0,1
2020-04-10T17:45:00Z,18,9,5,9,NA,10,0,1
2020-04-10T17:45:00Z,19,5,10,2,NA,9,0,1
2020-04-10T17:50:00Z,2,5,10,6,NA,9,0,1
2020-04-10T17:50:00Z,8,10,1,0,NA,0,0,1
2020-04-10T17:50:00Z,9,2,3,8,10,8,0,1
2020-04-10T17:50:00Z,14,0,9,9,NA,10,0,1
2020-04-10T17:50:00Z,15,4,5,5.5,NA,3,0,2
2020-04-10T17:55:00Z,1,0,6,2,9,10,0,1
2020-04-10T17:55:00Z,3,1,4,5,7,6,0,1
2020-04-10T17:55:00Z,8,9,9,0,NA,10,0,1
2020-04-10T17:55:00Z,15,5.5,4.5,7.5,NA,7,0.5,2
2020-04-10T17:55:00Z,18,10,6,10,NA,2,0,1
2020-04-10T18:00:00Z,2,1,4,1,NA,2,0,1
2020-04-10T18:00:00Z,6,3,3,5,9,10,0,1
2020-04-10T18:00:00Z,8,10,2,1,NA,5,0,1
2020-04-10T18:00:00Z,9,0,4,5,6,1,0,1
2020-04-10T18:00:00Z,10,10,4,6,NA,6,1,1
2020-04-10T18:00:00Z,15,10,10,2,NA,10,0,1
2020-04-10T18:00:00Z,16,3,10,10,3,9,0,1
2020-04-10T18:00:00Z,19,3.5,2,6.5,NA,5,0.5,2
2020-04-10T18:05:00Z,2,3,7,6,NA,7,0,1
2020-04-10T18:05:00Z,6,6.5,5,3,5,7,0.5,2
2020-04-10T18:05:00Z,14,7,10,10,NA,1,0,1
2020-04-10T18:05:00Z,15,10,3,3,NA,5,0,1
2020-04-10T18:05:00Z,16,10,10,1,2,9,0,1
2020-04-10T18:10:00Z,2,4,3,5,NA,10,0,1
2020-04-10T18:10:00Z,3,1,3,9,8,5,0,1
2020-04-10T18:10:00Z,6,9,2,8,1,0,0,1
2020-04-10T18:10:00Z,9,10,8,5,2,6,0,1
2020-04-10T18:10:00Z,13,0,10,5,NA,5,0,1
2020-04-10T18:10:00Z,14,6,4,2,NA,10,0,1
2020-04-10T18:10:00Z,15,1,2,10,NA,9,0,1
2020-04-10T18:15:00Z,2,9,4.5,7.5,NA,7.5,0,2
2020-04-10T18:15:00Z,4,1,0,10,NA,10,1,1
2020-04-10T18:15:00Z,5,6,6,1,2,2,0,1
2020-04-10T18:15:00Z,6,8,3,3,9,2,0,1
2020-04-10T18:15:00Z,8,3.5,7.5,2,NA,5,0.5,2
2020-04-10T18:15:00Z,9,2,6,3.5,6,7.5,0,2
2020-04-10T18:15:00Z,10,10,3,3,NA,10,0,1
2020-04-10T18:15:00Z,15,4,2,5,NA,8,0,1
2020-04-10T18:20:00Z,1,4,6,9.5,8,3,0,2
2020-04-10T18:20:00Z,2,9,7,5.5,3,6.5,0,2
2020-04-10T18:20:00Z,5,7,10,9,3,6,0,1
2020-04-10T18:20:00Z,6,7,7,5,6,3,0,1
2020-04-10T18:20:00Z,8,5,7,9,NA,4,0,1
2020-04-10T18:20:00Z,16,8,2,9,10,10,0,1
2020-04-10T18:25:00Z,2,5,10,10,NA,5,1,1
2020-04-10T18:25:00Z,3,2.3333333333333335,7.333333333333333,3,6,1,0,3
2020-04-10T18:25:00Z,5,2,5.5,0.5,2.5,6,0,2
2020-04-10T18:25:00Z,6,4,7.333333333333333,6.666666666666667,6.333333333333333,6.666666666666667,0.3333333333333333,3
2020-04-10T18:25:00Z,8,7,6.333333333333333,3.3333333333333335,NA,2.6666666666666665,0.3333333333333333,3
2020-04-10T18:25:00Z,9,3.3333333333333335,6,6.333333333333333,4.666666666666667,9,0,3
2020-04-10T18:25:00Z,15,0,2,10,NA,2,0,1
2020-04-10T18:25:00Z,19,10,6,4,NA,2,0,1
2020-04-10T18:30:00Z,2,2,10,8,NA,1,0,1
2020-04-10T18:30:00Z,6,10,6,10,10,10,0,1
2020-04-10T18:30:00Z,8,8,3,10,NA,8,1,1
2020-04-10T18:30:00Z,9,7,4,8,6,7,0,1
2020-04-10T18:30:00Z,16,8,8.5,8,5.5,2,0,2
2020-04-10T18:35:00Z,2,0,8,6,NA,10,0,1
2020-04-10T18:35:00Z,6,7,2,8,8,10,0,1
2020-04-10T18:35:00Z,8,1,2,7,NA,7,1,1
2020-04-10T18:35:00Z,13,7,5,1,NA,7,1,1
2020-04-10T18:35:00Z,14,8,5,2,NA,6.5,0,2
2020-04-10T18:35:00Z,19,4,10,2,NA,10,0,1
2020-04-10T18:40:00Z,3,10,9,9,0,2,0,1
2020-04-10T18:40:00Z,6,8,5,2,4,2,0,1
2020-04-10T18:40:00Z,8,10,5,7,NA,3.5,0,2
2020-04-10T18:40:00Z,9,6.666666666666667,3.3333333333333335,5.333333333333333,4,2,0.6666666666666666,3
2020-04-10T18:40:00Z,10,10,10,2,NA,5,0,1
2020-04-10T18:40:00Z,19,5,6.666666666666667,8.666666666666666,NA,6,0,3
2020-04-10T18:45:00Z,1,6,6,2.5,2,1,0,2
2020-04-10T18:45:00Z,2,0.3333333333333333,4,6.333333333333333,NA,8.666666666666666,0,3
2020-04-10T18:45:00Z,5,1,10,3,0,8,0,1
2020-04-10T18:45:00Z,8,1.5,7.5,5.5,NA,1.5,0,2
2020-04-10T18:45:00Z,9,3,4,9,2,6,0,1
2020-04-10T18:45:00Z,10,3,4,6,NA,6,0,1
2020-04-10T18:45:00Z,15,2,1,10,NA,6,0,1
2020-04-10T18:50:00Z,6,0,2,10,0,10,0,1
2020-04-10T18:50:00Z,9,10,10,10,8,9,0,1
2020-04-10T18:55:00Z,8,8,5,2,NA,5,0,1
2020-04-10T18:55:00Z,9,10,9,10,1,4,1,1
2020-04-10T18:55:00Z,13,7,4.5,4.5,NA,1.5,0,2
2020-04-10T18:55:00Z,18,7,10,0,NA,3,0,1
2020-04-10T18:55:00Z,19,5,4,0,NA,6,0,1
2020-04-10T19:00:00Z,2,10,1,1,NA,5,0,1
2020-04-10T19:00:00Z,3,5,10,7,10,5,0,1
2020-04-10T19:00:00Z,5,9,4,2,4,5,0,1
2020-04-10T19:00:00Z,6,5,8,3,3,9,1,1
2020-04-10T19:00:00Z,9,3.5,1,9,5.5,7,0,2
2020-04-10T19:00:00Z,11,2,9,4,6,4,0,1
2020-04-10T19:00:00Z,12,3.857142857142857,4.428571428571429,4.714285714285714,NA,5.142857142857143,0.14285714285714285,14
2020-04-10T19:00:00Z,16,8,2,9,7,10,0,1
2020-04-10T19:00:00Z,17,5,6.545454545454546,4.363636363636363,NA,6.2727272727272725,0,11
2020-04-10T19:05:00Z,1,0,1,0,4,0,0,1
2020-04-10T19:05:00Z,2,10,4,0,NA,10,0,1
2020-04-10T19:05:00Z,3,10,4,4,2,0,0,1
2020-04-10T19:05:00Z,6,5.5,3.5,5,2.5,1,0,2
2020-04-10T19:05:00Z,8,6,5,1,NA,0,0,1
2020-04-10T19:05:00Z,9,3.5,5.5,3,8,7,0,2
2020-04-10T19:05:00Z,12,7,10,4,NA,4,0,1
2020-04-10T19:05:00Z,13,1,10,4,NA,0,0,1
2020-04-10T19:05:00Z,15,2,4,1,NA,3,0,1
2020-04-10T19:10:00Z,1,8,10,4,6,10,0,1
2020-04-10T19:10:00Z,5,7.5,4,4,3.5,7,0,2
2020-04-10T19:10:00Z,6,9,2.5,4,3.5,8,0,2
2020-04-10T19:10:00Z,8,2,10,6,NA,10,0,1
2020-04-10T19:10:00Z,10,10,7,7,NA,8,0,1
2020-04-10T19:10:00Z,12,10,0,7,NA,3,0,1
2020-04-10T19:10:00Z,15,5,9,9,NA,6.5,0,2
2020-04-10T19:10:00Z,16,5,7,5.5,6,3.5,0,2
2020-04-10T19:15:00Z,10,0,10,3,NA,0,0,1
2020-04-10T19:15:00Z,12,6,6,6,NA,10,0,1
2020-04-10T19:15:00Z,15,8,4.5,7.5,8,8,0.5,2
2020-04-10T19:15:00Z,16,4,8,0,10,8,0,1
2020-04-10T19:15:00Z,18,10,9,4,NA,5,0,1
2020-04-10T19:20:00Z,1,7,10,10,6,5,0,1
2020-04-10T19:20:00Z,3,9,2,4.5,6,2,0,2
2020-04-10T19:20:00Z,8,7,2.3333333333333335,7.666666666666667,NA,7,0,3
2020-04-10T19:20:00Z,15,2,4,4.5,NA,3,0,2
2020-04-10T19:20:00Z,17,7,4,9,NA,4,0,1
2020-04-10T19:25:00Z,1,8.5,6.5,6.5,5,7.5,0,2
2020-04-10T19:25:00Z,2,4.333333333333333,3.6666666666666665,2.6666666666666665,NA,9.333333333333334,0,3
2020-04-10T19:25:00Z,3,7,9,8,2,0,0,1
2020-04-10T19:25:00Z,5,5,1,4,1,6,0,1
2020-04-10T19:25:00Z,8,7.5,6.5,6.5,NA,6,0.5,2
2020-04-10T19:25:00Z,18,0,0,8,NA,1,0,1
2020-04-10T19:30:00Z,1,5,8,7,3,10,0,1
2020-04-10T19:30:00Z,2,4.5,3.5,4.5,NA,7.5,1,2
2020-04-10T19:30:00Z,6,6,3,10,10,10,0,1
2020-04-10T19:30:00Z,8,3,10,10,NA,9,0,1
2020-04-10T19:30:00Z,14,6.25,4,3.5,NA,3.5,0,4
2020-04-10T19:30:00Z,15,7.5,5,3.5,NA,7.5,0,2
2020-04-10T19:30:00Z,16,6,1,10,8,8,0,1
2020-04-10T19:35:00Z,2,4.5,5.5,5,NA,4,0,2
2020-04-10T19:35:00Z,6,6,0,6,9,4,0,1
2020-04-10T19:35:00Z,8,10,3,5,NA,8,0,1
2020-04-10T19:35:00Z,11,8,10,5,5,5,1,1
2020-04-10T19:35:00Z,13,7,1,0,NA,10,1,1
2020-04-10T19:35:00Z,19,4,8,0,NA,2,1,1
2020-04-10T19:40:00Z,1,10,7,7,1,3,0,1
2020-04-10T19:40:00Z,2,4.2,5.8,4,NA,7.4,0.2,5
2020-04-10T19:40:00Z,3,1,4,2,6,3,0,1
2020-04-10T19:40:00Z,6,10,7,10,10,7,0,1
2020-04-10T19:40:00Z,7,NA,10,2,NA,NA,0,1
2020-04-10T19:40:00Z,8,10,5,6,NA,3,0,2
2020-04-10T19:40:00Z,9,1,8,9,2,6,0,1
2020-04-10T19:40:00Z,10,8,2,3,NA,3,0,1
2020-04-10T19:40:00Z,15,8,0,4,NA,8,0,2
2020-04-10T19:40:00Z,16,6,8,3,5,1,0,1
2020-04-10T19:40:00Z,17,2,3,1,NA,10,0,1
2020-04-10T19:40:00Z,19,6,0,3,NA,2,0,1
2020-04-10T19:45:00Z,2,9,10,8,NA,10,0,1
2020-04-10T19:45:00Z,3,5,3.5,6.5,7,5,0,2
2020-04-10T19:45:00Z,6,3,8,1,10,6,0,1
2020-04-10T19:45:00Z,10,7,0,10,NA,5,0,1
2020-04-10T19:45:00Z,14,10,9,10,NA,10,0,1
2020-04-10T19:45:00Z,15,4.5,7,3.5,NA,9,0,2
2020-04-10T19:45:00Z,18,6,2,3,NA,10,0,1
2020-04-10T19:50:00Z,2,7,2,0,NA,8,0,1
2020-04-10T19:50:00Z,8,2,3,8,NA,7,0,1
2020-04-10T19:50:00Z,9,8.5,1.5,7.5,5,8,0,2
2020-04-10T19:50:00Z,15,1,4,0,NA,8,0,1
2020-04-10T19:50:00Z,16,0,10,10,7,1,1,1
2020-04-10T19:55:00Z,2,1,7,7,NA,10,0,1
2020-04-10T19:55:00Z,3,8.333333333333334,6.666666666666667,3,5.333333333333333,3,0,3
2020-04-10T19:55:00Z,6,6,0,0,9,6,0,1
2020-04-10T19:55:00Z,9,2,5,9,9,10,0,1
2020-04-10T19:55:00Z,13,5,3,3,NA,10,0,1
2020-04-10T19:55:00Z,19,8,10,3,NA,3,1,1
2020-04-10T20:00:00Z,2,7.5,5.5,8,NA,8.5,0.25,4
2020-04-10T20:00:00Z,3,10,10,7,9,1,0,1
2020-04-10T20:00:00Z,6,4,4,10,0,5,0,1
2020-04-10T20:00:00Z,9,5,3,2,6,2,0,1
2020-04-10T20:00:00Z,12,1,8,1,NA,10,0,1
2020-04-10T20:00:00Z,13,10,9,1,NA,10,0,1
2020-04-10T20:05:00Z,2,4,3,2,NA,4,0,1
2020-04-10T20:05:00Z,5,10,10,3,10,3,1,1
2020-04-10T20:05:00Z,8,8,3,7,NA,8,0,1
2020-04-10T20:05:00Z,9,7,4,3,7,7,0,1
2020-04-10T20:05:00Z,15,6,0,9,NA,10,0,1
2020-04-10T20:05:00Z,19,4,1,9,NA,5,0,1
2020-04-10T20:10:00Z,2,1,8,5,NA,10,0,1
2020-04-10T20:10:00Z,3,1,0,2,1,8,0,1
2020-04-10T20:10:00Z,9,2,4.5,3,4,0,0.5,2
2020-04-10T20:10:00Z,11,5.5,6.5,4.5,6.5,2,0,2
2020-04-10T20:10:00Z,12,8,0,1,NA,5,0,1
2020-04-10T20:10:00Z,15,10,5,5,NA,4,0,1
2020-04-10T20:15:00Z,3,5,4.5,5,7,6,0,2
2020-04-10T20:15:00Z,6,5,2,2,4,7,0,1
2020-04-10T20:15:00Z,8,5.666666666666667,8,5,NA,4.666666666666667,0,3
2020-04-10T20:15:00Z,9,3,9,6,4,2,0,1
2020-04-10T20:15:00Z,15,6,1,4,NA,9,0,1
2020-04-10T20:20:00Z,2,4,3.5,5,NA,8,0,2
2020-04-10T20:20:00Z,3,7,5.5,6.5,2,5.5,0.5,2
2020-04-10T20:20:00Z,6,5.333333333333333,5,3,1,4.333333333333333,0,3
2020-04-10T20:20:00Z,11,2,0,9,9,2,0,1
2020-04-10T20:20:00Z,15,6,1,10,NA,6,0,1
2020-04-10T20:20:00Z,16,7,9,4.5,3,7.5,0,2
2020-04-10T20:20:00Z,19,7,10,6,NA,6,0,1
2020-04-10T20:25:00Z,2,8,2,0,NA,10,0,1
2020-04-10T20:25:00Z,3,0,10,9,5,10,0,1
2020-04-10T20:25:00Z,5,5,9,10,5,0,0,1
2020-04-10T20:25:00Z,6,0,0,10,0,9,0,1
2020-04-10T20:25:00Z,8,5,3,5,NA,8,0,1
2020-04-10T20:25:00Z,9,0,7,1,5,2,0,1
2020-04-10T20:30:00Z,6,5.5,5,2.5,2.5,6,0,2
2020-04-10T20:30:00Z,8,9,3,1,NA,7,0,1
2020-04-10T20:30:00Z,9,7,10,2,1,1,0,1
2020-04-10T20:35:00Z,2,8,4,7,NA,2,0,1
2020-04-10T20:35:00Z,4,3,4,3.5,NA,5.5,0,2
2020-04-10T20:35:00Z,5,4.5,9.5,6.5,4.5,3,0,2
2020-04-10T20:35:00Z,6,1,6,1,0,6,0,1
2020-04-10T20:35:00Z,8,10,2,2,NA,6,0,1
2020-04-10T20:35:00Z,9,8,5,4,0,10,0,1
2020-04-10T20:40:00Z,5,4,4,7,4,10,0,1
2020-04-10T20:40:00Z,11,4,3,10,4,6,0,1
2020-04-10T20:40:00Z,16,10,6,1,10,9,0,1
2020-04-10T20:45:00Z,1,4,4,10,10,10,0,1
2020-04-10T20:45:00Z,2,0,4,2,NA,6,0,1
2020-04-10T20:45:00Z,3,2,4,7,9,6,0,1
2020-04-10T20:45:00Z,6,9,0,6,8,10,1,1
2020-04-10T20:45:00Z,8,6,4,6,NA,4.5,0,2
2020-04-10T20:45:00Z,12,8,3,4,NA,10,0.5,2
2020-04-10T20:45:00Z,15,0,9,6,NA,10,0,1
2020-04-10T20:50:00Z,2,2,7,3,NA,4,0,1
2020-04-10T20:50:00Z,3,0,0,1,1,8,1,1
2020-04-10T20:50:00Z,8,10,10,7,NA,8,0,1
2020-04-10T20:50:00Z,9,9,2,1,5,10,0,1
2020-04-10T20:50:00Z,12,5.5,7,8,NA,8,0.5,2
2020-04-10T20:50:00Z,15,9,1,1,NA,5,0,1
2020-04-10T20:50:00Z,18,2,1,10,NA,10,1,1
2020-04-10T20:55:00Z,3,2,5,8,0,5,0,1
2020-04-10T20:55:00Z,6,4,4,6,0,2,0,1
2020-04-10T20:55:00Z,7,NA,10,0,NA,NA,0,1
2020-04-10T20:55:00Z,8,2.6666666666666665,7.333333333333333,5.333333333333333,NA,5.333333333333333,0,3
2020-04-10T20:55:00Z,9,4.25,4.25,7.25,5.25,2.25,0,4
2020-04-10T20:55:00Z,15,7.5,8,7,NA,4.5,0,2
2020-04-10T20:55:00Z,16,1,4,0,1,10,1,1
2020-04-10T21:00:00Z,2,4.666666666666667,2.3333333333333335,4,NA,9.333333333333334,0,3
2020-04-10T21:00:00Z,5,2,8,3,10,6,0,1
2020-04-10T21:00:00Z,6,4,4,5,10,8,0,1
2020-04-10T21:00:00Z,8,5,6,0,NA,6,0,1
2020-04-10T21:00:00Z,10,1,9,10,NA,8,0,1
2020-04-10T21:00:00Z,15,0,2,8,NA,10,0,1
2020-04-10T21:00:00Z,18,0,5,3,NA,5,0,1
2020-04-10T21:05:00Z,1,8,4,6,5,1,0,1
2020-04-10T21:05:00Z,8,5,4,7,NA,7,0,1
2020-04-10T21:05:00Z,9,5,0,2,5,10,0,1
2020-04-10T21:05:00Z,10,8,1,2,NA,6,0,1
2020-04-10T21:05:00Z,14,10,7,0,NA,8,0,1
2020-04-10T21:05:00Z,15,8,5,5.5,NA,4.5,0,2
2020-04-10T21:05:00Z,18,6,5,7,NA,6.5,0,2
2020-04-10T21:05:00Z,19,3,6,9,NA,6,0,1
2020-04-10T21:10:00Z,1,6,1,7,8,6,0,1
2020-04-10T21:10:00Z,2,10,8,8,NA,2,0,1
2020-04-10T21:10:00Z,3,10,10,2,6,7,0,1
2020-04-10T21:10:00Z,6,3,7,2,10,5,0,1
2020-04-10T21:10:00Z,8,9.5,5.5,3,NA,3.5,0.5,2
2020-04-10T21:10:00Z,10,5,7,2,NA,0,0,1
2020-04-10T21:10:00Z,17,1,1,9,NA,6,1,1
2020-04-10T21:10:00Z,18,2,5,7.5,NA,9,0.5,2
2020-04-10T21:15:00Z,1,7,9,10,10,8,0,1
2020-04-10T21:15:00Z,3,6,10,10,5,10,0,1
2020-04-10T21:15:00Z,6,10,1,10,8,5,0,1
2020-04-10T21:15:00Z,9,10,8,1,1,0,0,1
2020-04-10T21:15:00Z,13,5,5,1,NA,5,0,1
2020-04-10T21:15:00Z,14,10,9,10,NA,6,0,1
2020-04-10T21:15:00Z,15,4.5,8.5,8.5,NA,5,0.5,2
2020-04-10T21:20:00Z,1,1,0,1,6,5,0,1
2020-04-10T21:20:00Z,3,8,6,8,10,4,0,1
2020-04-10T21:20:00Z,5,6,2,6,10,8,0,1
2020-04-10T21:20:00Z,6,0,10,9,5,7,0,1
2020-04-10T21:20:00Z,8,1,0,9,NA,2,0,1
2020-04-10T21:20:00Z,15,10,10,3,NA,1,0,1
2020-04-10T21:25:00Z,1,10,6,3,4,5,0,1
2020-04-10T21:25:00Z,2,9,9,1,NA,10,0,1
2020-04-10T21:25:00Z,6,4,5,4,5,5,1,1
2020-04-10T21:25:00Z,15,3,5,9,NA,7.5,0,2
2020-04-10T21:25:00Z,17,5,8,0,NA,5,0,1
2020-04-10T21:25:00Z,18,2,2,2,NA,10,0,1
2020-04-10T21:30:00Z,2,9,1,4,NA,2,0,1
2020-04-10T21:30:00Z,3,5,2,6,2,2,0,1
2020-04-10T21:30:00Z,6,3,3,9,3.5,1,0,2
2020-04-10T21:30:00Z,8,8,3.6666666666666665,7.333333333333333,9,6,0,3
2020-04-10T21:30:00Z,10,10,6,6,NA,10,0,1
2020-04-10T21:35:00Z,2,5.5,6,2.5,NA,8,0,2
2020-04-10T21:35:00Z,5,1,3,1,2,9,0,1
2020-04-10T21:35:00Z,6,10,9,9,7,9,0,1
2020-04-10T21:35:00Z,9,2,3,10,8,9,0,1
2020-04-10T21:35:00Z,10,6,2,3,NA,10,0,1
2020-04-10T21:35:00Z,15,5,0,0,NA,9,0,1
2020-04-10T21:35:00Z,16,4,9,1,7,10,0,1
2020-04-10T21:35:00Z,19,7.5,2,5,NA,8,0,2
2020-04-10T21:40:00Z,3,0,6,6,2,8,0,1
2020-04-10T21:40:00Z,9,5,6.5,6,7.5,0.5,0,2
2020-04-10T21:40:00Z,12,4,5,7,6,0,0,1
2020-04-10T21:40:00Z,16,3,8,6,8,1,1,1
2020-04-10T21:45:00Z,2,8,0,8,NA,9,1,1
2020-04-10T21:45:00Z,6,4,5,2,1,10,0,1
2020-04-10T21:45:00Z,8,5.5,3.5,8,NA,8.5,0,2
2020-04-10T21:45:00Z,9,4,6,4,8.5,1.5,0,2
2020-04-10T21:45:00Z,15,0,7,3,NA,9,0,1
2020-04-10T21:50:00Z,1,5,6,4,8,2,0,1
2020-04-10T21:50:00Z,2,10,2,8,NA,6,0,1
2020-04-10T21:50:00Z,8,3,10,2,NA,6,0,1
2020-04-10T21:50:00Z,11,0,9,9,9,8,0,1
2020-04-10T21:50:00Z,15,5,9,5,NA,7,0,1
2020-04-10T21:55:00Z,2,10,10,2,NA,2,0,1
2020-04-10T21:55:00Z,3,3,10,4,6,4,0,1
2020-04-10T21:55:00Z,4,10,7,7,NA,3,0,1
2020-04-10T21:55:00Z,6,0,5,8,9,8,0,1
2020-04-10T21:55:00Z,11,3,9,1,7,2,0,1
2020-04-10T21:55:00Z,16,4,3,3,0,9,0,1
2020-04-10T21:55:00Z,18,0,5,9,NA,3,0,1
2020-04-10T22:00:00Z,2,4.666666666666667,3,4.333333333333333,NA,7,0,3
2020-04-10T22:00:00Z,3,3.5,3,6.5,0.5,3.5,0,2
2020-04-10T22:00:00Z,9,1,8,7,7.5,7,0,2
2020-04-10T22:00:00Z,15,1.5,5,8,NA,5.5,0,2
2020-04-10T22:00:00Z,16,10,4,7,10,8,0,1
2020-04-10T22:00:00Z,18,1,9.5,6.5,NA,5,0,2
2020-04-10T22:05:00Z,6,10,2,1,4,8,0,1
2020-04-10T22:05:00Z,8,5,1,3,NA,5,0,2
2020-04-10T22:05:00Z,9,8,0,6,0,6,0,1
2020-04-10T22:05:00Z,11,7,9,0,8,6,1,1
2020-04-10T22:05:00Z,13,10,10,10,NA,2,0,1
2020-04-10T22:05:00Z,15,4.5,6.5,7,NA,5,0,2
2020-04-10T22:05:00Z,18,6,4,7,NA,3,1,1
2020-04-10T22:10:00Z,3,1,4,7,4,1,0,1
2020-04-10T22:10:00Z,9,4.333333333333333,6,6.666666666666667,2.3333333333333335,6,0.3333333333333333,3
2020-04-10T22:10:00Z,15,6,8,9.5,NA,4,0.5,2
2020-04-10T22:10:00Z,18,3,8,10,NA,1,0,1
2020-04-10T22:15:00Z,6,6,3,7.5,4,3,0,2
2020-04-10T22:15:00Z,8,5.5,0.5,6.5,NA,1.5,0.5,2
2020-04-10T22:15:00Z,9,8,10,10,0,1,0,1
2020-04-10T22:15:00Z,13,8,6,5,NA,2.5,0,2
2020-04-10T22:15:00Z,14,2,1,10,NA,4,1,1
2020-04-10T22:15:00Z,15,4,2,10,NA,3.5,0,2
2020-04-10T22:15:00Z,16,7,6,9,6,1,0,1
2020-04-10T22:20:00Z,2,10,2,0,NA,10,0,1
2020-04-10T22:20:00Z,6,10,7,10,1,2,1,1
2020-04-10T22:20:00Z,8,9,0,1,NA,1,0,1
2020-04-10T22:20:00Z,9,2,0,2,10,1,1,1
2020-04-10T22:20:00Z,14,7,9,7,NA,10,0,1
2020-04-10T22:20:00Z,16,10,9,1,0,5,1,1
2020-04-10T22:20:00Z,19,7,6,0,NA,10,0,1
2020-04-10T22:25:00Z,2,10,5,1,NA,3,0,1
2020-04-10T22:25:00Z,3,10,10,8,3,9,0,1
2020-04-10T22:25:00Z,8,5,1,10,NA,5,0,1
2020-04-10T22:25:00Z,9,10,1,2,3,1,0,1
2020-04-10T22:25:00Z,13,7,9,3,NA,7,0,1
2020-04-10T22:25:00Z,15,7,8,1,NA,4,0,2
2020-04-10T22:25:00Z,18,0,10,0,NA,10,0,1
2020-04-10T22:30:00Z,2,6,9,10,NA,2,0,1
2020-04-10T22:30:00Z,3,10,3,3,8,5,0,1
2020-04-10T22:30:00Z,4,10,0,2,NA,1,0,1
2020-04-10T22:30:00Z,6,1,10,10,0,8,0,1
2020-04-10T22:30:00Z,15,10,9,9,NA,7,0,1
2020-04-10T22:30:00Z,18,10,1,1,NA,4,0,1
2020-04-10T22:35:00Z,1,3,9,8,5,1,1,1
2020-04-10T22:35:00Z,6,7,10,3,6,9,0,2
2020-04-10T22:35:00Z,8,1,4,6,NA,9,0,1
2020-04-10T22:35:00Z,19,10,10,8,NA,5,0,1
2020-04-10T22:40:00Z,5,8,1,9,6,7,1,1
2020-04-10T22:40:00Z,13,2,9,0,NA,6,0,1
2020-04-10T22:40:00Z,15,5,4,10,NA,8,0,1
2020-04-10T22:40:00Z,17,7,5,6,NA,2,0,1
2020-04-10T22:45:00Z,2,2,2.5,3,NA,6,0,2
2020-04-10T22:45:00Z,3,4.5,3,4,3.5,6.5,0,2
2020-04-10T22:45:00Z,5,9,3.5,6.5,5.5,8,0,2
2020-04-10T22:45:00Z,12,3,6,6,NA,0,0,1
2020-04-10T22:50:00Z,1,1,9,4,10,9,0,1
2020-04-10T22:50:00Z,2,5.5,4,9,NA,4.5,0.5,2
2020-04-10T22:50:00Z,3,8,9,1,5,10,0,1
2020-04-10T22:50:00Z,5,1,3,7,4,9,0,1
2020-04-10T22:50:00Z,6,4.5,6,7.5,7.5,5,0,2
2020-04-10T22:50:00Z,9,6.5,4,2,5.5,0,0,2
2020-04-10T22:55:00Z,3,10,9,10,10,7,0,1
2020-04-10T22:55:00Z,6,4.5,3.5,9.5,7,4.5,0.5,2
2020-04-10T22:55:00Z,9,8,5.5,4,9,3.5,0,2
2020-04-10T23:00:00Z,5,5,1,10,4,4,0,1
2020-04-10T23:00:00Z,8,5.75,4.5,3.25,NA,7.5,0.25,4
2020-04-10T23:00:00Z,9,2,1,7,3,10,0,1
2020-04-10T23:00:00Z,15,2,2,3,NA,4,0,1
2020-04-10T23:05:00Z,3,4,10,10,9,4,0,1
2020-04-10T23:05:00Z,4,10,1,2,NA,6,0,1
2020-04-10T23:05:00Z,8,8,10,5,NA,10,0,1
2020-04-10T23:05:00Z,9,5,7.5,8,5,3.5,0.5,2
2020-04-10T23:05:00Z,10,4,6.5,7.5,NA,4,0,2
2020-04-10T23:05:00Z,11,2,4,10,5,10,0,1
2020-04-10T23:05:00Z,12,6,2,9,NA,2,0,1
2020-04-10T23:05:00Z,15,3,2,9,NA,0,0,1
2020-04-10T23:05:00Z,16,3,10,7,7,4,0,1
2020-04-10T23:05:00Z,19,3,4,8,NA,2,0,1
2020-04-10T23:10:00Z,5,0,6,4,7,5,0,1
2020-04-10T23:10:00Z,9,0,1.5,2.5,3,3.5,0,2
2020-04-10T23:10:00Z,13,5,10,6,NA,4,0,1
2020-04-10T23:10:00Z,14,6.5,8.5,7,NA,4.5,0,2
2020-04-10T23:10:00Z,18,10,3,9,NA,7,0,1
2020-04-10T23:15:00Z,2,4,9,10,NA,4,0,1
2020-04-10T23:15:00Z,8,3.5,4.5,7.5,NA,0.5,0,2
2020-04-10T23:15:00Z,19,1,2,8,NA,10,0,1
2020-04-10T23:20:00Z,3,6,10,3,1,1,0,1
2020-04-10T23:20:00Z,6,0,9,4,7,7,0,1
2020-04-10T23:20:00Z,14,10,2,5,NA,9,0,1
2020-04-10T23:20:00Z,15,8.5,5,1.5,NA,6.5,0,2
2020-04-10T23:20:00Z,16,4,6,3,2,7,0,1
2020-04-10T23:25:00Z,2,9,1,2,NA,0,0,1
2020-04-10T23:25:00Z,4,1,0,3,NA,9,0,1
2020-04-10T23:25:00Z,5,3,7,6.666666666666667,5.666666666666667,9,0.3333333333333333,3
2020-04-10T23:25:00Z,6,6,6.5,8,6,7,0,2
2020-04-10T23:25:00Z,9,3.5,4.5,6.5,5,8,0.5,2
2020-04-10T23:25:00Z,15,4,2,3,NA,5,0,3
2020-04-10T23:25:00Z,16,1.5,3.5,2,3,8.5,0,2
2020-04-10T23:25:00Z,18,9,7,7,NA,5,0,1
2020-04-10T23:25:00Z,19,6,4,9,NA,1,1,1
2020-04-10T23:30:00Z,2,9.5,6,4,NA,6.5,0,2
2020-04-10T23:30:00Z,3,8,9,4,7,4,0,1
2020-04-10T23:30:00Z,6,8.5,2.5,0.5,6,2,0,2
2020-04-10T23:30:00Z,9,0,10,1,3,10,0,1
2020-04-10T23:30:00Z,15,9,0,4,NA,2,0,1
2020-04-10T23:30:00Z,18,7,7,1,NA,2,1,1
2020-04-10T23:35:00Z,3,3,0,1,10,3,0,1
2020-04-10T23:35:00Z,5,0,10,3,6,3,0,1
2020-04-10T23:35:00Z,6,5,7.5,6.5,4,8,0,2
2020-04-10T23:35:00Z,9,2,0,9,4,8,0,1
2020-04-10T23:35:00Z,10,1,5,5,NA,7,0,1
2020-04-10T23:35:00Z,12,4,4,1,NA,5,0,1
2020-04-10T23:35:00Z,15,2,4,4,NA,2,0,1
2020-04-10T23:35:00Z,17,9,4.5,4.5,NA,4.5,0,2
2020-04-10T23:40:00Z,2,10,1,7,NA,3,0,1
2020-04-10T23:40:00Z,5,10,10,9,4,7,0,1
2020-04-10T23:40:00Z,6,3,4,5,2,8,0,1
2020-04-10T23:40:00Z,9,8,10,1,1,8,1,1
2020-04-10T23:45:00Z,2,7,3,10,NA,5,0,1
2020-04-10T23:45:00Z,6,9,2,3,0,4,0,1
2020-04-10T23:45:00Z,8,1,6,0,NA,4,0,1
2020-04-10T23:45:00Z,10,3,0,7,NA,2,0,1
2020-04-10T23:45:00Z,15,9,10,5,NA,9,1,1
2020-04-10T23:45:00Z,16,0,8,1,2,8,0,1
2020-04-10T23:50:00Z,1,4,2,3,1,7,0,1
2020-04-10T23:50:00Z,3,6.5,4,2,7.5,5.5,0.5,2
2020-04-10T23:50:00Z,9,2,6,4,3,0,0,1
2020-04-10T23:50:00Z,15,8,8,6,NA,3,0,1
2020-04-10T23:50:00Z,16,0,5,1,9,10,0,1
2020-04-10T23:50:00Z,17,0,8,5,NA,9,0,1
2020-04-10T23:55:00Z,8,9,0,6,NA,6.5,0,2
2020-04-10T23:55:00Z,9,9,3,6,10,3,0,1
2020-04-10T23:55:00Z,10,3,10,9,NA,0,0,1
2020-04-10T23:55:00Z,14,7,10,9,NA,10,0,1
2020-04-10T23:55:00Z,15,10,4,9,NA,0,0,1
2020-04-11T00:00:00Z,2,6,1.5,5,NA,4.5,0,2
2020-04-11T00:00:00Z,6,7,7,8,10,10,0,1
2020-04-11T00:00:00Z,13,4,9,7,NA,7,0,1
2020-04-11T00:00:00Z,15,5,1,3,NA,2,0,1
2020-04-11T00:00:00Z,18,5,9,6,NA,2,0,1
