time_5min,location,sewer_and_water,power,roads_and_bridges,medical,buildings,shake_intensity,count,phase
2020-04-06T00:00:00Z,2,2,8,5,NA,3,0,1,pre-quake
2020-04-06T00:00:00Z,3,6,3,10,10,9,0,1,pre-quake
2020-04-06T00:00:00Z,4,9,1.5,9.5,NA,6.5,0.5,2,pre-quake
2020-04-06T00:00:00Z,8,9,7,5,NA,4,0,1,pre-quake
2020-04-06T00:00:00Z,15,6,2,9,NA,4,1,1,pre-quake
2020-04-06T00:00:00Z,17,2,4,1,NA,4,0,1,pre-quake
2020-04-06T00:00:00Z,18,9,7,4,NA,8,0,1,pre-quake
2020-04-06T00:05:00Z,2,10,10,3,NA,10,0,1,pre-quake
2020-04-06T00:05:00Z,5,6,2,0,7,9,0,1,pre-quake
2020-04-06T00:05:00Z,6,10,3,8,4,1,0,1,pre-quake
2020-04-06T00:05:00Z,8,3.6,5.6,4,NA,5.4,0,5,pre-quake
2020-04-06T00:05:00Z,13,10,1,4,NA,3,0,1,pre-quake
2020-04-06T00:05:00Z,14,10,4,1,NA,1,0,1,pre-quake
2020-04-06T00:05:00Z,15,7,9,10,NA,3,0,1,pre-quake
2020-04-06T00:05:00Z,19,4,3,8,NA,10,0,1,pre-quake
2020-04-06T00:10:00Z,2,1,7,1,NA,2,0,1,pre-quake
2020-04-06T00:10:00Z,3,5,9,10,7,0,1,1,pre-quake
2020-04-06T00:10:00Z,4,6,5,9,NA,7.5,0,2,pre-quake
2020-04-06T00:10:00Z,5,3,4,3,9,4,0,1,pre-quake
2020-04-06T00:10:00Z,6,0.6666666666666666,7,1.3333333333333333,6.666666666666667,9,0.3333333333333333,3,pre-quake
2020-04-06T00:10:00Z,12,0,2,10,NA,5,0,1,pre-quake
2020-04-06T00:10:00Z,18,2,6,1,NA,3,0,1,pre-quake
2020-04-06T00:10:00Z,19,8,10,1,NA,3,1,1,pre-quake
2020-04-06T00:15:00Z,3,4,7,5,0,9,0,1,pre-quake
2020-04-06T00:15:00Z,6,8,3,1,7,10,0,1,pre-quake
2020-04-06T00:15:00Z,8,7,5,7.75,NA,6,0,4,pre-quake
2020-04-06T00:15:00Z,12,10,4,7,NA,2,0,1,pre-quake
2020-04-06T00:20:00Z,3,0,7,10,10,1,0,1,pre-quake
2020-04-06T00:20:00Z,6,10,3,10,9,0,0,1,pre-quake
2020-04-06T00:20:00Z,15,0,5,4,NA,8,0,1,pre-quake
2020-04-06T00:20:00Z,16,7,5,4,3,9,0,1,pre-quake
2020-04-06T00:25:00Z,3,4,3,7,4,3,0,2,pre-quake
2020-04-06T00:25:00Z,6,1,5,4,1,8,0,1,pre-quake
2020-04-06T00:25:00Z,8,1.5,7,5.5,NA,3,0,2,pre-quake
2020-04-06T00:25:00Z,15,7.5,2,2.5,NA,3,0,2,pre-quake
2020-04-06T00:25:00Z,17,2,0,7,NA,9,0,1,pre-quake
2020-04-06T00:30:00Z,4,10,3,6,NA,3,0,1,pre-quake
2020-04-06T00:30:00Z,18,2,4,4,NA,3,0,1,pre-quake
2020-04-06T00:30:00Z,19,9,10,6,NA,0,1,1,pre-quake
2020-04-06T00:35:00Z,1,2,10,3,5,5,0,1,pre-quake
2020-04-06T00:35:00Z,2,4.5,6.5,4.5,NA,6,0.5,2,pre-quake
2020-04-06T00:35:00Z,3,7.5,4.5,8.5,6,2.5,0,2,pre-quake
2020-04-06T00:35:00Z,9,8,9,1,6,7,0,1,pre-quake
2020-04-06T00:35:00Z,17,2,0,3,NA,4,0,1,pre-quake
2020-04-06T00:40:00Z,2,6,6,1.5,NA,2.5,0.5,2,pre-quake
2020-04-06T00:40:00Z,3,10,2,5,6,3,0,2,pre-quake
2020-04-06T00:40:00Z,5,2.5,4.5,5.5,4,7,0,2,pre-quake
2020-04-06T00:40:00Z,6,10,5,2.5,5,7,0,2,pre-quake
2020-04-06T00:40:00Z,19,4,5,7,NA,3,1,1,pre-quake
2020-04-06T00:45:00Z,2,9.5,7,1.5,NA,6.5,0,2,pre-quake
2020-04-06T00:45:00Z,6,10,4,8,1,0,0,1,pre-quake
2020-04-06T00:45:00Z,8,0,7,6,NA,0,0,1,pre-quake
2020-04-06T00:45:00Z,9,4,4,8,2,5,0,1,pre-quake
2020-04-06T00:50:00Z,2,8,10,10,NA,0,0,1,pre-quake
2020-04-06T00:50:00Z,3,0,4,3,10,3,0,1,pre-quake
2020-04-06T00:50:00Z,5,9,1,2,5,1,0,1,pre-quake
2020-04-06T00:50:00Z,9,7,0,9,3,9,0,1,pre-quake
2020-04-06T00:50:00Z,14,3,2.5,5,NA,6,0,2,pre-quake
2020-04-06T00:50:00Z,15,9,7,1,NA,9,0,1,pre-quake
2020-04-06T00:50:00Z,19,9,0,9,NA,9,1,1,pre-quake
2020-04-06T00:55:00Z,2,8,4,7,NA,6,0,1,pre-quake
2020-04-06T00:55:00Z,4,9,0,1,NA,5,0,1,pre-quake
2020-04-06T00:55:00Z,6,7,5,5,7,3,1,1,pre-quake
2020-04-06T00:55:00Z,14,7,8,4,NA,1,0,1,pre-quake
2020-04-06T00:55:00Z,15,7.5,5.25,7.75,NA,4.25,0,4,pre-quake
2020-04-06T00:55:00Z,19,6,2,2,0,1,0,1,pre-quake
2020-04-06T01:00:00Z,3,0,3,5,2,7,0,1,pre-quake
2020-04-06T01:00:00Z,6,5.5,8,7,3.5,6,0,2,pre-quake
2020-04-06T01:00:00Z,9,8.5,7,4,4.5,4,0,2,pre-quake
2020-04-06T01:00:00Z,12,10,10,10,NA,10,0,1,pre-quake
2020-04-06T01:00:00Z,14,9,6,5,NA,3.5,0,2,pre-quake
2020-04-06T01:00:00Z,15,10,3,5,NA,0,0,1,pre-quake
2020-04-06T01:05:00Z,2,6.5,4.5,2,NA,8,0.5,2,pre-quake
2020-04-06T01:05:00Z,6,7,2,3,6,10,0,1,pre-quake
2020-04-06T01:05:00Z,9,7,9,10,0,1,0,1,pre-quake
2020-04-06T01:05:00Z,11,5,10,7,10,5,0,1,pre-quake
2020-04-06T01:05:00Z,12,0,10,4,NA,9,0,1,pre-quake
2020-04-06T01:05:00Z,15,0,5,0,NA,2,0,1,pre-quake
2020-04-06T01:10:00Z,3,0.5,5.5,5,5,5.5,0,2,pre-quake
2020-04-06T01:10:00Z,6,7,5,5,7,4.5,0,2,pre-quake
2020-04-06T01:10:00Z,8,10,6,7,NA,10,0,1,pre-quake
2020-04-06T01:10:00Z,9,1,6,4,10,6,0,1,pre-quake
2020-04-06T01:10:00Z,13,7,3,9,NA,8,0,1,pre-quake
2020-04-06T01:10:00Z,16,10,4,5,8,7,0,2,pre-quake
2020-04-06T01:15:00Z,2,10,2,10,NA,8,0,1,pre-quake
2020-04-06T01:15:00Z,3,6,10,3,2,4,0,1,pre-quake
2020-04-06T01:15:00Z,6,4.333333333333333,4.666666666666667,4.333333333333333,5.333333333333333,3,0,3,pre-quake
2020-04-06T01:15:00Z,8,6.25,2.75,4.25,NA,5.75,0,4,pre-quake
2020-04-06T01:15:00Z,9,8,9,1,3,1,0,1,pre-quake
2020-04-06T01:15:00Z,13,5,8.5,7,NA,5.5,0,2,pre-quake
2020-04-06T01:15:00Z,14,4,10,5,NA,10,0,1,pre-quake
2020-04-06T01:15:00Z,18,1,5,9,NA,10,0,1,pre-quake
2020-04-06T01:20:00Z,1,10,7,6,7,3,0,1,pre-quake
2020-04-06T01:20:00Z,2,10,3,0,NA,3,0,1,pre-quake
2020-04-06T01:20:00Z,3,6,4,8,9,10,0,1,pre-quake
2020-04-06T01:20:00Z,9,0,7,2,2,4,0,1,pre-quake
2020-04-06T01:20:00Z,11,10,0,7,6,6,0,1,pre-quake
2020-04-06T01:20:00Z,15,4,9,10,NA,6,1,1,pre-quake
2020-04-06T01:25:00Z,1,5,0,6,3,6,1,1,pre-quake
2020-04-06T01:25:00Z,9,6,2,7,3,8,0,1,pre-quake
2020-04-06T01:25:00Z,12,10,5,2,NA,4,0,1,pre-quake
2020-04-06T01:25:00Z,14,4.5,7.5,6,NA,2.5,0,2,pre-quake
2020-04-06T01:25:00Z,18,4,10,10,NA,10,0,1,pre-quake
2020-04-06T01:30:00Z,3,5,10,7,6,5,0,1,pre-quake
2020-04-06T01:30:00Z,6,2,1,2,8,7,0,1,pre-quake
2020-04-06T01:30:00Z,11,10,4,2,6,7,0,1,pre-quake
2020-04-06T01:30:00Z,19,8,7,1,NA,2,0,1,pre-quake
2020-04-06T01:35:00Z,1,9,10,2,4,0,0,1,pre-quake
2020-04-06T01:35:00Z,5,2,3,5,4,10,0,1,pre-quake
2020-04-06T01:35:00Z,6,6,3,10,7,2,0,1,pre-quake
2020-04-06T01:35:00Z,11,2,9,10,10,4,0,1,pre-quake
2020-04-06T01:35:00Z,12,1,10,7,NA,3,0,1,pre-quake
2020-04-06T01:35:00Z,18,2,10,7,NA,8,0,1,pre-quake
2020-04-06T01:40:00Z,2,5,3,6,NA,4,0,1,pre-quake
2020-04-06T01:40:00Z,3,1,4.5,5,6.5,5.5,0,2,pre-quake
2020-04-06T01:40:00Z,10,1,7,7,NA,7,0,1,pre-quake
2020-04-06T01:40:00Z,15,5.5,9,5,NA,6,0.5,2,pre-quake
2020-04-06T01:45:00Z,2,4.5,2,4,NA,5.5,0.5,2,pre-quake
2020-04-06T01:45:00Z,3,6.5,0,7.5,3.5,5.5,0,2,pre-quake
2020-04-06T01:45:00Z,8,8,8,10,NA,10,0,1,pre-quake
2020-04-06T01:50:00Z,2,6,3,9,NA,0,1,1,pre-quake
2020-04-06T01:50:00Z,3,9,2.5,6,3.5,9,0,2,pre-quake
2020-04-06T01:50:00Z,5,9,7,0,5,5,0,1,pre-quake
2020-04-06T01:50:00Z,8,5.666666666666667,4,7.333333333333333,NA,7.333333333333333,0.3333333333333333,3,pre-quake
2020-04-06T01:50:00Z,9,4,1,6,7,10,0,1,pre-quake
2020-04-06T01:50:00Z,19,8,7,3,NA,8,0,1,pre-quake
2020-04-06T01:55:00Z,2,4,1,7,NA,4,0,1,pre-quake
2020-04-06T01:55:00Z,8,6,4.5,0.5,NA,10,0,2,pre-quake
2020-04-06T01:55:00Z,9,5.25,4.5,5.5,5.25,7.5,0,4,pre-quake
2020-04-06T01:55:00Z,15,7,5.5,4,NA,3.5,0,2,pre-quake
2020-04-06T01:55:00Z,18,10,1,6,NA,0,0,1,pre-quake
2020-04-06T02:00:00Z,1,6,1,0,10,10,0,1,pre-quake
2020-04-06T02:00:00Z,19,10,2,9,NA,1,0,1,pre-quake
2020-04-06T02:05:00Z,2,1.5,8.5,5.5,NA,5,0,2,pre-quake
2020-04-06T02:05:00Z,4,10,8,8,NA,0,0,1,pre-quake
2020-04-06T02:05:00Z,9,9,10,5,10,1,0,1,pre-quake
2020-04-06T02:05:00Z,11,7.5,5,9,3,5.5,0,2,pre-quake
2020-04-06T02:05:00Z,14,1,5,1,NA,0,0,1,pre-quake
2020-04-06T02:05:00Z,15,5.5,6.5,9,NA,9,0,2,pre-quake
2020-04-06T02:10:00Z,2,6,9,5,NA,5,0,1,pre-quake
2020-04-06T02:10:00Z,3,10,0,2,0,6,0,1,pre-quake
2020-04-06T02:10:00Z,6,3,4,0,2,10,0,1,pre-quake
2020-04-06T02:10:00Z,8,9,2.5,8,NA,9.5,0,2,pre-quake
2020-04-06T02:10:00Z,15,0,3,9,NA,9,0,1,pre-quake
2020-04-06T02:15:00Z,1,6,9,4.5,7.5,5.5,0,2,pre-quake
2020-04-06T02:15:00Z,6,9,7,6.5,6.5,3.5,0,2,pre-quake
2020-04-06T02:15:00Z,8,7,8,10,NA,6,0,1,pre-quake
2020-04-06T02:15:00Z,10,8,10,4,NA,6,0,1,pre-quake
2020-04-06T02:15:00Z,13,9,7,10,NA,0,0,1,pre-quake
2020-04-06T02:15:00Z,15,4,0,0,NA,10,0,1,pre-quake
2020-04-06T02:15:00Z,18,10,10,5,NA,0,0,1,pre-quake
2020-04-06T02:20:00Z,1,3,0,10,10,6,0,1,pre-quake
2020-04-06T02:20:00Z,2,2,4,4,NA,2,0,1,pre-quake
2020-04-06T02:20:00Z,3,3.5,3.5,3.5,6.5,1.5,0,2,pre-quake
2020-04-06T02:20:00Z,6,7.5,7.5,7.5,3,10,0,2,pre-quake
2020-04-06T02:20:00Z,9,10,10,0,2,10,0,1,pre-quake
2020-04-06T02:20:00Z,12,6,10,10,NA,1,0,1,pre-quake
2020-04-06T02:25:00Z,1,4,9,3.5,7.5,7,0,2,pre-quake
2020-04-06T02:25:00Z,3,4,10,10,5,3,0,1,pre-quake
2020-04-06T02:25:00Z,4,10,10,8,NA,10,0,1,pre-quake
2020-04-06T02:25:00Z,10,5,0,10,NA,7,0,1,pre-quake
2020-04-06T02:25:00Z,11,10,7,7,9,9,1,1,pre-quake
2020-04-06T02:25:00Z,14,8,10,10,NA,2,0,1,pre-quake
2020-04-06T02:25:00Z,19,9,6,9,NA,0,0,1,pre-quake
2020-04-06T02:30:00Z,1,5,0,4,4,10,0,1,pre-quake
2020-04-06T02:30:00Z,3,7,0,4,8,3,0,1,pre-quake
2020-04-06T02:30:00Z,8,3,1,5,NA,8,0,1,pre-quake
2020-04-06T02:30:00Z,9,10,1,4,3,8,0,1,pre-quake
2020-04-06T02:30:00Z,12,7,10,7,NA,10,1,1,pre-quake
2020-04-06T02:30:00Z,19,5,6,2,NA,10,0,1,pre-quake
2020-04-06T02:35:00Z,4,5,8,2,NA,10,0,1,pre-quake
2020-04-06T02:35:00Z,6,1,4,2.5,3.5,8.5,0,2,pre-quake
2020-04-06T02:35:00Z,8,3.5,7.5,3,NA,3.75,0.25,4,pre-quake
2020-04-06T02:35:00Z,9,5,8,7,7.5,4.5,0,2,pre-quake
2020-04-06T02:35:00Z,15,0,1,2,NA,3,0,1,pre-quake
2020-04-06T02:35:00Z,19,8,10,6,NA,1,0,1,pre-quake
2020-04-06T02:40:00Z,2,0,3,10,NA,1,0,1,pre-quake
2020-04-06T02:40:00Z,3,10,3,4,10,8,0,1,pre-quake
2020-04-06T02:40:00Z,6,8,5,2,10,7,1,1,pre-quake
2020-04-06T02:40:00Z,8,5,3,6,NA,10,0,1,pre-quake
2020-04-06T02:40:00Z,9,10,10,5,1,8,0,1,pre-quake
2020-04-06T02:40:00Z,14,5,5,10,NA,4,0,1,pre-quake
2020-04-06T02:40:00Z,16,10,10,10,0,9,0,1,pre-quake
2020-04-06T02:45:00Z,2,9.5,5,9,2,5.5,0,2,pre-quake
2020-04-06T02:45:00Z,6,7,10,0,0,10,0,1,pre-quake
2020-04-06T02:45:00Z,11,6,5,6,10,10,0,1,pre-quake
2020-04-06T02:45:00Z,15,0,0,8,NA,7,0,1,pre-quake
2020-04-06T02:45:00Z,19,7,4,2,NA,8,0,1,pre-quake
2020-04-06T02:50:00Z,5,7,7,5,10,8,0,1,pre-quake
2020-04-06T02:50:00Z,6,6,6,5,5.5,7,0,2,pre-quake
2020-04-06T02:50:00Z,8,6,10,10,NA,5,1,1,pre-quake
2020-04-06T02:50:00Z,9,4,7,9.5,6.5,7,0,2,pre-quake
2020-04-06T02:50:00Z,10,0,1,0,NA,7,0,1,pre-quake
2020-04-06T02:50:00Z,11,0,1,8,0,3,0,1,pre-quake
2020-04-06T02:50:00Z,15,6.333333333333333,5.666666666666667,6.333333333333333,NA,8.333333333333334,0,3,pre-quake
2020-04-06T02:55:00Z,2,10,10,10,NA,5,0,1,pre-quake
2020-04-06T02:55:00Z,6,6,3,9,1,10,0,1,pre-quake
2020-04-06T02:55:00Z,9,7,7,3.5,1.5,6,0,2,pre-quake
2020-04-06T02:55:00Z,11,10,3,1,5,4,0,1,pre-quake
2020-04-06T02:55:00Z,12,3,8,7,NA,0,0,1,pre-quake
2020-04-06T02:55:00Z,15,1,1,8,NA,4,0,1,pre-quake
2020-04-06T02:55:00Z,16,10,0,3,10,10,0,1,pre-quake
2020-04-06T03:00:00Z,1,10,2,0,10,10,0,1,pre-quake
2020-04-06T03:00:00Z,2,2.6666666666666665,3.3333333333333335,7.333333333333333,NA,3.6666666666666665,0.3333333333333333,3,pre-quake
2020-04-06T03:00:00Z,3,4,10,3,2,2,0,1,pre-quake
2020-04-06T03:00:00Z,5,4,2,2,7,1,0,1,pre-quake
2020-04-06T03:00:00Z,6,9,3,2,4,2,0,1,pre-quake
2020-04-06T03:00:00Z,8,0,7,5,NA,0,0,1,pre-quake
2020-04-06T03:00:00Z,11,3,1,8,3,3,0,1,pre-quake
2020-04-06T03:00:00Z,12,3,9,5,NA,1,0,1,pre-quake
2020-04-06T03:00:00Z,14,8,8,1,NA,5,0,1,pre-quake
2020-04-06T03:00:00Z,15,7,6,7,NA,4,1,1,pre-quake
2020-04-06T03:00:00Z,19,2,10,10,NA,7,0,1,pre-quake
2020-04-06T03:05:00Z,1,4,9,8,8,7,0,1,pre-quake
2020-04-06T03:05:00Z,2,10,2,1,NA,4,0,1,pre-quake
2020-04-06T03:05:00Z,3,5,8,2.5,9,4,0.5,2,pre-quake
2020-04-06T03:05:00Z,6,6.5,9.5,8,7,9.5,0,2,pre-quake
2020-04-06T03:05:00Z,8,0,9,4,NA,3,0,1,pre-quake
2020-04-06T03:05:00Z,9,0,9,8,6,10,0,1,pre-quake
2020-04-06T03:10:00Z,2,10,4,5,NA,10,0,1,pre-quake
2020-04-06T03:10:00Z,6,7.5,2,4,7.5,3.5,0,2,pre-quake
2020-04-06T03:10:00Z,14,10,3,6,NA,2,0,1,pre-quake
2020-04-06T03:10:00Z,15,4,4,0,NA,6,0,1,pre-quake
2020-04-06T03:10:00Z,18,0,6,10,NA,1,0,1,pre-quake
2020-04-06T03:15:00Z,2,6,7,7,NA,9,0,1,pre-quake
2020-04-06T03:15:00Z,6,5,9,10,2,10,0,1,pre-quake
2020-04-06T03:15:00Z,8,7.5,2.5,7.5,NA,6,0,2,pre-quake
2020-04-06T03:15:00Z,9,10,10,10,2,6,0,1,pre-quake
2020-04-06T03:15:00Z,15,3,6,0,NA,7,0,1,pre-quake
2020-04-06T03:15:00Z,18,7,5,7,NA,10,0,1,pre-quake
2020-04-06T03:20:00Z,2,4,9,8,NA,7,0,1,pre-quake
2020-04-06T03:20:00Z,6,7,0,0,10,9,0,1,pre-quake
2020-04-06T03:20:00Z,8,7,10,2,NA,5,0,1,pre-quake
2020-04-06T03:20:00Z,10,0,8,10,NA,10,0,1,pre-quake
2020-04-06T03:20:00Z,15,1,5,5,NA,4,0,1,pre-quake
2020-04-06T03:25:00Z,2,4,0,1,NA,3,0,1,pre-quake
2020-04-06T03:25:00Z,5,10,1,2,10,4,0,1,pre-quake
2020-04-06T03:25:00Z,6,8.5,5.5,6.5,5,5.5,0.5,2,pre-quake
2020-04-06T03:30:00Z,2,3,1,7,NA,9,0,1,pre-quake
2020-04-06T03:30:00Z,6,4,8,6,2,2,0,1,pre-quake
2020-04-06T03:35:00Z,2,10,0,3,NA,9,0,1,pre-quake
2020-04-06T03:35:00Z,3,5.5,1,5,5,10,0,2,pre-quake
2020-04-06T03:35:00Z,9,6.5,4.5,3.5,9,9,0,2,pre-quake
2020-04-06T03:35:00Z,12,4,5,10,NA,7,0,1,pre-quake
2020-04-06T03:35:00Z,15,7,6,1,NA,8,1,1,pre-quake
2020-04-06T03:35:00Z,16,10,8,1,10,9,0,1,pre-quake
2020-04-06T03:40:00Z,2,4,3,6,NA,8,1,1,pre-quake
2020-04-06T03:40:00Z,5,8,8,2,8,10,0,1,pre-quake
2020-04-06T03:40:00Z,6,10,8,1,5,10,0,1,pre-quake
2020-04-06T03:40:00Z,8,5,2,8.5,NA,4.5,0.5,2,pre-quake
2020-04-06T03:40:00Z,9,1,10,5,9,7,0,1,pre-quake
2020-04-06T03:40:00Z,16,4,2,2,3,2,1,1,pre-quake
2020-04-06T03:40:00Z,19,0,4,1,NA,1,0,1,pre-quake
2020-04-06T03:45:00Z,3,2,7,0,2,1,0,1,pre-quake
2020-04-06T03:45:00Z,4,3,1,1,NA,2,0,1,pre-quake
2020-04-06T03:45:00Z,5,4,4.5,2.5,1.5,5,0.5,2,pre-quake
2020-04-06T03:45:00Z,8,1,3,0,NA,2,0,1,pre-quake
2020-04-06T03:45:00Z,9,10,0,0,4,7,0,1,pre-quake
2020-04-06T03:45:00Z,15,3.5,0,4.5,NA,7,0,2,pre-quake
2020-04-06T03:50:00Z,1,2,0,10,3,4,0,1,pre-quake
2020-04-06T03:50:00Z,2,9,0,8,NA,9,0,1,pre-quake
2020-04-06T03:50:00Z,6,6,4,4,5,8,0,2,pre-quake
2020-04-06T03:50:00Z,8,1,10,4,NA,5,0,1,pre-quake
2020-04-06T03:50:00Z,14,10,0,10,NA,1,0,1,pre-quake
2020-04-06T03:50:00Z,18,8,6,9,NA,8,0,1,pre-quake
2020-04-06T03:55:00Z,6,10,0,7,3,0,0,1,pre-quake
2020-04-06T03:55:00Z,8,5.5,2,6,NA,8.5,0,2,pre-quake
2020-04-06T03:55:00Z,15,7,4,8,NA,1,0,1,pre-quake
2020-04-06T04:00:00Z,2,9,10,0,NA,10,0,1,pre-quake
2020-04-06T04:00:00Z,6,4.75,4.25,6.25,6.75,7.25,0.25,4,pre-quake
2020-04-06T04:00:00Z,8,3,5,4.5,NA,4.5,0,2,pre-quake
2020-04-06T04:00:00Z,11,5,8,7,5,7,0,1,pre-quake
2020-04-06T04:00:00Z,19,5,10,8,NA,6,0,1,pre-quake
2020-04-06T04:05:00Z,2,4,2,10,NA,8,0,1,pre-quake
2020-04-06T04:05:00Z,3,10,9,0,6,10,0,1,pre-quake
2020-04-06T04:05:00Z,6,10,5,5,8,9,0,1,pre-quake
2020-04-06T04:05:00Z,8,4,6.5,6,NA,4.5,0,2,pre-quake
2020-04-06T04:05:00Z,9,4,5,3,6,3,0,1,pre-quake
2020-04-06T04:05:00Z,14,8,4,9,NA,10,0,1,pre-quake
2020-04-06T04:05:00Z,15,3,5,10,NA,2,0,1,pre-quake
2020-04-06T04:05:00Z,18,3,10,7,NA,9,0,1,pre-quake
2020-04-06T04:10:00Z,8,3.75,6,4.5,NA,2.75,0,4,pre-quake
2020-04-06T04:10:00Z,9,10,10,0,0,8,0,1,pre-quake
2020-04-06T04:10:00Z,15,10,6,2,NA,2,0,1,pre-quake
2020-04-06T04:10:00Z,16,4,5,7,3,8,0,1,pre-quake
2020-04-06T04:10:00Z,17,2,6,10,NA,3,0,1,pre-quake
2020-04-06T04:15:00Z,1,3,8,3,3,6,0,1,pre-quake
2020-04-06T04:15:00Z,2,4,3.5,9,NA,9,0,2,pre-quake
2020-04-06T04:15:00Z,4,4,1,9,NA,9,0,1,pre-quake
2020-04-06T04:15:00Z,5,6.666666666666667,4.333333333333333,7,4.333333333333333,6,0,3,pre-quake
2020-04-06T04:15:00Z,6,10,9,10,8,6,0,1,pre-quake
2020-04-06T04:15:00Z,8,8.5,4.5,6.5,NA,3,0,2,pre-quake
2020-04-06T04:15:00Z,9,10,7,3,10,4,0,1,pre-quake
2020-04-06T04:15:00Z,14,7,1,10,NA,1,0,1,pre-quake
2020-04-06T04:20:00Z,6,4.5,3.5,9,7,9,0,2,pre-quake
2020-04-06T04:20:00Z,9,10,9,8,10,1,0,1,pre-quake
2020-04-06T04:20:00Z,15,0,5,3,NA,2,0,1,pre-quake
2020-04-06T04:20:00Z,19,0,0,5,NA,7,0,1,pre-quake
2020-04-06T04:25:00Z,2,10,5,6,NA,1,0,1,pre-quake
2020-04-06T04:25:00Z,4,5,4,10,NA,3,0,1,pre-quake
2020-04-06T04:25:00Z,6,5.5,8,7,6.5,4,0,2,pre-quake
2020-04-06T04:25:00Z,8,7,10,10,NA,2,0,1,pre-quake
2020-04-06T04:25:00Z,14,3,8,5,NA,10,0,1,pre-quake
2020-04-06T04:25:00Z,15,9,10,6,NA,6,0,1,pre-quake
2020-04-06T04:30:00Z,6,1,5,10,5,2,0,1,pre-quake
2020-04-06T04:30:00Z,8,6.5,4.5,9,NA,3.5,0,2,pre-quake
2020-04-06T04:30:00Z,9,8,6,7,2.5,5.5,0,2,pre-quake
2020-04-06T04:30:00Z,10,9,4,3,NA,10,1,1,pre-quake
2020-04-06T04:30:00Z,14,7,10,4,NA,5,0,1,pre-quake
2020-04-06T04:30:00Z,15,10,10,9,NA,8,1,1,pre-quake
2020-04-06T04:35:00Z,2,10,3,3,NA,10,1,1,pre-quake
2020-04-06T04:35:00Z,8,8,0,8,NA,9,0,1,pre-quake
2020-04-06T04:35:00Z,14,10,1,10,NA,2,0,1,pre-quake
2020-04-06T04:35:00Z,15,7,8,5,NA,8,0,2,pre-quake
2020-04-06T04:40:00Z,1,10,3,7,8,2,0,1,pre-quake
2020-04-06T04:40:00Z,2,5,7,10,NA,1,0,1,pre-quake
2020-04-06T04:40:00Z,15,1,0,0,NA,6,0,1,pre-quake
2020-04-06T04:40:00Z,19,2,4,4,NA,5,0,1,pre-quake
2020-04-06T04:45:00Z,5,3,10,10,3,6,0,1,pre-quake
2020-04-06T04:45:00Z,6,7,6,4,10,0,0,1,pre-quake
2020-04-06T04:45:00Z,8,10,9,5,NA,5,1,1,pre-quake
2020-04-06T04:45:00Z,15,10,1,10,NA,3,0,1,pre-quake
2020-04-06T04:50:00Z,5,8,10,10,4,2,0,1,pre-quake
2020-04-06T04:50:00Z,14,3,7,7,NA,10,0,1,pre-quake
2020-04-06T04:50:00Z,15,3,7,3,NA,4,0,1,pre-quake
2020-04-06T04:50:00Z,18,1,3,0,NA,8,0,1,pre-quake
2020-04-06T04:55:00Z,8,8,8,0,NA,8,0,1,pre-quake
2020-04-06T04:55:00Z,9,7.5,5,3.5,8.5,5.5,0,2,pre-quake
2020-04-06T04:55:00Z,14,6,7,6,NA,7,0,1,pre-quake
2020-04-06T05:00:00Z,2,0,5.5,5,NA,5.5,0,2,pre-quake
2020-04-06T05:00:00Z,15,3,2,1,NA,3,0,1,pre-quake
2020-04-06T05:00:00Z,19,1,4,4,NA,5,0,1,pre-quake
2020-04-06T05:05:00Z,2,8,7.5,4,NA,4,0.5,2,pre-quake
2020-04-06T05:05:00Z,5,0,8,0,7,10,0,1,pre-quake
2020-04-06T05:05:00Z,6,2,10,8,6,10,1,1,pre-quake
2020-04-06T05:05:00Z,15,8,5,2,NA,5,0,1,pre-quake
2020-04-06T05:10:00Z,2,10,4,4,NA,9,0,1,pre-quake
2020-04-06T05:10:00Z,6,7,4,7,3,6,0,4,pre-quake
2020-04-06T05:10:00Z,12,7,9,10,NA,3,0,1,pre-quake
2020-04-06T05:10:00Z,15,5,9,8,NA,10,0,1,pre-quake
2020-04-06T05:10:00Z,16,9,6,4,4,5,0,1,pre-quake
2020-04-06T05:15:00Z,2,0,3,10,NA,8,0,1,pre-quake
2020-04-06T05:15:00Z,4,6,5,5,NA,4,0,1,pre-quake
2020-04-06T05:15:00Z,5,3,10,10,10,8,1,1,pre-quake
2020-04-06T05:15:00Z,8,4,0,0,NA,0,1,1,pre-quake
2020-04-06T05:15:00Z,10,2,8,1,NA,10,0,1,pre-quake
2020-04-06T05:15:00Z,15,10,5,7,NA,10,0,1,pre-quake
2020-04-06T05:15:00Z,16,8,10,6,4,8,1,1,pre-quake
2020-04-06T05:15:00Z,18,10,8,2,NA,0,0,1,pre-quake
2020-04-06T05:20:00Z,1,10,10,0,7,5,0,1,pre-quake
2020-04-06T05:20:00Z,2,10,3,3,NA,2,0,1,pre-quake
2020-04-06T05:20:00Z,3,3.5,8.5,6.5,4,7.5,0,2,pre-quake
2020-04-06T05:20:00Z,6,6,2.5,8,2.5,7.5,0,2,pre-quake
2020-04-06T05:20:00Z,8,5.333333333333333,4,2.6666666666666665,NA,2.3333333333333335,0,3,pre-quake
2020-04-06T05:20:00Z,12,10,6,4,NA,7,0,1,pre-quake
2020-04-06T05:20:00Z,14,1,4,0,NA,6,0,1,pre-quake
2020-04-06T05:20:00Z,15,10,8,10,NA,3,0,1,pre-quake
2020-04-06T05:20:00Z,18,5,8,9,NA,10,0,1,pre-quake
2020-04-06T05:25:00Z,4,5,9,7,NA,1,0,1,pre-quake
2020-04-06T05:25:00Z,9,7,8,0.5,3,4,0,2,pre-quake
2020-04-06T05:25:00Z,11,10,0,10,2,5,0,1,pre-quake
2020-04-06T05:25:00Z,15,8,8,0,NA,10,0,1,pre-quake
2020-04-06T05:25:00Z,18,10,6,0,NA,7,0,1,pre-quake
2020-04-06T05:30:00Z,2,3,9,5,NA,9,0,1,pre-quake
2020-04-06T05:30:00Z,3,0,3,10,9,3,0,1,pre-quake
2020-04-06T05:30:00Z,5,0,10,10,5,2,0,1,pre-quake
2020-04-06T05:30:00Z,6,2,5,9,8,3,0,1,pre-quake
2020-04-06T05:30:00Z,15,10,4,1,NA,4,0,1,pre-quake
2020-04-06T05:30:00Z,18,5,10,8,NA,9,0,1,pre-quake
2020-04-06T05:35:00Z,3,2,6,2,4,3,1,1,pre-quake
2020-04-06T05:35:00Z,6,7.5,0.5,6.5,5,8.5,0.5,2,pre-quake
2020-04-06T05:35:00Z,8,1,6,9,NA,6,0,1,pre-quake
2020-04-06T05:35:00Z,9,2,3,3,0,7,0,1,pre-quake
2020-04-06T05:35:00Z,15,10,8,9,NA,1,0,1,pre-quake
2020-04-06T05:35:00Z,19,4,4,6,NA,10,0,1,pre-quake
2020-04-06T05:40:00Z,3,4.666666666666667,8.333333333333334,5.333333333333333,5.666666666666667,4.666666666666667,0,3,pre-quake
2020-04-06T05:40:00Z,5,9,10,5,8,9,0,1,pre-quake
2020-04-06T05:40:00Z,6,3,0,0,7,8,0,1,pre-quake
2020-04-06T05:40:00Z,9,9,7,10,10,9,0,1,pre-quake
2020-04-06T05:40:00Z,15,5,6,5,NA,6,0,1,pre-quake
2020-04-06T05:40:00Z,16,3.5,5.5,10,7,5.5,0,2,pre-quake
2020-04-06T05:40:00Z,17,0,5,2,NA,10,0,1,pre-quake
2020-04-06T05:45:00Z,3,5.5,7,5,8,8,0,2,pre-quake
2020-04-06T05:45:00Z,5,9,6,3,1,8,0,1,pre-quake
2020-04-06T05:45:00Z,6,10,5,10,10,3,0,1,pre-quake
2020-04-06T05:45:00Z,7,NA,3,1,NA,NA,0,1,pre-quake
2020-04-06T05:45:00Z,8,10,4,8,NA,1,1,1,pre-quake
2020-04-06T05:45:00Z,9,8,8,6,4,9.333333333333334,0,3,pre-quake
2020-04-06T05:45:00Z,14,4,8,8,NA,7,0,1,pre-quake
2020-04-06T05:45:00Z,15,4,0,7,NA,3,0,1,pre-quake
2020-04-06T05:50:00Z,8,1,5,10,NA,8,0,1,pre-quake
2020-04-06T05:50:00Z,15,3.5,2.5,6.5,NA,7,0,2,pre-quake
2020-04-06T05:50:00Z,18,0,9,4,NA,6,0,1,pre-quake
2020-04-06T05:55:00Z,2,6,7,7,NA,9,0,1,pre-quake
2020-04-06T05:55:00Z,4,10,8,5,NA,5,0,1,pre-quake
2020-04-06T05:55:00Z,5,5,7,3,9,3,0,1,pre-quake
2020-04-06T05:55:00Z,6,8,4.5,3.5,6,2.5,0,2,pre-quake
2020-04-06T05:55:00Z,9,9,9,4,2,6,0,1,pre-quake
2020-04-06T05:55:00Z,14,1,2,1,NA,9,0,1,pre-quake
2020-04-06T05:55:00Z,15,1,3,6,NA,10,0,1,pre-quake
2020-04-06T05:55:00Z,16,0,10,3,10,0,0,1,pre-quake
2020-04-06T05:55:00Z,18,5,8,10,NA,10,0,1,pre-quake
2020-04-06T06:00:00Z,2,1,9,8,NA,3,0,1,pre-quake
2020-04-06T06:00:00Z,3,8,0,7,4,10,0,1,pre-quake
2020-04-06T06:00:00Z,8,4,8.5,3.5,NA,6.5,0,2,pre-quake
2020-04-06T06:00:00Z,12,0,2,1,NA,10,0,1,pre-quake
2020-04-06T06:00:00Z,14,7,1,1,NA,6,1,1,pre-quake
2020-04-06T06:00:00Z,19,6.5,3.5,2,NA,6.5,0,2,pre-quake
2020-04-06T06:05:00Z,6,6,6,1,7.5,5.5,0,2,pre-quake
2020-04-06T06:05:00Z,8,0,9,6,NA,3,0,1,pre-quake
2020-04-06T06:05:00Z,9,10,10,6,3,3,0,1,pre-quake
2020-04-06T06:05:00Z,14,5,8,4,NA,8,0,1,pre-quake
2020-04-06T06:05:00Z,16,9,9,5,10,4,0,1,pre-quake
2020-04-06T06:10:00Z,3,5,6,5.75,6,4.75,0,4,pre-quake
2020-04-06T06:10:00Z,6,2.6666666666666665,7.666666666666667,3.3333333333333335,2.6666666666666665,8,0,3,pre-quake
2020-04-06T06:10:00Z,8,5.333333333333333,7,5.666666666666667,NA,7.666666666666667,0,3,pre-quake
2020-04-06T06:10:00Z,9,0,9,7,1,4,0,1,pre-quake
2020-04-06T06:10:00Z,11,10,10,3,7,10,1,1,pre-quake
2020-04-06T06:10:00Z,15,5,1.6666666666666667,4,NA,5.666666666666667,0,3,pre-quake
2020-04-06T06:10:00Z,16,5,0,1,10,3,0,1,pre-quake
2020-04-06T06:10:00Z,19,7,10,7,NA,10,0,1,pre-quake
2020-04-06T06:15:00Z,2,1,7,7,NA,1,0,1,pre-quake
2020-04-06T06:15:00Z,3,3,10,1,6,10,0,1,pre-quake
2020-04-06T06:15:00Z,6,7,6.5,4.5,9,6,0.5,2,pre-quake
2020-04-06T06:15:00Z,8,10,1,7,NA,5,0,1,pre-quake
2020-04-06T06:15:00Z,9,9,1,6,2,9,0,1,pre-quake
2020-04-06T06:15:00Z,10,3,6,1,NA,10,0,1,pre-quake
2020-04-06T06:15:00Z,14,3.5,5,10,NA,6.5,0,2,pre-quake
2020-04-06T06:15:00Z,19,6,3,10,NA,5,0,1,pre-quake
2020-04-06T06:20:00Z,8,7,4,7,NA,1,0,1,pre-quake
2020-04-06T06:20:00Z,16,6,3,3,7,8,0,1,pre-quake
2020-04-06T06:25:00Z,1,10,4,0,4,10,1,1,pre-quake
2020-04-06T06:25:00Z,2,1,3,7,NA,0,0,1,pre-quake
2020-04-06T06:25:00Z,3,8.5,7,6.5,7.5,3,0,2,pre-quake
2020-04-06T06:25:00Z,5,9,10,2,4,9,0,1,pre-quake
2020-04-06T06:25:00Z,9,6,0,10,0,10,0,1,pre-quake
2020-04-06T06:25:00Z,15,6,9.5,7,NA,5,0,2,pre-quake
2020-04-06T06:25:00Z,16,0,0,7,7,10,0,1,pre-quake
2020-04-06T06:30:00Z,1,10,10,0,10,2,0,1,pre-quake
2020-04-06T06:30:00Z,2,0,9,10,NA,9,0,1,pre-quake
2020-04-06T06:30:00Z,3,2,8,10,0,9,0,1,pre-quake
2020-04-06T06:30:00Z,5,0.5,5,3,8,5.5,0,2,pre-quake
2020-04-06T06:30:00Z,6,0.5,9,7,3.5,3.5,0,2,pre-quake
2020-04-06T06:30:00Z,10,4,7,4,NA,2,0,1,pre-quake
2020-04-06T06:30:00Z,13,6,6,7,NA,3,0,1,pre-quake
2020-04-06T06:30:00Z,15,3,6,8,NA,2.5,0,2,pre-quake
2020-04-06T06:30:00Z,16,10,0,3,9,0,0,1,pre-quake
2020-04-06T06:35:00Z,3,0,3,5,1,6,0,1,pre-quake
2020-04-06T06:35:00Z,8,4.5,5.5,7,NA,8.5,0,2,pre-quake
2020-04-06T06:35:00Z,10,4,10,9,NA,8,0,1,pre-quake
2020-04-06T06:35:00Z,14,0,8,9,NA,10,0,1,pre-quake
2020-04-06T06:35:00Z,15,5,6,10,NA,10,0,1,pre-quake
2020-04-06T06:40:00Z,1,5,1,9,0,1,0,1,pre-quake
2020-04-06T06:40:00Z,2,10,10,0,NA,10,0,1,pre-quake
2020-04-06T06:40:00Z,3,10,4,6,0,10,0,1,pre-quake
2020-04-06T06:40:00Z,9,3,9,7,10,0,0,1,pre-quake
2020-04-06T06:40:00Z,12,4,10,10,NA,0,0,1,pre-quake
2020-04-06T06:40:00Z,15,5,4,3,NA,6,0,1,pre-quake
2020-04-06T06:40:00Z,17,4,1,7,NA,7,0,1,pre-quake
2020-04-06T06:45:00Z,6,5,4,5,8,4,0,1,pre-quake
2020-04-06T06:45:00Z,8,2,4,10,NA,2,0,1,pre-quake
2020-04-06T06:45:00Z,9,0,7,10,9,9,0,1,pre-quake
2020-04-06T06:45:00Z,15,1,5,9,NA,0,0,1,pre-quake
2020-04-06T06:45:00Z,16,7,2,3,4,4,0,1,pre-quake
2020-04-06T06:50:00Z,1,5,3,2,1,8,0,1,pre-quake
2020-04-06T06:50:00Z,4,5,5,6,NA,3,0,1,pre-quake
2020-04-06T06:50:00Z,6,8,7,6,3,8,0,1,pre-quake
2020-04-06T06:50:00Z,8,1,8,5,NA,6,0,1,pre-quake
2020-04-06T06:50:00Z,15,7.5,5.5,5,NA,10,0,2,pre-quake
2020-04-06T06:50:00Z,18,9,10,3,NA,1,0,1,pre-quake
2020-04-06T06:55:00Z,5,10,7,0,3,5,0,1,pre-quake
2020-04-06T06:55:00Z,6,8,4,5,3,2,0,1,pre-quake
2020-04-06T06:55:00Z,8,8,8,1,NA,5,0,1,pre-quake
2020-04-06T06:55:00Z,9,0,5.5,9,1,5.5,0.5,2,pre-quake
2020-04-06T06:55:00Z,10,9,1,9,NA,1,0,1,pre-quake
2020-04-06T06:55:00Z,15,10,7,0,NA,2,0,1,pre-quake
2020-04-06T06:55:00Z,19,10,1,9,NA,3,0,1,pre-quake
2020-04-06T07:00:00Z,1,3,7,8,10,5,0,1,pre-quake
2020-04-06T07:00:00Z,2,5,4.5,3,NA,6.5,0,2,pre-quake
2020-04-06T07:00:00Z,3,7,0,5,7,3,0,1,pre-quake
2020-04-06T07:00:00Z,5,3,9,7,1,0,1,1,pre-quake
2020-04-06T07:00:00Z,6,10,7,9,8,10,0,1,pre-quake
2020-04-06T07:00:00Z,7,NA,4,9,NA,NA,0,1,pre-quake
2020-04-06T07:00:00Z,8,7,7,3,NA,6,0,1,pre-quake
2020-04-06T07:00:00Z,9,5.333333333333333,3.6666666666666665,7.666666666666667,1,3.6666666666666665,0,3,pre-quake
2020-04-06T07:00:00Z,15,1,10,10,NA,9,0,1,pre-quake
2020-04-06T07:05:00Z,2,2,10,1,NA,5,0,1,pre-quake
2020-04-06T07:05:00Z,6,9,7,1,5,10,0,1,pre-quake
2020-04-06T07:05:00Z,8,2.5,7,7,NA,2.5,0,2,pre-quake
2020-04-06T07:05:00Z,9,9,10,10,3,5,0,1,pre-quake
2020-04-06T07:05:00Z,10,3,4,7,NA,3,0,1,pre-quake
2020-04-06T07:05:00Z,13,5,2,1,NA,10,0,1,pre-quake
2020-04-06T07:05:00Z,15,3,9,9,NA,3,0,1,pre-quake
2020-04-06T07:10:00Z,3,6,9,7,9,7,0,1,pre-quake
2020-04-06T07:10:00Z,4,7,0,9,NA,2,0,1,pre-quake
2020-04-06T07:10:00Z,6,10,3,2,10,9,0,1,pre-quake
2020-04-06T07:10:00Z,8,5.5,6.5,9.5,NA,4.5,0,2,pre-quake
2020-04-06T07:10:00Z,9,6.5,5,5.5,7,6,0,2,pre-quake
2020-04-06T07:10:00Z,12,3,10,4,NA,2,0,1,pre-quake
2020-04-06T07:10:00Z,14,6,7,9,NA,0,0,1,pre-quake
2020-04-06T07:10:00Z,17,6.333333333333333,5.333333333333333,1,NA,3.6666666666666665,0.3333333333333333,3,pre-quake
2020-04-06T07:10:00Z,18,10,2,3,NA,4,0,1,pre-quake
2020-04-06T07:10:00Z,19,4.666666666666667,5.666666666666667,5.333333333333333,NA,8,0,3,pre-quake
2020-04-06T07:15:00Z,1,5,4,8,2,2,0,1,pre-quake
2020-04-06T07:15:00Z,2,6,0,10,NA,10,0,1,pre-quake
2020-04-06T07:15:00Z,3,6.5,5.5,5,5,1.5,0,2,pre-quake
2020-04-06T07:15:00Z,6,3,6,10,1,10,0,1,pre-quake
2020-04-06T07:15:00Z,8,1,3,3,NA,1,0,1,pre-quake
2020-04-06T07:15:00Z,9,10,0,6,10,9,1,1,pre-quake
2020-04-06T07:15:00Z,10,6,3,4,NA,9,0,1,pre-quake
2020-04-06T07:15:00Z,14,2,10,9,NA,0,0,1,pre-quake
2020-04-06T07:15:00Z,15,9.5,4.5,3.5,NA,8,0,2,pre-quake
2020-04-06T07:20:00Z,2,5,0,9,NA,3,0,1,pre-quake
2020-04-06T07:20:00Z,3,6,8.5,6.5,8,6,0,2,pre-quake
2020-04-06T07:20:00Z,4,1,6,5,NA,8,0,1,pre-quake
2020-04-06T07:20:00Z,6,6,4,7,10,3,0,1,pre-quake
2020-04-06T07:20:00Z,8,4,6,1,NA,10,0,1,pre-quake
2020-04-06T07:20:00Z,9,3,10,4,10,10,0,1,pre-quake
2020-04-06T07:20:00Z,16,3,4,10,9,0,0,1,pre-quake
2020-04-06T07:20:00Z,17,3,2,1,NA,3,0,1,pre-quake
2020-04-06T07:25:00Z,2,5,6.5,7.5,NA,7,0,2,pre-quake
2020-04-06T07:25:00Z,3,6,4.5,7,7.5,3,0,2,pre-quake
2020-04-06T07:25:00Z,6,6,7,7.5,5,7,0,2,pre-quake
2020-04-06T07:25:00Z,9,9,8,9,0,4,0,1,pre-quake
2020-04-06T07:25:00Z,11,10,9,9,1,10,0,1,pre-quake
2020-04-06T07:25:00Z,12,10,0,3,NA,6,0,1,pre-quake
2020-04-06T07:25:00Z,14,1.5,4.5,4,NA,6.5,0,2,pre-quake
2020-04-06T07:25:00Z,15,1,6,6,NA,4,0,1,pre-quake
2020-04-06T07:30:00Z,6,4,0.5,8,3.5,5.5,0,2,pre-quake
2020-04-06T07:30:00Z,8,8,4,5,NA,1,0,1,pre-quake
2020-04-06T07:30:00Z,9,2,8,7,8,4,0,1,pre-quake
2020-04-06T07:30:00Z,14,0,9,5,NA,10,1,1,pre-quake
2020-04-06T07:30:00Z,15,7,10,10,NA,7,0,1,pre-quake
2020-04-06T07:30:00Z,19,6.666666666666667,5.666666666666667,3.3333333333333335,NA,8,0,3,pre-quake
2020-04-06T07:35:00Z,2,6,9,4,NA,5,0,1,pre-quake
2020-04-06T07:35:00Z,3,6,2,5,9,1,0,1,pre-quake
2020-04-06T07:35:00Z,6,4,1,8,3,4,0,1,pre-quake
2020-04-06T07:35:00Z,9,5.5,4.5,7.5,3,7.5,0,2,pre-quake
2020-04-06T07:35:00Z,10,7,10,8,NA,10,0,1,pre-quake
2020-04-06T07:35:00Z,15,3.4,4.4,6.8,NA,5.2,0,5,pre-quake
2020-04-06T07:35:00Z,16,8,10,1,1,10,0,1,pre-quake
2020-04-06T07:40:00Z,1,4,2.5,1.5,5,10,0,2,pre-quake
2020-04-06T07:40:00Z,6,3.5,4,8.5,6.5,4.5,0,2,pre-quake
2020-04-06T07:40:00Z,8,6,6,9,NA,6,0,1,pre-quake
2020-04-06T07:40:00Z,14,5,2,2,NA,3,0,1,pre-quake
2020-04-06T07:40:00Z,15,10,3,9,NA,5,0,1,pre-quake
2020-04-06T07:45:00Z,6,6,8,6,5,8.5,0,2,pre-quake
2020-04-06T07:45:00Z,8,4.5,8,6.5,NA,5.5,0,2,pre-quake
2020-04-06T07:45:00Z,10,10,5,1,NA,4,0,1,pre-quake
2020-04-06T07:45:00Z,13,10,4,10,NA,7,0,1,pre-quake
2020-04-06T07:45:00Z,16,0,10,1,2,10,0,1,pre-quake
2020-04-06T07:45:00Z,17,8,9,1,NA,2,0,1,pre-quake
2020-04-06T07:50:00Z,3,7,3,10,6,2,1,1,pre-quake
2020-04-06T07:50:00Z,12,0,2.5,2,NA,9,0,2,pre-quake
2020-04-06T07:50:00Z,14,5.5,5.5,7.5,NA,1.5,0,2,pre-quake
2020-04-06T07:50:00Z,15,6.5,0.5,7.5,NA,2.5,0,2,pre-quake
2020-04-06T07:50:00Z,19,6,9,0,NA,10,1,1,pre-quake
2020-04-06T07:55:00Z,6,5.5,4,6,4,5,0.5,2,pre-quake
2020-04-06T07:55:00Z,9,3,0,1,10,9,0,1,pre-quake
2020-04-06T07:55:00Z,10,7,6,7,NA,0,0,1,pre-quake
2020-04-06T07:55:00Z,15,3,10,4,NA,3,0,1,pre-quake
2020-04-06T07:55:00Z,16,2,6,7,6,8,0,1,pre-quake
2020-04-06T07:55:00Z,19,4.666666666666667,9,2.6666666666666665,NA,4.666666666666667,0,3,pre-quake
2020-04-06T08:00:00Z,3,5.666666666666667,7.333333333333333,6.666666666666667,9.666666666666666,5.333333333333333,0,3,pre-quake
2020-04-06T08:00:00Z,4,1,6,4,NA,8,0,1,pre-quake
2020-04-06T08:00:00Z,8,6,10,2,NA,4,0,1,pre-quake
2020-04-06T08:00:00Z,13,10,10,9,NA,4,0,1,pre-quake
2020-04-06T08:05:00Z,1,6,4,7,10,0,0,1,pre-quake
2020-04-06T08:05:00Z,8,8.333333333333334,6,4.666666666666667,NA,7.333333333333333,0,3,pre-quake
2020-04-06T08:05:00Z,9,5,10,3,10,3,0,1,pre-quake
2020-04-06T08:05:00Z,14,10,10,10,NA,8,0,1,pre-quake
2020-04-06T08:10:00Z,2,4.333333333333333,5.333333333333333,7.666666666666667,NA,5.666666666666667,0,3,pre-quake
2020-04-06T08:10:00Z,3,6,0,7,6.5,2.5,0,2,pre-quake
2020-04-06T08:10:00Z,4,7,2,1,NA,4,0,1,pre-quake
2020-04-06T08:10:00Z,6,7,8,3,8,0,0,1,pre-quake
2020-04-06T08:10:00Z,8,8,10,10,NA,10,0,1,pre-quake
2020-04-06T08:10:00Z,14,0,7,9,NA,2,0,1,pre-quake
2020-04-06T08:15:00Z,2,9,10,10,NA,5,0,1,pre-quake
2020-04-06T08:15:00Z,5,8,5,6,9,6,0,1,pre-quake
2020-04-06T08:15:00Z,9,2,5,5,1,2,0,1,pre-quake
2020-04-06T08:15:00Z,11,9,9,10,10,10,0,1,pre-quake
2020-04-06T08:15:00Z,15,10,0,8,NA,4,0,1,pre-quake
2020-04-06T08:15:00Z,16,10,6,1,10,2,0,1,pre-quake
2020-04-06T08:20:00Z,1,4,10,10,9,10,0,1,pre-quake
2020-04-06T08:20:00Z,2,5,1,4,NA,7,0,1,pre-quake
2020-04-06T08:20:00Z,3,6.5,6.25,5.5,7.5,5.5,0,4,pre-quake
2020-04-06T08:20:00Z,9,6,7,10,0,7,0,1,pre-quake
2020-04-06T08:20:00Z,14,10,2,9,NA,4,0,1,pre-quake
2020-04-06T08:25:00Z,2,5,0.5,5,NA,6,0,2,pre-quake
2020-04-06T08:25:00Z,3,3.6666666666666665,5,4.333333333333333,2.3333333333333335,1.3333333333333333,0,3,pre-quake
2020-04-06T08:25:00Z,6,3.5,2.5,7,7.5,6.5,0,2,pre-quake
2020-04-06T08:25:00Z,8,0,10,10,NA,1,0,1,pre-quake
2020-04-06T08:25:00Z,9,8,2,5,4,4,0,1,pre-quake
2020-04-06T08:25:00Z,13,2,2,8,NA,2,0,1,pre-quake
2020-04-06T08:25:00Z,15,8,0,4,NA,4,0,1,pre-quake
2020-04-06T08:25:00Z,16,1,0,10,10,4,0,1,pre-quake
2020-04-06T08:25:00Z,17,6,5,1,NA,4,1,1,pre-quake
2020-04-06T08:25:00Z,18,3,4,4,NA,4,0,1,pre-quake
2020-04-06T08:30:00Z,1,0,5,10,5,7,0,1,pre-quake
2020-04-06T08:30:00Z,5,6,5,10,0,6,0,1,pre-quake
2020-04-06T08:30:00Z,6,9.5,8.5,2,5,5,0.5,2,pre-quake
2020-04-06T08:30:00Z,8,0,1,10,NA,0,0,1,pre-quake
2020-04-06T08:30:00Z,10,1.5,8.5,5,NA,5,0,2,pre-quake
2020-04-06T08:30:00Z,13,3,8,5,NA,3,1,1,pre-quake
2020-04-06T08:30:00Z,14,1,1,10,NA,0,0,1,pre-quake
2020-04-06T08:30:00Z,18,1,5,3,NA,0,0,1,pre-quake
2020-04-06T08:35:00Z,3,1,6,8,6,1,0,1,pre-quake
2020-04-06T08:35:00Z,6,4,3,0,5,4,1,1,pre-quake
2020-04-06T08:35:00Z,8,5,6,0,NA,1,0,1,pre-quake
2020-04-06T08:35:00Z,9,8,10,0,4,4,0,1,pre-quake
2020-04-06T08:35:00Z,10,0,0,10,NA,7,0,1,pre-quake
2020-04-06T08:35:00Z,13,2,1,10,NA,4,0,1,pre-quake
2020-04-06T08:35:00Z,14,3,0,4,NA,5,0,1,pre-quake
2020-04-06T08:35:00Z,15,0,2,9,NA,0,0,1,pre-quake
2020-04-06T08:40:00Z,2,7.5,6.5,2,NA,7.5,0,2,pre-quake
2020-04-06T08:40:00Z,3,0,5,8,8,10,0,1,pre-quake
2020-04-06T08:40:00Z,8,2,2,1,NA,0,0,1,pre-quake
2020-04-06T08:40:00Z,9,6,3.5,7.5,1,0.5,0,2,pre-quake
2020-04-06T08:40:00Z,14,5,0,4,NA,4,0,1,pre-quake
2020-04-06T08:40:00Z,15,6,3,0,NA,6,0,1,pre-quake
2020-04-06T08:40:00Z,17,8,6,10,NA,10,0,1,pre-quake
2020-04-06T08:40:00Z,18,8,4,5,NA,3,0,1,pre-quake
2020-04-06T08:45:00Z,2,9,6,0,NA,4,0,1,pre-quake
2020-04-06T08:45:00Z,3,4,0,6,0,10,0,1,pre-quake
2020-04-06T08:45:00Z,5,3,10,10,9,1,0,1,pre-quake
2020-04-06T08:45:00Z,6,10,5,8,10,10,0,1,pre-quake
2020-04-06T08:45:00Z,8,2.5,7,10,NA,3,0,2,pre-quake
2020-04-06T08:45:00Z,15,9,3,9,NA,10,0,1,pre-quake
2020-04-06T08:45:00Z,18,7,3.5,6.5,NA,4.5,0,2,pre-quake
2020-04-06T08:45:00Z,19,9,1,8,NA,9,0,1,pre-quake
2020-04-06T08:50:00Z,2,3,10,4,NA,8,0,1,pre-quake
2020-04-06T08:50:00Z,5,6,1,0,9,1,0,1,pre-quake
2020-04-06T08:50:00Z,9,4.666666666666667,5,8,8.333333333333334,4.666666666666667,0,3,pre-quake
2020-04-06T08:50:00Z,10,0,9,8,NA,1,1,1,pre-quake
2020-04-06T08:50:00Z,15,2.3333333333333335,5.666666666666667,8.333333333333334,NA,6,0.3333333333333333,3,pre-quake
2020-04-06T08:50:00Z,19,8,3,8,NA,1,0,1,pre-quake
2020-04-06T08:55:00Z,6,4,0,10,4,0,0,1,pre-quake
2020-04-06T08:55:00Z,8,4,10,3,NA,3,0,1,pre-quake
2020-04-06T08:55:00Z,9,0,10,2,10,4,0,1,pre-quake
2020-04-06T08:55:00Z,18,10,6,2,NA,10,0,1,pre-quake
2020-04-06T09:00:00Z,5,0,5,6,10,5,0,1,pre-quake
2020-04-06T09:00:00Z,14,5,0.5,2,NA,8,0,2,pre-quake
2020-04-06T09:00:00Z,17,1,4,10,NA,1,0,1,pre-quake
2020-04-06T09:00:00Z,19,2,3,3,NA,0,0,1,pre-quake
2020-04-06T09:05:00Z,2,7,9,2,NA,0,0,1,pre-quake
2020-04-06T09:05:00Z,3,9,10,1,8,3,0,1,pre-quake
2020-04-06T09:05:00Z,5,1,5,10,10,4,1,1,pre-quake
2020-04-06T09:05:00Z,6,10,6,6,1,4,0,1,pre-quake
2020-04-06T09:05:00Z,8,0,2,9,NA,6,0,1,pre-quake
2020-04-06T09:05:00Z,9,2,7,5,7,5.5,0.5,2,pre-quake
2020-04-06T09:05:00Z,12,0,2,7,NA,10,0,1,pre-quake
2020-04-06T09:05:00Z,17,5,4,2,NA,5,0,1,pre-quake
2020-04-06T09:10:00Z,2,8,7,3,NA,9,0,1,pre-quake
2020-04-06T09:10:00Z,3,6,0,10,10,2,0,1,pre-quake
2020-04-06T09:10:00Z,5,6,10,8,4,9,0,1,pre-quake
2020-04-06T09:10:00Z,6,1,4,5,7,0,0,1,pre-quake
2020-04-06T09:10:00Z,9,9,8,1,6,7,0,1,pre-quake
2020-04-06T09:10:00Z,10,5,9,7,NA,2,0,1,pre-quake
2020-04-06T09:10:00Z,11,5,6,0,0,10,0,1,pre-quake
2020-04-06T09:10:00Z,12,4,10,0,NA,10,0,1,pre-quake
2020-04-06T09:10:00Z,14,10,10,10,NA,10,0,1,pre-quake
2020-04-06T09:10:00Z,15,9,10,6,NA,6,0,1,pre-quake
2020-04-06T09:10:00Z,18,8.5,4.5,4.5,NA,5.5,0.5,2,pre-quake
2020-04-06T09:15:00Z,1,6,1,6,10,10,0,1,pre-quake
2020-04-06T09:15:00Z,2,6,9,5,NA,2,1,1,pre-quake
2020-04-06T09:15:00Z,3,0,4,0,0,4,0,1,pre-quake
2020-04-06T09:15:00Z,8,5.5,5.5,8.5,NA,4.5,0,2,pre-quake
2020-04-06T09:15:00Z,9,10,7,5,2,3,0,1,pre-quake
2020-04-06T09:15:00Z,15,10,6,4,NA,0,0,1,pre-quake
2020-04-06T09:15:00Z,19,7,8,8,NA,1.5,0.5,2,pre-quake
2020-04-06T09:20:00Z,2,8,8,1,NA,0,0,1,pre-quake
2020-04-06T09:20:00Z,3,4,5,2,1,7,0,1,pre-quake
2020-04-06T09:20:00Z,6,3,3.3333333333333335,2.3333333333333335,3,4,0,3,pre-quake
2020-04-06T09:20:00Z,9,8,10,4,10,0,0,1,pre-quake
2020-04-06T09:20:00Z,14,2,10,8,NA,9,0,1,pre-quake
2020-04-06T09:20:00Z,15,2.5,6.5,7,NA,5,0,2,pre-quake
2020-04-06T09:20:00Z,17,10,10,10,NA,1,0,1,pre-quake
2020-04-06T09:20:00Z,18,5,6,6,NA,9,0,1,pre-quake
2020-04-06T09:25:00Z,2,7,7,9,NA,8,1,1,pre-quake
2020-04-06T09:25:00Z,3,6,6,1,8,1,0,1,pre-quake
2020-04-06T09:25:00Z,13,1,1,6,NA,5,0,1,pre-quake
2020-04-06T09:25:00Z,15,7.5,9.5,8,NA,4,0,2,pre-quake
2020-04-06T09:30:00Z,2,0,1,3,NA,2,0,1,pre-quake
2020-04-06T09:30:00Z,7,NA,9,4,NA,NA,0,1,pre-quake
2020-04-06T09:30:00Z,8,0,7,2,NA,2,0,1,pre-quake
2020-04-06T09:30:00Z,9,7.666666666666667,2,3.6666666666666665,7.666666666666667,5,0.3333333333333333,3,pre-quake
2020-04-06T09:30:00Z,12,5,6,7,NA,4,0,1,pre-quake
2020-04-06T09:30:00Z,15,9,0,5,NA,5,0,1,pre-quake
2020-04-06T09:35:00Z,1,10,4,10,5,6,0,1,pre-quake
2020-04-06T09:35:00Z,2,6,10,3,NA,6,0,1,pre-quake
2020-04-06T09:35:00Z,8,1.5,6.5,8,NA,4.5,0,2,pre-quake
2020-04-06T09:35:00Z,9,3.5,7.5,2.5,6,4,0,2,pre-quake
2020-04-06T09:35:00Z,13,2,6,10,NA,10,0,1,pre-quake
2020-04-06T09:35:00Z,15,5,3,3.3333333333333335,NA,5.333333333333333,0,3,pre-quake
2020-04-06T09:35:00Z,16,0,5,0,9,10,0,1,pre-quake
2020-04-06T09:35:00Z,18,10,3,1,NA,2,0,1,pre-quake
2020-04-06T09:40:00Z,2,2,10,8,NA,4,1,1,pre-quake
2020-04-06T09:40:00Z,3,9,2,7,9,3,0,1,pre-quake
2020-04-06T09:40:00Z,4,6,9,0,NA,7,0,1,pre-quake
2020-04-06T09:40:00Z,6,6,10,5,10,2,0,1,pre-quake
2020-04-06T09:40:00Z,16,0,6,2,6,2,0,1,pre-quake
2020-04-06T09:45:00Z,1,6,4,7,1,10,0,1,pre-quake
2020-04-06T09:45:00Z,6,10,2,10,2,10,0,1,pre-quake
2020-04-06T09:45:00Z,8,7,10,10,NA,0,0,1,pre-quake
2020-04-06T09:45:00Z,9,10,10,1,4,6,0,1,pre-quake
2020-04-06T09:45:00Z,15,7.5,4,2.25,NA,4.5,0.25,4,pre-quake
2020-04-06T09:50:00Z,2,8,6,10,NA,9,0,1,pre-quake
2020-04-06T09:50:00Z,3,2,10,10,5,0,0,1,pre-quake
2020-04-06T09:50:00Z,5,1,7,10,4,10,0,1,pre-quake
2020-04-06T09:50:00Z,6,6,10,3,1,10,0,1,pre-quake
2020-04-06T09:50:00Z,8,9,9,2,NA,5,0,1,pre-quake
2020-04-06T09:50:00Z,9,10,1,9,1,3,0,1,pre-quake
2020-04-06T09:50:00Z,14,9,10,6,NA,6,0,1,pre-quake
2020-04-06T09:50:00Z,15,3,6,4,10,5.5,0.5,2,pre-quake
2020-04-06T09:50:00Z,18,6,8,4,NA,4,0,1,pre-quake
2020-04-06T09:55:00Z,2,4,1,10,NA,9,0,1,pre-quake
2020-04-06T09:55:00Z,3,10,1,10,8,1,0,1,pre-quake
2020-04-06T09:55:00Z,6,1,10,10,3,1,1,1,pre-quake
2020-04-06T09:55:00Z,12,8,4,6,NA,10,1,1,pre-quake
2020-04-06T09:55:00Z,13,1,8,10,NA,2,0,1,pre-quake
2020-04-06T09:55:00Z,15,10,10,10,NA,6,0,1,pre-quake
2020-04-06T09:55:00Z,18,2,6,7,NA,9,0,1,pre-quake
2020-04-06T10:00:00Z,1,0,0,4,1,3,0,1,pre-quake
2020-04-06T10:00:00Z,2,4,1,1,NA,10,0,1,pre-quake
2020-04-06T10:00:00Z,3,4,5,9,0,7,0,1,pre-quake
2020-04-06T10:00:00Z,4,9,10,6,NA,10,0,1,pre-quake
2020-04-06T10:00:00Z,8,7,7,1,NA,4,0,1,pre-quake
2020-04-06T10:00:00Z,9,4,2.5,6,8.5,3.5,0,2,pre-quake
2020-04-06T10:00:00Z,10,1,10,5,NA,5,0,1,pre-quake
2020-04-06T10:00:00Z,15,6.5,2,10,NA,3,0,2,pre-quake
2020-04-06T10:00:00Z,16,5,2,1,5,8,0,1,pre-quake
2020-04-06T10:05:00Z,9,0,0,10,9,2,0,1,pre-quake
2020-04-06T10:05:00Z,16,8,6,1,0,5,0,1,pre-quake
2020-04-06T10:10:00Z,2,1,10,0,NA,1,1,1,pre-quake
2020-04-06T10:10:00Z,3,5,0,1,8,3,0,1,pre-quake
2020-04-06T10:10:00Z,8,9,5,2,NA,8,0,1,pre-quake
2020-04-06T10:10:00Z,14,5,7,2,NA,1,0,1,pre-quake
2020-04-06T10:10:00Z,15,1,10,7,NA,1,0,1,pre-quake
2020-04-06T10:10:00Z,17,2,9,6,NA,7,0,1,pre-quake
2020-04-06T10:10:00Z,18,6,7,0,NA,10,0,1,pre-quake
2020-04-06T10:15:00Z,2,5,7,0,NA,8,0,1,pre-quake
2020-04-06T10:15:00Z,5,9,4,10,9,2,0,1,pre-quake
2020-04-06T10:15:00Z,16,4,0,7,5,4,0,1,pre-quake
2020-04-06T10:15:00Z,18,6,4.5,0,NA,0,0,2,pre-quake
2020-04-06T10:15:00Z,19,9,3,2,NA,1,0,1,pre-quake
2020-04-06T10:20:00Z,6,7,2,9,9,2,0,1,pre-quake
2020-04-06T10:20:00Z,8,4,8,10,NA,10,0,1,pre-quake
2020-04-06T10:20:00Z,9,5,2,8.5,5.5,5,0,2,pre-quake
2020-04-06T10:20:00Z,15,1,8,2,NA,2,0,1,pre-quake
2020-04-06T10:20:00Z,16,5,9,5.5,5,10,0,2,pre-quake
2020-04-06T10:20:00Z,17,2.5,6,6,NA,3,0,2,pre-quake
2020-04-06T10:25:00Z,1,9,2,2,9,10,0,1,pre-quake
2020-04-06T10:25:00Z,6,0,8,9,3,1,0,1,pre-quake
2020-04-06T10:25:00Z,8,3,2,8,1,9,0,1,pre-quake
2020-04-06T10:25:00Z,9,10,8,1,1,4,0,1,pre-quake
2020-04-06T10:25:00Z,10,4,0,7,NA,9,0,1,pre-quake
2020-04-06T10:25:00Z,15,4,9.5,6.5,NA,9,0,2,pre-quake
2020-04-06T10:25:00Z,16,8,0.5,1.5,8,2.5,0,2,pre-quake
2020-04-06T10:25:00Z,18,7,9,10,NA,3,0,1,pre-quake
2020-04-06T10:30:00Z,3,3,7,0,0,8,0,1,pre-quake
2020-04-06T10:30:00Z,6,10,3.5,6,5,8.5,0,2,pre-quake
2020-04-06T10:30:00Z,9,7.5,4,5.5,3,1.5,0,2,pre-quake
2020-04-06T10:30:00Z,10,3,1,0,NA,4,0,1,pre-quake
2020-04-06T10:30:00Z,16,4,2,5,2,4,0,1,pre-quake
2020-04-06T10:35:00Z,3,7,9,10,4,7,0,1,pre-quake
2020-04-06T10:35:00Z,6,3,4.5,6.5,8.5,6.5,0,2,pre-quake
2020-04-06T10:35:00Z,10,5,9,10,NA,2,0,1,pre-quake
2020-04-06T10:35:00Z,12,5,10,8,NA,1,0,1,pre-quake
2020-04-06T10:35:00Z,15,10,4,0,NA,1,0,1,pre-quake
2020-04-06T10:40:00Z,6,4.666666666666667,5.666666666666667,3.6666666666666665,4.333333333333333,6.666666666666667,0,3,pre-quake
2020-04-06T10:40:00Z,8,7,3,1,NA,1,0,1,pre-quake
2020-04-06T10:40:00Z,9,8,4,7,2,7,0,1,pre-quake
2020-04-06T10:40:00Z,15,4.666666666666667,3.3333333333333335,3.3333333333333335,NA,5.333333333333333,0,3,pre-quake
2020-04-06T10:40:00Z,17,1,5,4,NA,10,0,1,pre-quake
2020-04-06T10:45:00Z,1,2,9,9,6,0,0,1,pre-quake
2020-04-06T10:45:00Z,2,7,1,7,NA,5,0,1,pre-quake
2020-04-06T10:45:00Z,3,10,3,9,9,5,0,1,pre-quake
2020-04-06T10:45:00Z,8,2,7,7,NA,9,0,1,pre-quake
2020-04-06T10:45:00Z,14,8,10,0,NA,8,0,1,pre-quake
2020-04-06T10:45:00Z,15,4,8,8,NA,3,0,1,pre-quake
2020-04-06T10:45:00Z,16,8,0,10,5,4,0,1,pre-quake
2020-04-06T10:45:00Z,18,1,8,10,NA,8,0,1,pre-quake
2020-04-06T10:50:00Z,6,8,4,6,2,9,0,1,pre-quake
2020-04-06T10:50:00Z,9,10,6,6,2,4,0,1,pre-quake
2020-04-06T10:50:00Z,12,5,8,2,NA,10,0,1,pre-quake
2020-04-06T10:50:00Z,14,7,2.5,4,NA,3.5,0,2,pre-quake
2020-04-06T10:50:00Z,15,2.5,6,4.5,NA,7,0,2,pre-quake
2020-04-06T10:55:00Z,2,5.333333333333333,6.333333333333333,5.333333333333333,NA,8.666666666666666,0,3,pre-quake
2020-04-06T10:55:00Z,6,3,2,8,2,3,0,1,pre-quake
2020-04-06T10:55:00Z,10,7,0,9,NA,1,0,1,pre-quake
2020-04-06T10:55:00Z,15,7,6,7,NA,5,0,1,pre-quake
2020-04-06T11:00:00Z,5,10,0,1,2,2,0,1,pre-quake
2020-04-06T11:00:00Z,6,2.5,3.5,3,4.5,3.5,0,2,pre-quake
2020-04-06T11:00:00Z,8,6,9,9,NA,3,0,1,pre-quake
2020-04-06T11:00:00Z,10,6,10,10,NA,8,0,1,pre-quake
2020-04-06T11:00:00Z,11,3,10,9,5,2,0,1,pre-quake
2020-04-06T11:00:00Z,15,7,10,5,NA,3,0,1,pre-quake
2020-04-06T11:00:00Z,16,7,1,4,7,2,0,1,pre-quake
2020-04-06T11:00:00Z,17,10,10,6,NA,0,0,1,pre-quake
2020-04-06T11:00:00Z,18,8,9,9,NA,10,0,1,pre-quake
2020-04-06T11:00:00Z,19,6,7,3,NA,7,0,1,pre-quake
2020-04-06T11:05:00Z,2,6,1.3333333333333333,4.333333333333333,NA,7.666666666666667,0,3,pre-quake
2020-04-06T11:05:00Z,3,2,8,6,2,10,0,1,pre-quake
2020-04-06T11:05:00Z,8,2,10,5,NA,7,1,1,pre-quake
2020-04-06T11:05:00Z,12,10,6,10,NA,6,0,1,pre-quake
2020-04-06T11:05:00Z,14,3.5,4,4,NA,6,0,2,pre-quake
2020-04-06T11:05:00Z,15,4,2,7.5,NA,8,0.5,2,pre-quake
2020-04-06T11:10:00Z,2,5.5,9,4,NA,7,0,2,pre-quake
2020-04-06T11:10:00Z,3,8,7,0,1,1,0,1,pre-quake
2020-04-06T11:10:00Z,9,9,5,8,10,6,0,1,pre-quake
2020-04-06T11:10:00Z,15,0,1,10,NA,5,0,1,pre-quake
2020-04-06T11:10:00Z,19,10,3,1,NA,6,0,1,pre-quake
2020-04-06T11:15:00Z,1,1,4,4,8,8,0,1,pre-quake
2020-04-06T11:15:00Z,2,0,9,9,NA,5,0,1,pre-quake
2020-04-06T11:15:00Z,3,3,1,5,4,6.5,0,2,pre-quake
2020-04-06T11:15:00Z,9,6.5,4,5,8.5,4.5,0,2,pre-quake
2020-04-06T11:15:00Z,12,1,6,0,NA,1,0,1,pre-quake
2020-04-06T11:15:00Z,15,3,1,7,NA,10,0,1,pre-quake
2020-04-06T11:15:00Z,16,7,10,4,7,3,0,1,pre-quake
2020-04-06T11:20:00Z,2,7,9,4,NA,6,0,1,pre-quake
2020-04-06T11:20:00Z,6,6,2,4,5.5,6,0,2,pre-quake
2020-04-06T11:20:00Z,8,5.5,3.5,6,NA,6,0.5,2,pre-quake
2020-04-06T11:20:00Z,15,4,2,10,NA,7,0,1,pre-quake
2020-04-06T11:20:00Z,17,3,2,8,NA,1,0,1,pre-quake
2020-04-06T11:20:00Z,19,6,5,6,NA,4.5,0,2,pre-quake
2020-04-06T11:25:00Z,6,6.666666666666667,8,2.6666666666666665,2.3333333333333335,7.666666666666667,0,3,pre-quake
2020-04-06T11:25:00Z,9,3,1,7,10,10,0,1,pre-quake
2020-04-06T11:25:00Z,10,3,9,9,NA,10,1,1,pre-quake
2020-04-06T11:25:00Z,15,0,0,5,NA,8,0,1,pre-quake
2020-04-06T11:25:00Z,16,8,3,1,5,9,1,1,pre-quake
2020-04-06T11:30:00Z,1,10,9,7,1,6,1,1,pre-quake
2020-04-06T11:30:00Z,3,0,9,1,10,8,0,1,pre-quake
2020-04-06T11:30:00Z,5,8,9,10,10,4,0,1,pre-quake
2020-04-06T11:30:00Z,8,0,6,2,NA,10,1,1,pre-quake
2020-04-06T11:30:00Z,12,9,5,1,NA,6,1,1,pre-quake
2020-04-06T11:30:00Z,15,7,10,10,NA,2,0,1,pre-quake
2020-04-06T11:35:00Z,2,6.5,0.5,5.5,NA,5.5,0,2,pre-quake
2020-04-06T11:35:00Z,5,2,0,3,2,7,0,1,pre-quake
2020-04-06T11:35:00Z,8,3,8,8,NA,6,0,1,pre-quake
2020-04-06T11:35:00Z,12,5,10,6,NA,8,0,1,pre-quake
2020-04-06T11:35:00Z,15,7,7.5,1,NA,3,0,2,pre-quake
2020-04-06T11:35:00Z,19,10,9,0,NA,3,0,1,pre-quake
2020-04-06T11:40:00Z,1,10,10,7,9,10,0,1,pre-quake
2020-04-06T11:40:00Z,3,3,2,4,10,6,0,1,pre-quake
2020-04-06T11:40:00Z,6,10,10,7,10,2,0,1,pre-quake
2020-04-06T11:40:00Z,8,2,1.5,2.5,NA,8.5,1,2,pre-quake
2020-04-06T11:40:00Z,9,10,7,5,10,0,0,1,pre-quake
2020-04-06T11:40:00Z,14,0,8,0,NA,8,0,1,pre-quake
2020-04-06T11:40:00Z,15,10,1,10,NA,2,0,1,pre-quake
2020-04-06T11:45:00Z,1,4,7,10,0,0,0,1,pre-quake
2020-04-06T11:45:00Z,2,3,3.5,6.5,NA,8.5,0,2,pre-quake
2020-04-06T11:45:00Z,3,5,10,5,0,10,0,1,pre-quake
2020-04-06T11:45:00Z,8,5,10,1,NA,6,0,1,pre-quake
2020-04-06T11:45:00Z,9,1,8,6,0,3,0,1,pre-quake
2020-04-06T11:45:00Z,10,10,10,6,NA,0,0,1,pre-quake
2020-04-06T11:45:00Z,13,2,1,10,NA,10,0,1,pre-quake
2020-04-06T11:45:00Z,14,2,2,9,NA,6,0,1,pre-quake
2020-04-06T11:45:00Z,16,0,1,5,9,3,0,1,pre-quake
2020-04-06T11:45:00Z,18,4,2,10,NA,0,1,1,pre-quake
2020-04-06T11:50:00Z,2,3,10,9,NA,3,0,1,pre-quake
2020-04-06T11:50:00Z,3,7,4,9,10,0,0,1,pre-quake
2020-04-06T11:50:00Z,6,4,2,9,1,7,0,1,pre-quake
2020-04-06T11:50:00Z,8,8,7,8.5,NA,2,0,2,pre-quake
2020-04-06T11:50:00Z,14,4,10,8,NA,10,0,1,pre-quake
2020-04-06T11:50:00Z,15,8,6,4,NA,8.5,0,2,pre-quake
2020-04-06T11:50:00Z,17,9,6,3,NA,10,0,1,pre-quake
2020-04-06T11:55:00Z,3,4,6,6,7,8,0,1,pre-quake
2020-04-06T11:55:00Z,12,10,6,10,NA,2,0,1,pre-quake
2020-04-06T11:55:00Z,13,1,1,9,NA,10,0,1,pre-quake
2020-04-06T11:55:00Z,15,6,8.666666666666666,5.333333333333333,NA,1.6666666666666667,0,3,pre-quake
2020-04-06T11:55:00Z,16,0,10,6,0,0,0,1,pre-quake
2020-04-06T12:00:00Z,1,4.5,3.5,8,7,4.5,0,2,pre-quake
2020-04-06T12:00:00Z,8,10,1,2,NA,10,0,1,pre-quake
2020-04-06T12:00:00Z,10,7,10,0,NA,6,0,1,pre-quake
2020-04-06T12:00:00Z,14,7,10,10,NA,4,0,1,pre-quake
2020-04-06T12:05:00Z,2,4,0,1,NA,9,0,1,pre-quake
2020-04-06T12:05:00Z,4,7,2,4,NA,6,0,1,pre-quake
2020-04-06T12:05:00Z,8,4.5,5.5,5.5,NA,6.5,0,2,pre-quake
2020-04-06T12:05:00Z,9,7,4,6,7,9,0,1,pre-quake
2020-04-06T12:05:00Z,10,5,5,7,NA,1,0,1,pre-quake
2020-04-06T12:05:00Z,12,3.5,6,5,7,4,0,2,pre-quake
2020-04-06T12:05:00Z,14,5,1,9,NA,7,0,1,pre-quake
2020-04-06T12:10:00Z,3,1,5,8,9,6,0,1,pre-quake
2020-04-06T12:10:00Z,5,6,1,4,6,9,0,1,pre-quake
2020-04-06T12:10:00Z,8,6.5,3.5,3.5,NA,4,0,2,pre-quake
2020-04-06T12:10:00Z,15,8,9,6,NA,9,0,2,pre-quake
2020-04-06T12:15:00Z,1,3,1,0,7,9,0,1,pre-quake
2020-04-06T12:15:00Z,2,5,9.5,9,NA,1.5,0,2,pre-quake
2020-04-06T12:15:00Z,5,5,1,10,5,4,0,1,pre-quake
2020-04-06T12:15:00Z,6,8.5,1.5,5.75,9,3.75,0,4,pre-quake
2020-04-06T12:15:00Z,8,0.5,5,7,NA,4,0.5,2,pre-quake
2020-04-06T12:15:00Z,14,9,8,8,NA,3,0,1,pre-quake
2020-04-06T12:15:00Z,18,6,0,8,NA,9,0,1,pre-quake
2020-04-06T12:20:00Z,5,2,1,6,1,0,0,1,pre-quake
2020-04-06T12:20:00Z,6,10,6,5,2,2,0,1,pre-quake
2020-04-06T12:20:00Z,8,6,7,4,NA,4,0,2,pre-quake
2020-04-06T12:20:00Z,9,2,7,2,2,7,0,1,pre-quake
2020-04-06T12:20:00Z,12,10,1,10,NA,1,0,1,pre-quake
2020-04-06T12:20:00Z,15,6.5,9,5,NA,4.5,0,2,pre-quake
2020-04-06T12:25:00Z,2,1,6,2,NA,4,0,1,pre-quake
2020-04-06T12:25:00Z,3,10,6,6.5,5,5.5,0,2,pre-quake
2020-04-06T12:25:00Z,6,4,6.5,10,5,2,0,2,pre-quake
2020-04-06T12:25:00Z,8,2.3333333333333335,5.333333333333333,1.3333333333333333,NA,7,0,3,pre-quake
2020-04-06T12:25:00Z,9,10,1,2,10,6,0,1,pre-quake
2020-04-06T12:25:00Z,15,1,1,6,NA,10,0,1,pre-quake
2020-04-06T12:25:00Z,16,0,4,2,3,4,0,1,pre-quake
2020-04-06T12:25:00Z,17,2,10,10,NA,9,0,1,pre-quake
2020-04-06T12:25:00Z,18,2,10,4,NA,1,0,1,pre-quake
2020-04-06T12:30:00Z,2,1,3,5,NA,4,0,1,pre-quake
2020-04-06T12:30:00Z,3,2,6,6,1,10,0,1,pre-quake
2020-04-06T12:30:00Z,8,3,8,5,NA,6,0,1,pre-quake
2020-04-06T12:30:00Z,9,7,4.5,2,5.5,4,0,2,pre-quake
2020-04-06T12:30:00Z,15,4,9,3,NA,4,0,1,pre-quake
2020-04-06T12:30:00Z,16,9,5,5,9,0,0,1,pre-quake
2020-04-06T12:30:00Z,19,6,5,0,NA,0,0,1,pre-quake
2020-04-06T12:35:00Z,2,10,8,1,NA,1,1,1,pre-quake
2020-04-06T12:35:00Z,3,6,9,10,3,1,0,1,pre-quake
2020-04-06T12:35:00Z,6,7,10,0,10,9,0,1,pre-quake
2020-04-06T12:35:00Z,8,9.5,6.5,3,NA,3,0,2,pre-quake
2020-04-06T12:35:00Z,9,6,10,1,10,8,0,1,pre-quake
2020-04-06T12:35:00Z,12,9,3,0,NA,1,0,1,pre-quake
2020-04-06T12:35:00Z,14,4,0,5,NA,10,0,1,pre-quake
2020-04-06T12:35:00Z,17,6,10,1,NA,10,0,1,pre-quake
2020-04-06T12:40:00Z,6,8,7,10,7,6,1,1,pre-quake
2020-04-06T12:40:00Z,8,8.5,4.5,4.5,NA,8.5,0,2,pre-quake
2020-04-06T12:40:00Z,12,1,9,3,NA,5,0,1,pre-quake
2020-04-06T12:45:00Z,2,5,2,10,NA,8,0,1,pre-quake
2020-04-06T12:45:00Z,3,7,0,9,10,10,0,1,pre-quake
2020-04-06T12:45:00Z,6,0,9,2,9,3,0,1,pre-quake
2020-04-06T12:45:00Z,8,7,10,5,NA,10,0,1,pre-quake
2020-04-06T12:45:00Z,10,8,4,7,NA,0,0,1,pre-quake
2020-04-06T12:50:00Z,3,7,9,7,0,8,0,1,pre-quake
2020-04-06T12:50:00Z,5,0,10,10,10,10,0,1,pre-quake
2020-04-06T12:50:00Z,8,8,6,4,NA,6,0,1,pre-quake
2020-04-06T12:50:00Z,19,3,7,1,NA,1,0,1,pre-quake
2020-04-06T12:55:00Z,2,6,10,9,NA,1,0,1,pre-quake
2020-04-06T12:55:00Z,3,0,8,6.5,4,7.5,0,2,pre-quake
2020-04-06T12:55:00Z,5,5,6,10,0,1,0,1,pre-quake
2020-04-06T12:55:00Z,6,4.75,4.5,6,3.75,6.25,0.25,4,pre-quake
2020-04-06T12:55:00Z,14,8,8,9,NA,1,0,2,pre-quake
2020-04-06T12:55:00Z,15,6,0,10,NA,8,0,1,pre-quake
2020-04-06T13:00:00Z,3,0,8,0,6,7,0,1,pre-quake
2020-04-06T13:00:00Z,6,7,4,7,1,2,0,1,pre-quake
2020-04-06T13:00:00Z,8,7,8,2,NA,10,0,1,pre-quake
2020-04-06T13:00:00Z,15,1,7.5,9.5,NA,1.5,0.5,2,pre-quake
2020-04-06T13:00:00Z,16,4,7,9,1.5,1.5,0,2,pre-quake
2020-04-06T13:05:00Z,6,9,5,10,4,9,0,1,pre-quake
2020-04-06T13:05:00Z,15,5,5,1,NA,3,0,1,pre-quake
2020-04-06T13:05:00Z,16,9,3,0,3,10,0,1,pre-quake
2020-04-06T13:10:00Z,3,3,10,2,1,1,0,1,pre-quake
2020-04-06T13:10:00Z,8,8,0,3,NA,10,0,1,pre-quake
2020-04-06T13:10:00Z,9,4,10,3,7,4,0,1,pre-quake
2020-04-06T13:10:00Z,10,3,1,3,NA,4,0,1,pre-quake
2020-04-06T13:10:00Z,12,5,1,9,NA,10,0,1,pre-quake
2020-04-06T13:10:00Z,13,8,4,10,NA,0,0,1,pre-quake
2020-04-06T13:10:00Z,17,2,1,8,NA,4,0,1,pre-quake
2020-04-06T13:10:00Z,19,3,3,3,NA,10,0,1,pre-quake
2020-04-06T13:15:00Z,1,9,2,4,8,9,0,1,pre-quake
2020-04-06T13:15:00Z,6,4,8.5,10,5.5,5,0,2,pre-quake
2020-04-06T13:15:00Z,8,4,6,2,NA,6,0,1,pre-quake
2020-04-06T13:15:00Z,10,6,10,7,NA,10,0,1,pre-quake
2020-04-06T13:15:00Z,12,10,4,1,NA,1,0,1,pre-quake
2020-04-06T13:15:00Z,15,6,5,9.5,NA,5.5,0,2,pre-quake
2020-04-06T13:15:00Z,17,1,0,3,NA,10,0,1,pre-quake
2020-04-06T13:20:00Z,3,6,5.5,9.5,8,1,0,2,pre-quake
2020-04-06T13:20:00Z,5,6,9.5,4,10,8,0,2,pre-quake
2020-04-06T13:20:00Z,7,NA,4,8,NA,NA,0,1,pre-quake
2020-04-06T13:20:00Z,8,4,4,3,NA,7,0,2,pre-quake
2020-04-06T13:20:00Z,9,7,4,5,5,5,0,2,pre-quake
2020-04-06T13:20:00Z,14,5,6,4,NA,3,0,1,pre-quake
2020-04-06T13:20:00Z,16,10,2,9,10,5,0,1,pre-quake
2020-04-06T13:20:00Z,17,7,8,10,NA,2,0,1,pre-quake
2020-04-06T13:20:00Z,18,4,2,10,NA,6,0,1,pre-quake
2020-04-06T13:20:00Z,19,7,4,2,NA,10,0,1,pre-quake
2020-04-06T13:25:00Z,3,3,4.5,4.5,5.25,6.75,0,4,pre-quake
2020-04-06T13:25:00Z,8,10,4,5,NA,6,0,1,pre-quake
2020-04-06T13:25:00Z,9,5,5,8,10,7,0,1,pre-quake
2020-04-06T13:25:00Z,15,7.5,7.5,5.5,NA,0.5,0,2,pre-quake
2020-04-06T13:25:00Z,16,3,1,3,10,1,0,1,pre-quake
2020-04-06T13:30:00Z,2,6.5,4,5.5,NA,5,0,2,pre-quake
2020-04-06T13:30:00Z,3,4,5,5,7,3,1,1,pre-quake
2020-04-06T13:30:00Z,11,7,7,8,4,5,0,1,pre-quake
2020-04-06T13:30:00Z,15,9,1,10,NA,10,0,1,pre-quake
2020-04-06T13:30:00Z,18,6.5,5,6.5,8,5,0,2,pre-quake
2020-04-06T13:35:00Z,6,2.6666666666666665,3.3333333333333335,6.666666666666667,7.333333333333333,5.666666666666667,0.3333333333333333,3,pre-quake
2020-04-06T13:35:00Z,8,2,6,5.166666666666667,NA,5.5,0.16666666666666666,6,pre-quake
2020-04-06T13:35:00Z,19,8,1,10,NA,2,0,1,pre-quake
2020-04-06T13:40:00Z,2,0,1,5.5,NA,10,0,2,pre-quake
2020-04-06T13:40:00Z,6,10,0,8,6,8,0,1,pre-quake
2020-04-06T13:40:00Z,8,5.5,5,1.5,NA,3.5,0,2,pre-quake
2020-04-06T13:40:00Z,14,10,1,5,NA,10,0,1,pre-quake
2020-04-06T13:40:00Z,15,6,6,4,NA,6,0,1,pre-quake
2020-04-06T13:45:00Z,2,2,8.666666666666666,7,NA,4,0,3,pre-quake
2020-04-06T13:45:00Z,3,2,8,7,4,7,0,1,pre-quake
2020-04-06T13:45:00Z,6,6,5,8.5,4,4,0,2,pre-quake
2020-04-06T13:45:00Z,9,5,5,7.333333333333333,3.3333333333333335,4,0,3,pre-quake
2020-04-06T13:45:00Z,15,5,5.5,6.5,NA,3.5,0.5,2,pre-quake
2020-04-06T13:45:00Z,18,5,5,2,NA,4,0,1,pre-quake
2020-04-06T13:50:00Z,2,3,6,4.5,NA,10,0,2,pre-quake
2020-04-06T13:50:00Z,3,0,10,6,0,10,0,1,pre-quake
2020-04-06T13:50:00Z,8,0,0,9,NA,4,0,1,pre-quake
2020-04-06T13:50:00Z,15,8.5,9,5,NA,3,0,2,pre-quake
2020-04-06T13:55:00Z,3,9,10,5,10,0,0,1,pre-quake
2020-04-06T13:55:00Z,8,3.5,3,1.5,NA,5,0.5,2,pre-quake
2020-04-06T13:55:00Z,11,3,3,4,9,10,0,1,pre-quake
2020-04-06T13:55:00Z,13,10,4,5,NA,8,0,1,pre-quake
2020-04-06T13:55:00Z,15,5.5,5.5,3,NA,3.5,0.5,2,pre-quake
2020-04-06T13:55:00Z,17,6,9,10,NA,4,0,1,pre-quake
2020-04-06T13:55:00Z,18,3,8,9,NA,8,0,1,pre-quake
2020-04-06T13:55:00Z,19,3,4,8,NA,3,0,1,pre-quake
2020-04-06T14:00:00Z,2,10,7,5,NA,5.5,0,2,pre-quake
2020-04-06T14:00:00Z,3,3,2.6666666666666665,5.333333333333333,6.333333333333333,7.666666666666667,0,3,pre-quake
2020-04-06T14:00:00Z,4,9,8,10,NA,10,0,1,pre-quake
2020-04-06T14:00:00Z,6,4,5,9,0,0,0,1,pre-quake
2020-04-06T14:00:00Z,9,3,1,2,2,8,0,1,pre-quake
2020-04-06T14:00:00Z,10,7,5,10,NA,10,0,1,pre-quake
2020-04-06T14:00:00Z,15,4.5,4.5,6.5,NA,4,0.5,2,pre-quake
2020-04-06T14:00:00Z,16,8,5,8,3,7,0,1,pre-quake
2020-04-06T14:00:00Z,18,8,2,5,NA,4,0,1,pre-quake
2020-04-06T14:05:00Z,1,9,1,1,7,1,0,1,pre-quake
2020-04-06T14:05:00Z,2,8.5,2.5,8,NA,7.5,0,2,pre-quake
2020-04-06T14:05:00Z,5,10,8,7,2,0,0,1,pre-quake
2020-04-06T14:05:00Z,16,9,1,3,2,0,0,1,pre-quake
2020-04-06T14:10:00Z,1,8,10,8,7,0,0,1,pre-quake
2020-04-06T14:10:00Z,2,10,7,6,NA,6,0,1,pre-quake
2020-04-06T14:10:00Z,3,7,4,5,0,8,1,1,pre-quake
2020-04-06T14:10:00Z,6,7,6,4,4,3,0,1,pre-quake
2020-04-06T14:10:00Z,8,10,7,2,NA,1,0,1,pre-quake
2020-04-06T14:10:00Z,9,2,3,6,3.5,5.5,0,2,pre-quake
2020-04-06T14:10:00Z,14,6,5.5,3,NA,2.5,1,2,pre-quake
2020-04-06T14:10:00Z,15,3,2,5,NA,9,0,1,pre-quake
2020-04-06T14:10:00Z,19,2,4,3,NA,9,0,1,pre-quake
2020-04-06T14:15:00Z,1,9,3,5,9,5,1,1,pre-quake
2020-04-06T14:15:00Z,6,4.333333333333333,7.666666666666667,3.6666666666666665,7.333333333333333,5.333333333333333,0,3,pre-quake
2020-04-06T14:15:00Z,14,10,5,7,NA,1,0,1,pre-quake
2020-04-06T14:15:00Z,15,5,8,3,NA,4,0,1,pre-quake
2020-04-06T14:15:00Z,16,9,1,3.5,5.5,4.5,0,2,pre-quake
2020-04-06T14:15:00Z,17,1,10,9,NA,7,0,1,pre-quake
2020-04-06T14:20:00Z,3,10,8,6,2,1,0,1,pre-quake
2020-04-06T14:20:00Z,6,1,10,0,5,7,0,1,pre-quake
2020-04-06T14:20:00Z,8,10,4,3,NA,6,0,1,pre-quake
2020-04-06T14:20:00Z,9,3.3333333333333335,4.666666666666667,5.333333333333333,6,7.333333333333333,0,3,pre-quake
2020-04-06T14:20:00Z,10,4,7,10,NA,8,1,1,pre-quake
2020-04-06T14:20:00Z,19,5,10,8,NA,10,0,1,pre-quake
2020-04-06T14:25:00Z,1,10,7,0,0,5,0,1,pre-quake
2020-04-06T14:25:00Z,2,6,1,8,NA,9,0,1,pre-quake
2020-04-06T14:25:00Z,5,2,5,6,10,7,0,1,pre-quake
2020-04-06T14:25:00Z,6,5,2,9,9,7,0,1,pre-quake
2020-04-06T14:25:00Z,7,NA,5,5,NA,NA,1,1,pre-quake
2020-04-06T14:25:00Z,10,0,8,2,NA,6,1,1,pre-quake
2020-04-06T14:25:00Z,12,6,10,0,NA,3,0,1,pre-quake
2020-04-06T14:25:00Z,15,2,2.5,5.5,NA,8,0,2,pre-quake
2020-04-06T14:25:00Z,16,6,1,0,4,8,0,1,pre-quake
2020-04-06T14:30:00Z,3,3.5,6,8,8,0.5,0,2,pre-quake
2020-04-06T14:30:00Z,6,5,3,1,1,1,0,1,pre-quake
2020-04-06T14:30:00Z,8,5,3.5,6.5,NA,1,0,2,pre-quake
2020-04-06T14:30:00Z,9,2,8,1,4,4,1,1,pre-quake
2020-04-06T14:35:00Z,1,0,0,0,0,0,0,1,pre-quake
2020-04-06T14:35:00Z,2,0,0,0,NA,1.25,0,4,pre-quake
2020-04-06T14:35:00Z,3,3.75,4.5,3,3.75,2.5,1,4,pre-quake
2020-04-06T14:35:00Z,4,0,0.14285714285714285,0.14285714285714285,NA,1.8571428571428572,2.142857142857143,7,pre-quake
2020-04-06T14:35:00Z,5,10,8,9,3,6,0,1,pre-quake
2020-04-06T14:35:00Z,6,2.75,4.5,3.5,1.75,4.75,0.25,4,pre-quake
2020-04-06T14:35:00Z,8,1.2857142857142858,1.8571428571428572,2.7142857142857144,NA,3.5714285714285716,0,7,pre-quake
2020-04-06T14:35:00Z,9,1.6,0.2,1,1.6,3.4,0.2,5,pre-quake
2020-04-06T14:35:00Z,12,0,0,0,NA,0,1,1,pre-quake
2020-04-06T14:35:00Z,13,0,1,3.5,NA,2,0,2,pre-quake
2020-04-06T14:35:00Z,14,0.6666666666666666,1.6666666666666667,0.6666666666666666,NA,3.3333333333333335,0.3333333333333333,3,pre-quake
2020-04-06T14:35:00Z,15,0.25,0,0,NA,1,0.25,4,pre-quake
2020-04-06T14:35:00Z,19,2.5,0,0,NA,2,0.5,2,pre-quake
2020-04-06T14:40:00Z,2,3,5,5,NA,6,0,1,pre-quake
2020-04-06T14:40:00Z,3,3.4545454545454546,2.909090909090909,2.909090909090909,2.272727272727273,3.1818181818181817,1.0909090909090908,11,pre-quake
2020-04-06T14:40:00Z,4,0,1,0,NA,2,2,1,pre-quake
2020-04-06T14:40:00Z,5,0.5,1,3,2.5,3,0.5,2,pre-quake
2020-04-06T14:40:00Z,6,0,0.3333333333333333,0,0,1,0.3333333333333333,3,pre-quake
2020-04-06T14:40:00Z,8,0.5,0.5,1.5,NA,4,1,2,pre-quake
2020-04-06T14:40:00Z,9,0,0,1,0.3333333333333333,3,1,3,pre-quake
2020-04-06T14:40:00Z,10,0,1,2,NA,4,0,1,pre-quake
2020-04-06T14:40:00Z,13,1,0,3,NA,3,0,1,pre-quake
2020-04-06T14:40:00Z,14,9.5,6.5,4.5,NA,7,0,2,pre-quake
2020-04-06T14:40:00Z,15,4.333333333333333,2.3333333333333335,2.6666666666666665,NA,5,0,3,pre-quake
2020-04-06T14:40:00Z,16,0,0,2,1,0,1,1,pre-quake
2020-04-06T14:40:00Z,17,7,10,5,NA,8,0,1,pre-quake
2020-04-06T14:40:00Z,19,2.5,0,0,NA,2.5,0.5,2,pre-quake
2020-04-06T14:45:00Z,1,0,1,0,0,2,0,1,pre-quake
2020-04-06T14:45:00Z,2,7.5,4,6,NA,7,0,2,pre-quake
2020-04-06T14:45:00Z,3,3.5555555555555554,2.888888888888889,3,2.111111111111111,2.7777777777777777,0.7777777777777778,9,pre-quake
2020-04-06T14:45:00Z,4,0,0,0,NA,2,1,1,pre-quake
2020-04-06T14:45:00Z,6,0,0,0,0,1,1,1,pre-quake
2020-04-06T14:45:00Z,8,0,0,1.5,NA,3,0,2,pre-quake
2020-04-06T14:45:00Z,9,0.5555555555555556,0.7777777777777778,1.5555555555555556,1.1111111111111112,3.6666666666666665,0.1111111111111111,9,pre-quake
2020-04-06T14:45:00Z,12,0,0.3333333333333333,0.3333333333333333,NA,1.3333333333333333,0.3333333333333333,3,pre-quake
2020-04-06T14:45:00Z,14,0,0,0.5,NA,2,0,2,pre-quake
2020-04-06T14:45:00Z,18,2.5,0,0.5,0,2,0,2,pre-quake
2020-04-06T14:45:00Z,19,3,0.3333333333333333,0.6666666666666666,NA,3.6666666666666665,0,3,pre-quake
2020-04-06T14:50:00Z,1,1,0.5,4,3.5,0,0.5,2,pre-quake
2020-04-06T14:50:00Z,2,3.6,3.2,0.8,NA,0.8,0.2,5,pre-quake
2020-04-06T14:50:00Z,3,3.5,4.166666666666667,3,3.6666666666666665,4,0.6666666666666666,6,pre-quake
2020-04-06T14:50:00Z,4,0,0,1,NA,2,2,1,pre-quake
2020-04-06T14:50:00Z,5,0,3,0,0,1,0,1,pre-quake
2020-04-06T14:50:00Z,6,0,0,0.5,0,0.5,0.5,2,pre-quake
2020-04-06T14:50:00Z,8,0.2,2,3.6,NA,2.4,0.2,5,pre-quake
2020-04-06T14:50:00Z,9,1.3333333333333333,0.8333333333333334,1.3333333333333333,0.8333333333333334,3.8333333333333335,0.16666666666666666,6,pre-quake
2020-04-06T14:50:00Z,10,0.3333333333333333,3.6666666666666665,3.6666666666666665,NA,2.6666666666666665,0,3,pre-quake
2020-04-06T14:50:00Z,11,0,0,0,2,0,2,1,pre-quake
2020-04-06T14:50:00Z,12,0.5,0,0,NA,0.5,1,2,pre-quake
2020-04-06T14:50:00Z,13,0,0,4,NA,3,0,1,pre-quake
2020-04-06T14:50:00Z,14,1,0,0,NA,3,1,1,pre-quake
2020-04-06T14:50:00Z,15,1,0,1,NA,2,0,1,pre-quake
2020-04-06T14:50:00Z,19,3,0,0,NA,4,1,1,pre-quake
2020-04-06T14:55:00Z,2,0,0,1,NA,1,0,2,pre-quake
2020-04-06T14:55:00Z,3,2.857142857142857,2.5714285714285716,3.2857142857142856,1.7142857142857142,3.2857142857142856,1.1428571428571428,7,pre-quake
2020-04-06T14:55:00Z,5,0,1,1,1,2,1,1,pre-quake
2020-04-06T14:55:00Z,6,2,6,2,9,7,1,1,pre-quake
2020-04-06T14:55:00Z,8,1.2,0.2,3.4,NA,2.8,0,5,pre-quake
2020-04-06T14:55:00Z,9,1,1.1666666666666667,1,0.16666666666666666,2.5,0,6,pre-quake
2020-04-06T14:55:00Z,10,0,0.3333333333333333,3.3333333333333335,NA,3.6666666666666665,0.3333333333333333,3,pre-quake
2020-04-06T14:55:00Z,13,1,4.5,7,NA,4.5,0,2,pre-quake
2020-04-06T14:55:00Z,14,6,10,0,NA,7,0,1,pre-quake
2020-04-06T14:55:00Z,15,2.3333333333333335,3.8333333333333335,4.333333333333333,NA,7.166666666666667,0.16666666666666666,6,pre-quake
2020-04-06T14:55:00Z,16,2,2,10,10,3,0,1,pre-quake
2020-04-06T14:55:00Z,18,5,4,3,NA,3,0,1,pre-quake
2020-04-06T14:55:00Z,19,4,0,0,NA,2,0,1,pre-quake
2020-04-06T15:00:00Z,2,2.75,1.75,5,NA,2.75,0.25,4,pre-quake
2020-04-06T15:00:00Z,3,3.875,2.625,3,2.25,3.25,1.125,8,pre-quake
2020-04-06T15:00:00Z,4,0,0,0,NA,2,3,1,pre-quake
2020-04-06T15:00:00Z,5,0.5,1.5,0.5,0,1,0,2,pre-quake
2020-04-06T15:00:00Z,8,1,1,1,NA,2.5,0,2,pre-quake
2020-04-06T15:00:00Z,9,1,0.25,0.75,0.25,3.75,0.25,4,pre-quake
2020-04-06T15:00:00Z,13,0,0,3,NA,1,1,1,pre-quake
2020-04-06T15:00:00Z,14,1,2,1,NA,2.5,0.25,4,pre-quake
2020-04-06T15:00:00Z,15,0,0,0,NA,2,2,1,pre-quake
2020-04-06T15:00:00Z,16,0,0,1,0,0,1.5,2,pre-quake
2020-04-06T15:00:00Z,19,2,0,0,NA,3,1,1,pre-quake
2020-04-06T15:05:00Z,2,1.25,2.5,1.5,NA,1,0,4,pre-quake
2020-04-06T15:05:00Z,3,3.2857142857142856,2.7142857142857144,2.4285714285714284,2.2857142857142856,2.857142857142857,1,7,pre-quake
2020-04-06T15:05:00Z,4,0,0,0,7,1,2,1,pre-quake
2020-04-06T15:05:00Z,5,2,1,2,0,7,0,1,pre-quake
2020-04-06T15:05:00Z,6,3.75,3.75,2.75,1.75,3.25,0.25,4,pre-quake
2020-04-06T15:05:00Z,8,0,0.2,2,NA,3.4,0.2,5,pre-quake
2020-04-06T15:05:00Z,9,0,0.25,0.75,0.25,2.75,0.25,4,pre-quake
2020-04-06T15:05:00Z,10,1,1,4,NA,4,1,1,pre-quake
2020-04-06T15:05:00Z,11,2,7,4,7,6,0,1,pre-quake
2020-04-06T15:05:00Z,12,0,0,0,NA,0.5,1,2,pre-quake
2020-04-06T15:05:00Z,16,0,0,1,1,0,0,1,pre-quake
2020-04-06T15:05:00Z,17,1,4.5,4,NA,3.5,0.5,2,pre-quake
2020-04-06T15:05:00Z,18,5,6,8,NA,3,0,1,pre-quake
2020-04-06T15:10:00Z,1,0,1,0,1,0,0,1,pre-quake
2020-04-06T15:10:00Z,2,3.3333333333333335,2,2.6666666666666665,NA,3.6666666666666665,0.6666666666666666,3,pre-quake
2020-04-06T15:10:00Z,3,3.3333333333333335,3,2.6666666666666665,2,2.3333333333333335,0.3333333333333333,3,pre-quake
2020-04-06T15:10:00Z,4,0,0,0,NA,2,1,1,pre-quake
2020-04-06T15:10:00Z,8,0.3333333333333333,3.6666666666666665,5,NA,7.333333333333333,0,3,pre-quake
2020-04-06T15:10:00Z,9,0,0.25,0.75,0,3,0,4,pre-quake
2020-04-06T15:10:00Z,10,0.3333333333333333,0.6666666666666666,2.6666666666666665,NA,4,0.3333333333333333,3,pre-quake
2020-04-06T15:10:00Z,11,1,0,0,3,1,0,1,pre-quake
2020-04-06T15:10:00Z,14,6,6,10,NA,4,0,1,pre-quake
2020-04-06T15:10:00Z,15,1,2.6666666666666665,1.3333333333333333,NA,3.6666666666666665,0.3333333333333333,3,pre-quake
2020-04-06T15:10:00Z,16,5,7,7,4,3,0,1,pre-quake
2020-04-06T15:10:00Z,19,3.3333333333333335,0,0,NA,2.6666666666666665,0.3333333333333333,3,pre-quake
2020-04-06T15:15:00Z,2,0,0,0,NA,1,1,1,pre-quake
2020-04-06T15:15:00Z,3,3.2,2.8,3.6,1.8,2.8,0.8,5,pre-quake
2020-04-06T15:15:00Z,5,3,4,8,4,7,0,1,pre-quake
2020-04-06T15:15:00Z,6,1.75,3,1.75,1.25,2.75,0.25,4,pre-quake
2020-04-06T15:15:00Z,8,0,0,2,NA,3,0,3,pre-quake
2020-04-06T15:15:00Z,10,0,0,3,NA,3,0,1,pre-quake
2020-04-06T15:15:00Z,12,4.5,2,3.5,NA,2,1.5,2,pre-quake
2020-04-06T15:15:00Z,14,1,0.5,0.5,NA,3,1,2,pre-quake
2020-04-06T15:15:00Z,15,2.2,2,0.2,NA,2,0,5,pre-quake
2020-04-06T15:15:00Z,16,8,5,7,10,3,0,1,pre-quake
2020-04-06T15:15:00Z,18,6,7,8,NA,5,0,1,pre-quake
2020-04-06T15:15:00Z,19,7.333333333333333,7,6.666666666666667,NA,4,0,3,pre-quake
2020-04-06T15:20:00Z,2,0,0.5,0,NA,0.5,0.5,2,pre-quake
2020-04-06T15:20:00Z,3,4,2.6666666666666665,3.6666666666666665,2.6666666666666665,4.333333333333333,0.6666666666666666,6,pre-quake
2020-04-06T15:20:00Z,5,0,1,0,0,0,1,1,pre-quake
2020-04-06T15:20:00Z,6,1.5,5.5,9.5,2.5,5,0,2,pre-quake
2020-04-06T15:20:00Z,8,3.3333333333333335,0.6666666666666666,4.333333333333333,NA,5,0.3333333333333333,3,pre-quake
2020-04-06T15:20:00Z,9,0.75,0.25,1.25,0.5,2.75,0,4,pre-quake
2020-04-06T15:20:00Z,10,4,0,1,NA,7,0,1,pre-quake
2020-04-06T15:20:00Z,12,0,1,0,NA,0,1,1,pre-quake
2020-04-06T15:20:00Z,13,0,1,3,NA,2,0,1,pre-quake
2020-04-06T15:20:00Z,14,1,0,1,NA,2,0,1,pre-quake
2020-04-06T15:20:00Z,15,3.6666666666666665,1,3.3333333333333335,NA,1.6666666666666667,0.3333333333333333,3,pre-quake
2020-04-06T15:20:00Z,16,0,0,0,1,0,0,1,pre-quake
2020-04-06T15:20:00Z,18,3,0,0,NA,1,0,1,pre-quake
2020-04-06T15:20:00Z,19,3,0,0,NA,3,0,1,pre-quake
2020-04-06T15:25:00Z,2,9,10,2,NA,9,0,1,pre-quake
2020-04-06T15:25:00Z,3,4.5,2.5,2.25,2,3.5,1,4,pre-quake
2020-04-06T15:25:00Z,4,0,0,0,NA,2,2,1,pre-quake
2020-04-06T15:25:00Z,6,0,0,0,1,1,1,1,pre-quake
2020-04-06T15:25:00Z,8,4.333333333333333,3,2.1666666666666665,NA,4.666666666666667,0.16666666666666666,6,pre-quake
2020-04-06T15:25:00Z,9,4.2,2.4,2,1.6,5,0,5,pre-quake
2020-04-06T15:25:00Z,13,0,0,5,NA,3,1,1,pre-quake
2020-04-06T15:25:00Z,14,4,0.3333333333333333,3,NA,3.6666666666666665,0,3,pre-quake
2020-04-06T15:25:00Z,15,1,6,0,NA,9,0,1,pre-quake
2020-04-06T15:25:00Z,18,1,5,1,NA,3,0,1,pre-quake
2020-04-06T15:25:00Z,19,10,8,7,NA,4,0,1,pre-quake
2020-04-06T15:30:00Z,1,6,6,9,7,2.5,0,2,pre-quake
2020-04-06T15:30:00Z,2,3.3333333333333335,3,0.3333333333333333,NA,4,0,3,pre-quake
2020-04-06T15:30:00Z,3,4,4.4,4.2,3.6,4,0.4,5,pre-quake
2020-04-06T15:30:00Z,4,0,0,0,NA,2,2,2,pre-quake
2020-04-06T15:30:00Z,5,0,2,0,1,0,0,1,pre-quake
2020-04-06T15:30:00Z,6,0,0,0.5,0,1.5,0.5,2,pre-quake
2020-04-06T15:30:00Z,8,0.75,0,2.25,7,3.25,0,4,pre-quake
2020-04-06T15:30:00Z,9,0.25,2.25,1.25,1.5,2.5,0.25,4,pre-quake
2020-04-06T15:30:00Z,10,0,1,3,NA,5,0,1,pre-quake
2020-04-06T15:30:00Z,15,0.3333333333333333,0.3333333333333333,0.3333333333333333,NA,1.3333333333333333,0,3,pre-quake
2020-04-06T15:30:00Z,17,8,10,4,NA,9,0,1,pre-quake
2020-04-06T15:30:00Z,19,7,2,9,NA,5,0,1,pre-quake
2020-04-06T15:35:00Z,2,6,10,5,NA,6,0,2,pre-quake
2020-04-06T15:35:00Z,3,2.5,3.5,3.25,2.25,3,0.75,4,pre-quake
2020-04-06T15:35:00Z,4,0,0,0,NA,2,2,1,pre-quake
2020-04-06T15:35:00Z,5,10,1,0,5,1,0,1,pre-quake
2020-04-06T15:35:00Z,6,4.333333333333333,2,5,4,3,0,3,pre-quake
2020-04-06T15:35:00Z,9,3.3333333333333335,3.3333333333333335,2.3333333333333335,0.3333333333333333,4,0,3,pre-quake
2020-04-06T15:35:00Z,12,0,0,0,NA,1,0.5,2,pre-quake
2020-04-06T15:35:00Z,14,7,0,9,NA,3,0,1,pre-quake
2020-04-06T15:35:00Z,15,1.6666666666666667,1,0.6666666666666666,NA,2,0,3,pre-quake
2020-04-06T15:35:00Z,19,5.5,3.5,1.5,NA,5,0,2,pre-quake
2020-04-06T15:40:00Z,1,1,0,0,0,0,0,1,pre-quake
2020-04-06T15:40:00Z,3,3.4,2.8,2.6,2.6,2.2,1,5,pre-quake
2020-04-06T15:40:00Z,5,0,3,0,1,1,0,1,pre-quake
2020-04-06T15:40:00Z,6,3.3333333333333335,5.666666666666667,6.666666666666667,3,6,0.3333333333333333,3,pre-quake
2020-04-06T15:40:00Z,8,1.6666666666666667,2.1666666666666665,3.3333333333333335,NA,3.8333333333333335,0.3333333333333333,6,pre-quake
2020-04-06T15:40:00Z,10,1.3333333333333333,2.6666666666666665,4,NA,6.333333333333333,0.6666666666666666,3,pre-quake
2020-04-06T15:40:00Z,12,2.5,2,3,NA,4,0,2,pre-quake
2020-04-06T15:40:00Z,15,0,1,0,NA,1,0,1,pre-quake
2020-04-06T15:40:00Z,16,0,0,1,2,0,0,1,pre-quake
2020-04-06T15:40:00Z,19,3,1,0,NA,2,2,1,pre-quake
2020-04-06T15:45:00Z,1,4,0,8,2,5,0,1,pre-quake
2020-04-06T15:45:00Z,2,6.5,4.5,6,NA,5.5,0,2,pre-quake
2020-04-06T15:45:00Z,3,3.3333333333333335,2.6666666666666665,2.6666666666666665,1.6666666666666667,3.6666666666666665,1,3,pre-quake
2020-04-06T15:45:00Z,4,0,0,0,NA,1.5,2.5,2,pre-quake
2020-04-06T15:45:00Z,6,6.666666666666667,3,1,6.666666666666667,8.333333333333334,0,3,pre-quake
2020-04-06T15:45:00Z,8,0.5,0,2,NA,2.5,0.25,4,pre-quake
2020-04-06T15:45:00Z,9,0,2,2,0,4,0,1,pre-quake
2020-04-06T15:45:00Z,11,5,8,4,2,8,0,1,pre-quake
2020-04-06T15:45:00Z,12,1,1,0,NA,1,1,1,pre-quake
2020-04-06T15:45:00Z,14,0,1,0,NA,2,0,1,pre-quake
2020-04-06T15:45:00Z,15,1,0.5,3,NA,3,0,2,pre-quake
2020-04-06T15:45:00Z,19,2.5,0,1,NA,3,0,2,pre-quake
2020-04-06T15:50:00Z,1,6.5,5.5,5.5,2.5,8,0,2,pre-quake
2020-04-06T15:50:00Z,3,3.3333333333333335,3,3.3333333333333335,1.3333333333333333,3.3333333333333335,0.6666666666666666,3,pre-quake
2020-04-06T15:50:00Z,4,0.5,0,0.5,NA,1.5,1.5,2,pre-quake
2020-04-06T15:50:00Z,5,0,2,0,1,1,0,1,pre-quake
2020-04-06T15:50:00Z,6,0,1,0,0,1,0,1,pre-quake
2020-04-06T15:50:00Z,8,0.5,0,1.5,NA,3,0,2,pre-quake
2020-04-06T15:50:00Z,9,0,2,0,0,3,0,1,pre-quake
2020-04-06T15:50:00Z,10,4,2,6,NA,4,0,2,pre-quake
2020-04-06T15:50:00Z,12,1,0,0,NA,1,1,1,pre-quake
2020-04-06T15:50:00Z,13,0,1,5,NA,2,0,1,pre-quake
2020-04-06T15:50:00Z,14,4,3.5,4.5,NA,1,0.5,2,pre-quake
2020-04-06T15:50:00Z,15,0.5,0,0.5,NA,1,0,2,pre-quake
2020-04-06T15:50:00Z,16,0,0,2,2,1,0,1,pre-quake
2020-04-06T15:50:00Z,18,6.666666666666667,0.3333333333333333,6.333333333333333,NA,1.6666666666666667,0,3,pre-quake
2020-04-06T15:50:00Z,19,9,1,5,NA,5,0,1,pre-quake
2020-04-06T15:55:00Z,1,0,2,8,3,1,0,1,pre-quake
2020-04-06T15:55:00Z,2,0,0,0,NA,0,1,1,pre-quake
2020-04-06T15:55:00Z,3,3,3,3,1,3,1,1,pre-quake
2020-04-06T15:55:00Z,4,0,0.3333333333333333,3.6666666666666665,NA,2.3333333333333335,1.3333333333333333,3,pre-quake
2020-04-06T15:55:00Z,6,0,0,0,0,0,0,1,pre-quake
2020-04-06T15:55:00Z,8,4.333333333333333,3.3333333333333335,2.6666666666666665,NA,6,0,3,pre-quake
2020-04-06T15:55:00Z,9,0.5,0.5,1.5,0.5,2,0.5,2,pre-quake
2020-04-06T15:55:00Z,11,7,10,4,3,3,0,1,pre-quake
2020-04-06T15:55:00Z,15,2,6,6,NA,4,0,1,pre-quake
2020-04-06T15:55:00Z,19,2,0,0,NA,2,1,1,pre-quake
2020-04-06T16:00:00Z,1,0.5,0,0,0.5,0,0.5,2,pre-quake
2020-04-06T16:00:00Z,2,2,1.6666666666666667,1.6666666666666667,NA,2.5,0.3333333333333333,6,pre-quake
2020-04-06T16:00:00Z,3,2.8181818181818183,3.3636363636363638,3.090909090909091,2.5454545454545454,3.6363636363636362,0.5454545454545454,11,pre-quake
2020-04-06T16:00:00Z,4,1,1,0,NA,2,1,1,pre-quake
2020-04-06T16:00:00Z,5,0.8,3.5,0.5,2.2,0.6,0.2,10,pre-quake
2020-04-06T16:00:00Z,6,1.75,0.375,1.125,1.25,1.25,0,8,pre-quake
2020-04-06T16:00:00Z,8,0.18181818181818182,0.36363636363636365,2.272727272727273,NA,3.272727272727273,0.2727272727272727,11,pre-quake
2020-04-06T16:00:00Z,9,0.16666666666666666,0.16666666666666666,1.25,0.3333333333333333,2.75,0,12,pre-quake
2020-04-06T16:00:00Z,10,0,0.25,3,NA,4.75,0,4,pre-quake
2020-04-06T16:00:00Z,11,6,10,10,3,1,0,1,pre-quake
2020-04-06T16:00:00Z,12,0.5,0.5,0,NA,0.5,1,2,pre-quake
2020-04-06T16:00:00Z,13,0.5,0.5,4.5,NA,1,0,2,pre-quake
2020-04-06T16:00:00Z,14,2.25,0.75,2,NA,1.5,0.25,4,pre-quake
2020-04-06T16:00:00Z,15,1.5,3,2.5,NA,2.25,0,4,pre-quake
2020-04-06T16:00:00Z,16,0.5,0,1,0,0,0.5,2,pre-quake
2020-04-06T16:00:00Z,18,2.5,0.5,0.5,NA,2,0.5,2,pre-quake
2020-04-06T16:00:00Z,19,3,0,0,NA,3.3333333333333335,0.6666666666666666,3,pre-quake
2020-04-06T16:05:00Z,1,0,0,0,0,0,0,1,pre-quake
2020-04-06T16:05:00Z,2,1.2222222222222223,0.8888888888888888,3.2222222222222223,NA,3.2222222222222223,0.3333333333333333,9,pre-quake
2020-04-06T16:05:00Z,3,3,3.2857142857142856,3.238095238095238,2.7142857142857144,3.761904761904762,0.47619047619047616,21,pre-quake
2020-04-06T16:05:00Z,4,0,0.6666666666666666,0.3333333333333333,NA,1.3333333333333333,0.6666666666666666,3,pre-quake
2020-04-06T16:05:00Z,5,0.5,1.8333333333333333,0.5,0.5,1.1666666666666667,0.16666666666666666,6,pre-quake
2020-04-06T16:05:00Z,6,1.5,1.9,1.1,1.5,1.6,0.1,10,pre-quake
2020-04-06T16:05:00Z,8,0.391304347826087,0.21739130434782608,2,NA,2.8260869565217392,0.21739130434782608,23,pre-quake
2020-04-06T16:05:00Z,9,0.1111111111111111,0.1111111111111111,0.8888888888888888,0.05555555555555555,3.2222222222222223,0.16666666666666666,18,pre-quake
2020-04-06T16:05:00Z,10,0.42857142857142855,0.42857142857142855,2.142857142857143,NA,3.7142857142857144,0.14285714285714285,7,pre-quake
2020-04-06T16:05:00Z,11,0,0.5,0,2,1,0,2,pre-quake
2020-04-06T16:05:00Z,12,1,0,0,NA,0,1,1,pre-quake
2020-04-06T16:05:00Z,13,0.5,0.75,4.75,NA,2.25,0.5,4,pre-quake
2020-04-06T16:05:00Z,14,0,0.6,0.2,NA,2,0,5,pre-quake
2020-04-06T16:05:00Z,15,0.625,0.375,0.875,NA,1.5,0,8,pre-quake
2020-04-06T16:05:00Z,16,0,0.3333333333333333,0.6666666666666666,0,0,0,3,pre-quake
2020-04-06T16:05:00Z,17,0,1,1,NA,0,0,1,pre-quake
2020-04-06T16:05:00Z,18,1.75,0,0.375,NA,2,0.25,8,pre-quake
2020-04-06T16:05:00Z,19,3,0.4,0.2,NA,3,0.4,5,pre-quake
2020-04-06T16:10:00Z,1,0,1,0,0,1,0,1,pre-quake
2020-04-06T16:10:00Z,2,0.25,1.25,0.5,NA,1,0,8,pre-quake
2020-04-06T16:10:00Z,3,3.3333333333333335,3.0952380952380953,3.238095238095238,2.4761904761904763,3.1904761904761907,0.3333333333333333,21,pre-quake
2020-04-06T16:10:00Z,4,0.25,0,0,NA,1.5,0,4,pre-quake
2020-04-06T16:10:00Z,5,0.3333333333333333,1.3333333333333333,0.3333333333333333,0,0.3333333333333333,0,3,pre-quake
2020-04-06T16:10:00Z,6,0.3,0.5,0.1,0.3,1,0,10,pre-quake
2020-04-06T16:10:00Z,8,1,0.8461538461538461,1.5384615384615385,NA,3,0.3076923076923077,13,pre-quake
2020-04-06T16:10:00Z,9,0.08,0.2,1.12,0.24,3.28,0.16,25,pre-quake
2020-04-06T16:10:00Z,10,0.3076923076923077,0,3.076923076923077,NA,3.923076923076923,0,13,pre-quake
2020-04-06T16:10:00Z,11,0.14285714285714285,0.2857142857142857,0.7142857142857143,2.2857142857142856,1.2857142857142858,0.2857142857142857,7,pre-quake
2020-04-06T16:10:00Z,12,1,5,5,NA,0.5,0.5,2,pre-quake
2020-04-06T16:10:00Z,13,0.6666666666666666,0,4.333333333333333,NA,2.3333333333333335,0,3,pre-quake
2020-04-06T16:10:00Z,14,0.6,0,0,NA,2,0.4,5,pre-quake
2020-04-06T16:10:00Z,15,1,0.6,0.8666666666666667,NA,1.4,0.2,15,pre-quake
2020-04-06T16:10:00Z,16,0,0.2,0.8,0,0.2,0,5,pre-quake
2020-04-06T16:10:00Z,17,0.5,0,0,NA,0,0,2,pre-quake
2020-04-06T16:10:00Z,18,1.7142857142857142,0.42857142857142855,0,NA,1.7142857142857142,0.14285714285714285,7,pre-quake
2020-04-06T16:10:00Z,19,3.142857142857143,0,0.2857142857142857,NA,2.857142857142857,0.14285714285714285,7,pre-quake
2020-04-06T16:15:00Z,1,1,4,4,0,2,0.3333333333333333,3,pre-quake
2020-04-06T16:15:00Z,2,0.2222222222222222,0.3333333333333333,0.2222222222222222,NA,0.5555555555555556,0.3333333333333333,9,pre-quake
2020-04-06T16:15:00Z,3,3.260869565217391,2.739130434782609,3,2.0434782608695654,3,0.5652173913043478,23,pre-quake
2020-04-06T16:15:00Z,4,0,0,1.5,NA,2,0.5,2,pre-quake
2020-04-06T16:15:00Z,5,0.14285714285714285,2.142857142857143,0.42857142857142855,0.2857142857142857,1.2857142857142858,0.14285714285714285,7,pre-quake
2020-04-06T16:15:00Z,6,0.5714285714285714,1.1428571428571428,1.5714285714285714,1.5714285714285714,2.2857142857142856,0.14285714285714285,7,pre-quake
2020-04-06T16:15:00Z,8,0.3888888888888889,0.3888888888888889,1.7222222222222223,NA,3.111111111111111,0.2777777777777778,18,pre-quake
2020-04-06T16:15:00Z,9,0.6363636363636364,1.1363636363636365,1.5,0.7727272727272727,3,0.36363636363636365,22,pre-quake
2020-04-06T16:15:00Z,10,0.4,0.4,3.2,NA,4.4,0.8,5,pre-quake
2020-04-06T16:15:00Z,11,0.5,0,0.5,2,1.5,0,2,pre-quake
2020-04-06T16:15:00Z,12,0.5,0,0,NA,0.5,0,2,pre-quake
2020-04-06T16:15:00Z,13,0.2,1.8,3.4,NA,3.6,0,5,pre-quake
2020-04-06T16:15:00Z,14,3,2.75,0.75,NA,3.5,0,4,pre-quake
2020-04-06T16:15:00Z,15,1.25,1,0.875,0,2,0.25,8,pre-quake
2020-04-06T16:15:00Z,16,0.25,0.25,2.75,2.25,1.5,0,4,pre-quake
2020-04-06T16:15:00Z,17,0,0,0,NA,0,0,1,pre-quake
2020-04-06T16:15:00Z,18,2,0.25,0.25,NA,2.25,0,4,pre-quake
2020-04-06T16:15:00Z,19,3.5555555555555554,0.4444444444444444,0.6666666666666666,1,3.5555555555555554,0.2222222222222222,9,pre-quake
2020-04-06T16:20:00Z,1,0,0,0,0,0,0,1,pre-quake
2020-04-06T16:20:00Z,2,1.0909090909090908,0.5454545454545454,1.4545454545454546,NA,2.3636363636363638,0.36363636363636365,11,pre-quake
2020-04-06T16:20:00Z,3,3.4375,2.75,2.6875,2,3.6875,0.6875,16,pre-quake
2020-04-06T16:20:00Z,4,0.5,0,0.5,NA,2,0,2,pre-quake
2020-04-06T16:20:00Z,5,1.3333333333333333,3,1.6666666666666667,0.6666666666666666,3.6666666666666665,0.3333333333333333,3,pre-quake
2020-04-06T16:20:00Z,6,0.6923076923076923,1.1538461538461537,0.7692307692307693,0.9230769230769231,0.9230769230769231,0.23076923076923078,13,pre-quake
2020-04-06T16:20:00Z,8,0.6666666666666666,1.3888888888888888,2.0555555555555554,NA,3.1666666666666665,0.16666666666666666,18,pre-quake
2020-04-06T16:20:00Z,9,0.35,0.05,1,0.35,3.1,0.15,20,pre-quake
2020-04-06T16:20:00Z,10,0,0.25,2.875,NA,3.75,0.5,8,pre-quake
2020-04-06T16:20:00Z,11,0,0,0,3,0,0,1,pre-quake
2020-04-06T16:20:00Z,12,1,0.5,0.5,NA,2,0.5,2,pre-quake
2020-04-06T16:20:00Z,13,0.6666666666666666,0,4,NA,1.6666666666666667,0,3,pre-quake
2020-04-06T16:20:00Z,14,0.14285714285714285,0.2857142857142857,0.2857142857142857,NA,1.5714285714285714,0.14285714285714285,7,pre-quake
2020-04-06T16:20:00Z,15,2,2.090909090909091,3.090909090909091,3,2.909090909090909,0.45454545454545453,11,pre-quake
2020-04-06T16:20:00Z,16,0.2,0.4,0.4,0.2,0,0.4,5,pre-quake
2020-04-06T16:20:00Z,17,0.5,0.5,1,NA,0.5,0.5,2,pre-quake
2020-04-06T16:20:00Z,18,1.6666666666666667,0.1111111111111111,0.7777777777777778,NA,3.111111111111111,0,9,pre-quake
2020-04-06T16:20:00Z,19,3.2857142857142856,0.42857142857142855,0.5714285714285714,NA,3.142857142857143,0.14285714285714285,7,pre-quake
2020-04-06T16:25:00Z,1,2.5,0.5,5.5,5.5,0,0,2,pre-quake
2020-04-06T16:25:00Z,2,0.8333333333333334,0.3333333333333333,0.16666666666666666,NA,1.5,0.5,6,pre-quake
2020-04-06T16:25:00Z,3,3.8,3.2,2.5,2,3.6,0.8,10,pre-quake
2020-04-06T16:25:00Z,4,0.2,0.4,0.4,0,2.2,0.8,5,pre-quake
2020-04-06T16:25:00Z,5,0.16666666666666666,2.3333333333333335,0.6666666666666666,0.16666666666666666,1,0.16666666666666666,6,pre-quake
2020-04-06T16:25:00Z,6,0.42857142857142855,0.14285714285714285,0.42857142857142855,0.14285714285714285,1.1428571428571428,0.14285714285714285,7,pre-quake
2020-04-06T16:25:00Z,8,0.2777777777777778,0.4444444444444444,2.111111111111111,NA,2.7222222222222223,0.2222222222222222,18,pre-quake
2020-04-06T16:25:00Z,9,0.15789473684210525,0.42105263157894735,1.3157894736842106,0.21052631578947367,3.263157894736842,0.2631578947368421,19,pre-quake
2020-04-06T16:25:00Z,10,0.3333333333333333,0.1111111111111111,3.3333333333333335,NA,4.222222222222222,0.1111111111111111,9,pre-quake
2020-04-06T16:25:00Z,11,0.5,0.6666666666666666,1.8333333333333333,3,2.5,0,6,pre-quake
2020-04-06T16:25:00Z,12,0.6666666666666666,1.3333333333333333,2.6666666666666665,NA,5.333333333333333,0.3333333333333333,3,pre-quake
2020-04-06T16:25:00Z,13,0.4,0.2,3.8,NA,2.2,0.2,5,pre-quake
2020-04-06T16:25:00Z,14,0.14285714285714285,0.2857142857142857,0.2857142857142857,NA,2.142857142857143,0.2857142857142857,7,pre-quake
2020-04-06T16:25:00Z,15,0.25,0.5,0,NA,0.75,0.25,4,pre-quake
2020-04-06T16:25:00Z,16,1,0,1,0,0,0,1,pre-quake
2020-04-06T16:25:00Z,17,0,0,0,NA,0,0,1,pre-quake
2020-04-06T16:25:00Z,18,4.5,1.5,2.5,NA,3.5,0.25,4,pre-quake
2020-04-06T16:25:00Z,19,4,1.25,0.375,NA,3.375,0.375,8,pre-quake
2020-04-06T16:30:00Z,1,2,0,0,1,0,0,1,pre-quake
2020-04-06T16:30:00Z,2,1.2,0.5,0.8,NA,0.8,0.1,10,pre-quake
2020-04-06T16:30:00Z,3,3.111111111111111,3,3.2777777777777777,2.2222222222222223,2.888888888888889,0.6111111111111112,18,pre-quake
2020-04-06T16:30:00Z,4,0,0.5,0,4.5,2,0.75,4,pre-quake
2020-04-06T16:30:00Z,5,0.5,2.25,0.25,0.25,1,0.5,4,pre-quake
2020-04-06T16:30:00Z,6,0.36363636363636365,0,0.18181818181818182,0.18181818181818182,0.9090909090909091,0.18181818181818182,11,pre-quake
2020-04-06T16:30:00Z,7,NA,3,3,NA,NA,0,1,pre-quake
2020-04-06T16:30:00Z,8,0.1111111111111111,0.2777777777777778,2,NA,3.111111111111111,0.05555555555555555,18,pre-quake
2020-04-06T16:30:00Z,9,0.8125,0.5625,1.6875,1.5,3.0625,0.25,16,pre-quake
2020-04-06T16:30:00Z,10,0.4,0.2,3.2,NA,4.2,0.2,5,pre-quake
2020-04-06T16:30:00Z,11,0.3333333333333333,0.6666666666666666,0.3333333333333333,0.6666666666666666,0.3333333333333333,0.3333333333333333,3,pre-quake
2020-04-06T16:30:00Z,12,7,8,6,NA,4,0,1,pre-quake
2020-04-06T16:30:00Z,13,0,0,4,NA,2.25,0.25,4,pre-quake
2020-04-06T16:30:00Z,14,0.25,0,0.75,NA,2.75,0.5,4,pre-quake
2020-04-06T16:30:00Z,15,0.5,0,0,NA,1.5,0,2,pre-quake
2020-04-06T16:30:00Z,16,0,1,2,0,0,0,1,pre-quake
2020-04-06T16:30:00Z,17,0,1,0,NA,1,0,1,pre-quake
2020-04-06T16:30:00Z,18,9,1,10,NA,10,0,1,pre-quake
2020-04-06T16:30:00Z,19,2.4285714285714284,1.7142857142857142,0.42857142857142855,NA,3.2857142857142856,0,7,pre-quake
2020-04-06T16:35:00Z,1,5,2,8,8,8,0,1,pre-quake
2020-04-06T16:35:00Z,2,0,0.42857142857142855,0.42857142857142855,NA,0.7142857142857143,0.14285714285714285,7,pre-quake
2020-04-06T16:35:00Z,3,2.6,2.8,2.9,2.3,3.5,0.5,10,pre-quake
2020-04-06T16:35:00Z,4,0.5,0.75,2.25,NA,1,0.75,4,pre-quake
2020-04-06T16:35:00Z,5,0.5,2,0,0,0.5,0,2,pre-quake
2020-04-06T16:35:00Z,6,0.35714285714285715,0.14285714285714285,0.2857142857142857,0.5,1.5,0.14285714285714285,14,pre-quake
2020-04-06T16:35:00Z,8,0.7368421052631579,0.6842105263157895,2.1578947368421053,NA,3.263157894736842,0.3157894736842105,19,pre-quake
2020-04-06T16:35:00Z,9,0.75,0.75,1.1875,1.1875,3.125,0.125,16,pre-quake
2020-04-06T16:35:00Z,12,0,0,0,NA,1,0,1,pre-quake
2020-04-06T16:35:00Z,13,0.6,0.4,3.4,1,2,0,5,pre-quake
2020-04-06T16:35:00Z,14,0,0,0,NA,2,0,2,pre-quake
2020-04-06T16:35:00Z,15,0.4,0.1,0.2,NA,0.9,0.2,10,pre-quake
2020-04-06T16:35:00Z,16,0,0,1,0.6666666666666666,0,0.3333333333333333,3,pre-quake
2020-04-06T16:35:00Z,18,1.6666666666666667,0.3333333333333333,0.3333333333333333,NA,1.8333333333333333,0.16666666666666666,6,pre-quake
2020-04-06T16:35:00Z,19,2.6666666666666665,2.3333333333333335,0.4444444444444444,NA,4.222222222222222,0.4444444444444444,9,pre-quake
2020-04-06T16:40:00Z,1,0.3333333333333333,0.3333333333333333,0.3333333333333333,0.3333333333333333,0.3333333333333333,0,3,pre-quake
2020-04-06T16:40:00Z,2,0.2,0,0.6,NA,0.4,0,5,pre-quake
2020-04-06T16:40:00Z,3,3.066666666666667,2.6666666666666665,3.066666666666667,1.9333333333333333,3.2666666666666666,0.8,15,pre-quake
2020-04-06T16:40:00Z,5,1,2,0,0,1,0,2,pre-quake
2020-04-06T16:40:00Z,6,0.3,0.5,0.2,0.2,0.9,0.1,10,pre-quake
2020-04-06T16:40:00Z,8,0.25,0.85,1.95,NA,2.75,0.25,20,pre-quake
2020-04-06T16:40:00Z,9,0.16666666666666666,0.08333333333333333,1.1666666666666667,0.08333333333333333,2.5833333333333335,0.25,12,pre-quake
2020-04-06T16:40:00Z,10,0.3333333333333333,0.3333333333333333,2,NA,4,0.3333333333333333,3,pre-quake
2020-04-06T16:40:00Z,11,0,0,0,1,1,1,1,pre-quake
2020-04-06T16:40:00Z,12,3,6,4,NA,0,0,1,pre-quake
2020-04-06T16:40:00Z,13,0,0,5.5,NA,2,0,2,pre-quake
2020-04-06T16:40:00Z,14,1.75,1.25,0,NA,2.25,0.25,4,pre-quake
2020-04-06T16:40:00Z,15,0.4,0.3,0.5,NA,1.6,0,10,pre-quake
2020-04-06T16:40:00Z,16,0.3333333333333333,0,1.6666666666666667,0,0,0.6666666666666666,3,pre-quake
2020-04-06T16:40:00Z,18,1,1,0,NA,2,0,1,pre-quake
2020-04-06T16:40:00Z,19,4.75,1.5,1.5,NA,4,0.25,4,pre-quake
2020-04-06T16:45:00Z,2,1.4444444444444444,1.1111111111111112,1.8888888888888888,NA,2.2222222222222223,0.2222222222222222,9,pre-quake
2020-04-06T16:45:00Z,3,3.3333333333333335,3.0833333333333335,3.0833333333333335,2.25,2.75,0.6666666666666666,12,pre-quake
2020-04-06T16:45:00Z,4,0.3333333333333333,0,0,NA,2.6666666666666665,0,3,pre-quake
2020-04-06T16:45:00Z,5,0.3333333333333333,1.3333333333333333,0,0,1.3333333333333333,0.6666666666666666,3,pre-quake
2020-04-06T16:45:00Z,6,0.8571428571428571,1.2857142857142858,0.8571428571428571,0.5714285714285714,1.1428571428571428,0.5714285714285714,7,pre-quake
2020-04-06T16:45:00Z,8,0.6666666666666666,0.6666666666666666,2.2,NA,3.533333333333333,0.26666666666666666,15,pre-quake
2020-04-06T16:45:00Z,9,0.2,0.2,1,0,2.8,0,5,pre-quake
2020-04-06T16:45:00Z,10,0.16666666666666666,0.16666666666666666,3.1666666666666665,4,3.8333333333333335,0,6,pre-quake
2020-04-06T16:45:00Z,11,0.6666666666666666,0,0.3333333333333333,1.6666666666666667,0,1,3,pre-quake
2020-04-06T16:45:00Z,12,0,0,2,NA,1,0,1,pre-quake
2020-04-06T16:45:00Z,13,0.2,0,4,NA,1.8,0.2,5,pre-quake
2020-04-06T16:45:00Z,14,0,0.5,0,7,1.25,0.25,4,pre-quake
2020-04-06T16:45:00Z,15,0.1,0.5,0.2,NA,0.8,0.4,10,pre-quake
2020-04-06T16:45:00Z,16,0,1,1,0,1,0,1,pre-quake
2020-04-06T16:45:00Z,18,2.4,0,0.2,8,2.4,0.4,5,pre-quake
2020-04-06T16:45:00Z,19,3.4285714285714284,0.2857142857142857,0.14285714285714285,NA,3.142857142857143,0.2857142857142857,7,pre-quake
2020-04-06T16:50:00Z,1,0,0,0,0,0,0,1,pre-quake
2020-04-06T16:50:00Z,2,0.25,0.25,0.375,10,1,0,8,pre-quake
2020-04-06T16:50:00Z,3,3.2222222222222223,2.888888888888889,3.2222222222222223,2.3333333333333335,3.3333333333333335,0.4444444444444444,9,pre-quake
2020-04-06T16:50:00Z,5,1,2,1,1,2,1,1,pre-quake
2020-04-06T16:50:00Z,6,2.3,1,2.2,1.3,2.7,0.2,10,pre-quake
2020-04-06T16:50:00Z,8,0.3333333333333333,0.16666666666666666,1.6666666666666667,NA,3.0833333333333335,0.16666666666666666,12,pre-quake
2020-04-06T16:50:00Z,9,1.6428571428571428,0.7857142857142857,1.3571428571428572,1.5,3.7142857142857144,0.42857142857142855,14,pre-quake
2020-04-06T16:50:00Z,10,0.25,0.25,3.25,NA,4.25,0.25,4,pre-quake
2020-04-06T16:50:00Z,11,0.3333333333333333,0.3333333333333333,0,1.3333333333333333,1.3333333333333333,0,3,pre-quake
2020-04-06T16:50:00Z,13,0.6,0,4.6,NA,2.4,0.2,5,pre-quake
2020-04-06T16:50:00Z,14,0.5,0.5,0,NA,2.5,0,2,pre-quake
2020-04-06T16:50:00Z,15,1.25,0.375,0.5,NA,1.625,0.125,8,pre-quake
2020-04-06T16:50:00Z,16,0,0,0,0,0,0,1,pre-quake
2020-04-06T16:50:00Z,18,2,0.2,0.4,NA,2.6,0.2,5,pre-quake
2020-04-06T16:50:00Z,19,2.6666666666666665,0,0.3333333333333333,NA,2.3333333333333335,0,3,pre-quake
2020-04-06T16:55:00Z,1,0,0,0,1,1,1,1,pre-quake
2020-04-06T16:55:00Z,2,0.2,0.2,0.2,NA,1,0,5,pre-quake
2020-04-06T16:55:00Z,3,3.5384615384615383,4.3076923076923075,3.1538461538461537,2.769230769230769,2.769230769230769,0.6923076923076923,13,pre-quake
2020-04-06T16:55:00Z,4,0,0,0,NA,3,2,1,pre-quake
2020-04-06T16:55:00Z,5,0.3333333333333333,1.6666666666666667,0,0.3333333333333333,1,0.3333333333333333,3,pre-quake
2020-04-06T16:55:00Z,6,0.5,0,0.5,0.5,1.5,1,2,pre-quake
2020-04-06T16:55:00Z,8,1,0.45454545454545453,2.090909090909091,NA,3.4545454545454546,0.2727272727272727,11,pre-quake
2020-04-06T16:55:00Z,9,0.5555555555555556,1.1111111111111112,1.5555555555555556,2,3,0,9,pre-quake
2020-04-06T16:55:00Z,10,0.3333333333333333,0.3333333333333333,3,9,4.5,0.3333333333333333,6,pre-quake
2020-04-06T16:55:00Z,11,1,0.5,0.5,3,1.5,0,2,pre-quake
2020-04-06T16:55:00Z,13,0,0,4,NA,3,1,1,pre-quake
2020-04-06T16:55:00Z,14,0.5,0.25,0.5,NA,1.25,0,4,pre-quake
2020-04-06T16:55:00Z,15,0.2857142857142857,0,0.14285714285714285,NA,0.7142857142857143,0.2857142857142857,7,pre-quake
2020-04-06T16:55:00Z,16,1,1.6,1,1,1.6,0.2,5,pre-quake
2020-04-06T16:55:00Z,19,4.333333333333333,1,0.3333333333333333,9,5,0.3333333333333333,3,pre-quake
2020-04-06T17:00:00Z,2,1.3636363636363635,1.6363636363636365,1.9090909090909092,10,1.8181818181818181,0.09090909090909091,11,pre-quake
2020-04-06T17:00:00Z,3,3.6,2.8,3.6,2,3,0.5,10,pre-quake
2020-04-06T17:00:00Z,4,1,0,0,3,4,0,1,pre-quake
2020-04-06T17:00:00Z,5,0.75,1.5,0.25,0.75,1.25,0.25,4,pre-quake
2020-04-06T17:00:00Z,6,1,0.5,0.6666666666666666,0.5,0.8333333333333334,0.3333333333333333,6,pre-quake
2020-04-06T17:00:00Z,8,0.09090909090909091,0.2727272727272727,2,NA,3.272727272727273,0.36363636363636365,11,pre-quake
2020-04-06T17:00:00Z,9,1.1,1.1,0.9,1.3,2.6,0.3,10,pre-quake
2020-04-06T17:00:00Z,10,0.16666666666666666,0.3333333333333333,3,NA,3.8333333333333335,0.3333333333333333,6,pre-quake
2020-04-06T17:00:00Z,11,1,1,1,3,0,0,1,pre-quake
2020-04-06T17:00:00Z,13,0,0,3,NA,2,0,1,pre-quake
2020-04-06T17:00:00Z,14,0.2,0.4,0.2,NA,2,0.4,5,pre-quake
2020-04-06T17:00:00Z,15,2.1666666666666665,1.6666666666666667,1.8333333333333333,NA,2.6666666666666665,0,6,pre-quake
2020-04-06T17:00:00Z,16,1.2,0.2,1.8,0.6,0.4,0.2,5,pre-quake
2020-04-06T17:00:00Z,18,2.5,0.5,0,NA,2,0.5,2,pre-quake
2020-04-06T17:00:00Z,19,3.25,1.125,0.5,NA,3.375,0.25,8,pre-quake
2020-04-06T17:05:00Z,2,0,0,1,NA,3,0,1,pre-quake
2020-04-06T17:05:00Z,3,3.125,2.8125,3,2.25,3.1875,0.5,16,pre-quake
2020-04-06T17:05:00Z,4,0,0.3333333333333333,0,NA,1.6666666666666667,0.3333333333333333,3,pre-quake
2020-04-06T17:05:00Z,5,1.5,1.5,1,3,0.8333333333333334,0.16666666666666666,6,pre-quake
2020-04-06T17:05:00Z,6,1.5,3,1,3,5.5,0,2,pre-quake
2020-04-06T17:05:00Z,8,0.125,0.25,1.875,NA,3.25,0,8,pre-quake
2020-04-06T17:05:00Z,9,0.75,2,1.75,2,3.5,0,4,pre-quake
2020-04-06T17:05:00Z,11,0.3333333333333333,0.6666666666666666,0,2,0.6666666666666666,0,3,pre-quake
2020-04-06T17:05:00Z,12,0,0,0,NA,1.25,1,4,pre-quake
2020-04-06T17:05:00Z,13,0,0.5,4,NA,2,0.5,2,pre-quake
2020-04-06T17:05:00Z,14,1,0,0,NA,3,0,1,pre-quake
2020-04-06T17:05:00Z,15,0.2,0.4,0.2,NA,1,0.2,5,pre-quake
2020-04-06T17:05:00Z,16,0.6666666666666666,2.6666666666666665,3.6666666666666665,0.6666666666666666,3,0,3,pre-quake
2020-04-06T17:05:00Z,18,2,1,0,NA,0,0,1,pre-quake
2020-04-06T17:05:00Z,19,2.6666666666666665,0.16666666666666666,0.16666666666666666,NA,3.1666666666666665,0.3333333333333333,6,pre-quake
2020-04-06T17:10:00Z,1,0.5,2.5,2.5,3,5,0.5,2,pre-quake
2020-04-06T17:10:00Z,2,0,0.3333333333333333,0.3333333333333333,NA,1.3333333333333333,0.3333333333333333,3,pre-quake
2020-04-06T17:10:00Z,3,3.75,2.875,3.375,2.875,3.125,0.5,8,pre-quake
2020-04-06T17:10:00Z,4,0,0,0.6666666666666666,NA,2,1.6666666666666667,3,pre-quake
2020-04-06T17:10:00Z,5,0,2,0,0,1,0,1,pre-quake
2020-04-06T17:10:00Z,6,1.2,2.2,1.2,0,2.4,0.4,5,pre-quake
2020-04-06T17:10:00Z,8,0.5,0.75,2.75,NA,3.25,0.375,8,pre-quake
2020-04-06T17:10:00Z,9,1.1,0.5,1,1.1,3.8,0.2,10,pre-quake
2020-04-06T17:10:00Z,10,0,1,3,NA,3.5,0,2,pre-quake
2020-04-06T17:10:00Z,11,0.5,0,0,2,2,0,2,pre-quake
2020-04-06T17:10:00Z,13,0,0,6,NA,3,0,1,pre-quake
2020-04-06T17:10:00Z,14,1,0.8333333333333334,0,NA,2.6666666666666665,0,6,pre-quake
2020-04-06T17:10:00Z,15,0.25,1,0.625,NA,1.625,0.25,8,pre-quake
2020-04-06T17:10:00Z,16,2.25,2.5,1.75,0,1,0.25,4,pre-quake
2020-04-06T17:10:00Z,18,2,0,0,NA,2,0,1,pre-quake
2020-04-06T17:10:00Z,19,6,7,6.333333333333333,3,6,0,3,pre-quake
2020-04-06T17:15:00Z,2,0.5,1,0.8333333333333334,NA,2,0.16666666666666666,6,pre-quake
2020-04-06T17:15:00Z,3,3.3333333333333335,3.5,3.3333333333333335,2.6666666666666665,3.3333333333333335,1,12,pre-quake
2020-04-06T17:15:00Z,4,4,6,7,NA,10,0,1,pre-quake
2020-04-06T17:15:00Z,5,0,2.3333333333333335,0,0,0.3333333333333333,0.3333333333333333,3,pre-quake
2020-04-06T17:15:00Z,6,2.2,0.8,1.6,1.4,2.2,0,5,pre-quake
2020-04-06T17:15:00Z,8,0.5,0.5,1.5,NA,2.75,0.25,8,pre-quake
2020-04-06T17:15:00Z,9,1.875,1.75,1.875,1.125,3.75,0.375,8,pre-quake
2020-04-06T17:15:00Z,10,2.3333333333333335,3.3333333333333335,3.3333333333333335,NA,6.333333333333333,0,3,pre-quake
2020-04-06T17:15:00Z,11,0.5,0.5,0,2.5,1,0,2,pre-quake
2020-04-06T17:15:00Z,12,2,3.3333333333333335,0,NA,2,0.3333333333333333,3,pre-quake
2020-04-06T17:15:00Z,13,0,0.5,4.5,NA,2.5,0.5,2,pre-quake
2020-04-06T17:15:00Z,14,0.5,0,0,NA,1.75,0,4,pre-quake
2020-04-06T17:15:00Z,15,0.625,1,0.875,NA,1.5,0,8,pre-quake
2020-04-06T17:15:00Z,16,0,0,2,0,0,0,1,pre-quake
2020-04-06T17:15:00Z,18,2.3333333333333335,0,1,NA,2,0.3333333333333333,3,pre-quake
2020-04-06T17:15:00Z,19,3.2,0,0.2,NA,3.2,0.2,5,pre-quake
2020-04-06T17:20:00Z,2,0,0.25,0,7,1.5,0,4,pre-quake
2020-04-06T17:20:00Z,3,3.1,2.7,4,1.6,2.7,0.6,10,pre-quake
2020-04-06T17:20:00Z,5,0,4,0,0,0,1,1,pre-quake
2020-04-06T17:20:00Z,6,2.3333333333333335,2.3333333333333335,1.4444444444444444,1.3333333333333333,1.8888888888888888,0.2222222222222222,9,pre-quake
2020-04-06T17:20:00Z,8,1.1666666666666667,0.08333333333333333,1.8333333333333333,NA,3.1666666666666665,0.3333333333333333,12,pre-quake
2020-04-06T17:20:00Z,9,1.25,1.25,1.75,0.125,4.125,0.5,8,pre-quake
2020-04-06T17:20:00Z,10,0,0,3,NA,4,0,3,pre-quake
2020-04-06T17:20:00Z,11,1,1,0,3,2,0,1,pre-quake
2020-04-06T17:20:00Z,12,0.6666666666666666,0,0,NA,1.3333333333333333,0.3333333333333333,3,pre-quake
2020-04-06T17:20:00Z,13,0,0.3333333333333333,3.6666666666666665,NA,2,0.6666666666666666,3,pre-quake
2020-04-06T17:20:00Z,14,0.2,0.2,0.4,NA,3.4,0.2,5,pre-quake
2020-04-06T17:20:00Z,15,0,0,1.5,NA,0.5,0,2,pre-quake
2020-04-06T17:20:00Z,16,0.3333333333333333,0.3333333333333333,1.6666666666666667,0,0,0.3333333333333333,3,pre-quake
2020-04-06T17:20:00Z,18,2,0.6666666666666666,0,NA,1.3333333333333333,0.3333333333333333,3,pre-quake
2020-04-06T17:20:00Z,19,2.5,2.3333333333333335,0.5,NA,2.3333333333333335,0.3333333333333333,6,pre-quake
2020-04-06T17:25:00Z,1,5,1,3.5,1.5,4.5,0,2,pre-quake
2020-04-06T17:25:00Z,2,0.75,1.25,3.25,NA,1.75,0,4,pre-quake
2020-04-06T17:25:00Z,3,4.818181818181818,2.3636363636363638,4.090909090909091,3.1818181818181817,3.4545454545454546,0.45454545454545453,11,pre-quake
2020-04-06T17:25:00Z,4,0,0,0,NA,1,1,1,pre-quake
2020-04-06T17:25:00Z,5,0,3,0,0,1,0.5,2,pre-quake
2020-04-06T17:25:00Z,6,1.8333333333333333,1.3333333333333333,1.8333333333333333,1.8333333333333333,3,0,6,pre-quake
2020-04-06T17:25:00Z,8,2.2,1,2,NA,4.6,0,5,pre-quake
2020-04-06T17:25:00Z,9,0,0.2222222222222222,0.8888888888888888,0.1111111111111111,3.2222222222222223,0.1111111111111111,9,pre-quake
2020-04-06T17:25:00Z,10,3,8,7,NA,4.5,0,2,pre-quake
2020-04-06T17:25:00Z,11,0,0,0,3,2,0,1,pre-quake
2020-04-06T17:25:00Z,13,0,1,4,NA,2,1,1,pre-quake
2020-04-06T17:25:00Z,14,3.1666666666666665,2.1666666666666665,3.3333333333333335,NA,3.5,0.16666666666666666,6,pre-quake
2020-04-06T17:25:00Z,15,0.5,0,1,NA,1.5,0,2,pre-quake
2020-04-06T17:25:00Z,17,9,6,2.5,NA,4.5,0.5,2,pre-quake
2020-04-06T17:25:00Z,19,3,0,0,NA,3,0,2,pre-quake
2020-04-06T17:30:00Z,1,0,0,0,0,0,0.5,2,pre-quake
2020-04-06T17:30:00Z,2,2.2,2.2,2,NA,0.8,0.2,5,pre-quake
2020-04-06T17:30:00Z,3,4,2.142857142857143,3.7142857142857144,2.4285714285714284,2.4285714285714284,0.5714285714285714,7,pre-quake
2020-04-06T17:30:00Z,4,0,0,1,NA,3,0,1,pre-quake
2020-04-06T17:30:00Z,5,0,2,0,0,1,0,2,pre-quake
2020-04-06T17:30:00Z,6,0,0,1,0,1,0,1,pre-quake
2020-04-06T17:30:00Z,8,2.2222222222222223,1.7777777777777777,3,NA,3.2222222222222223,0.2222222222222222,9,pre-quake
2020-04-06T17:30:00Z,9,1.4285714285714286,1,1.7142857142857142,1.1428571428571428,3.4285714285714284,0.14285714285714285,7,pre-quake
2020-04-06T17:30:00Z,10,0,0,3.25,NA,3.5,0.25,4,pre-quake
2020-04-06T17:30:00Z,13,0,0,4,NA,2,0,1,pre-quake
2020-04-06T17:30:00Z,14,1.25,2.25,0,NA,1.75,0.25,4,pre-quake
2020-04-06T17:30:00Z,15,1,0,0,NA,1,0,1,pre-quake
2020-04-06T17:30:00Z,16,2.75,2,1.75,2.5,1.75,0.25,4,pre-quake
2020-04-06T17:30:00Z,18,2,0,0,NA,2,0.3333333333333333,3,pre-quake
2020-04-06T17:30:00Z,19,4,1.8,0.4,NA,4.4,0.2,5,pre-quake
2020-04-06T17:35:00Z,2,0.2,0,0.4,NA,1,0.2,5,pre-quake
2020-04-06T17:35:00Z,3,2.875,3,3.5,3.375,3.625,0.5,8,pre-quake
2020-04-06T17:35:00Z,4,0.3333333333333333,0,0.6666666666666666,NA,1.6666666666666667,1.6666666666666667,3,pre-quake
2020-04-06T17:35:00Z,6,3.3333333333333335,1.6666666666666667,1.5,1.1666666666666667,2.8333333333333335,0,6,pre-quake
2020-04-06T17:35:00Z,8,0.5555555555555556,0.1111111111111111,2,10,2.6666666666666665,0,9,pre-quake
2020-04-06T17:35:00Z,9,2.5,0.25,1.75,2.5,5,0,4,pre-quake
2020-04-06T17:35:00Z,10,0,1,3,NA,4,0,1,pre-quake
2020-04-06T17:35:00Z,12,1.5,0.5,3,NA,5,0,2,pre-quake
2020-04-06T17:35:00Z,13,0,1,4.5,NA,0.5,0,2,pre-quake
2020-04-06T17:35:00Z,14,1,0,0,NA,0,0,1,pre-quake
2020-04-06T17:35:00Z,15,0,0.6666666666666666,0.6666666666666666,NA,1,0.3333333333333333,3,pre-quake
2020-04-06T17:35:00Z,17,2,0,10,NA,4,0,1,pre-quake
2020-04-06T17:35:00Z,18,3,0,0.5,NA,2,0,2,pre-quake
2020-04-06T17:35:00Z,19,4,3.5,4,NA,2.5,0.25,4,pre-quake
2020-04-06T17:40:00Z,1,7,0,6,3,10,0,1,pre-quake
2020-04-06T17:40:00Z,2,0,0,0.5,NA,1,0.5,2,pre-quake
2020-04-06T17:40:00Z,3,3.5,4.25,3.75,4.75,2.5,0.25,4,pre-quake
2020-04-06T17:40:00Z,5,4,0.5,2,3,3.5,0.5,2,pre-quake
2020-04-06T17:40:00Z,6,0,0,0,0,0.75,0.25,4,pre-quake
2020-04-06T17:40:00Z,8,0,0.16666666666666666,2.5,NA,2.6666666666666665,0.16666666666666666,6,pre-quake
2020-04-06T17:40:00Z,9,0.125,0.25,1.25,0.25,3,0,8,pre-quake
2020-04-06T17:40:00Z,10,0,0,2.3333333333333335,NA,4,0.3333333333333333,3,pre-quake
2020-04-06T17:40:00Z,15,3.3333333333333335,3.3333333333333335,1.6666666666666667,NA,4,0.3333333333333333,3,pre-quake
2020-04-06T17:40:00Z,16,2.3333333333333335,2.3333333333333335,2.6666666666666665,2.6666666666666665,1,0,3,pre-quake
2020-04-06T17:40:00Z,17,1,1,0,NA,1,0,1,pre-quake
2020-04-06T17:40:00Z,18,2.3333333333333335,0.3333333333333333,0.3333333333333333,NA,1.3333333333333333,0,3,pre-quake
2020-04-06T17:40:00Z,19,3,0,1,NA,3,0,1,pre-quake
2020-04-06T17:45:00Z,1,4,10,0,10,4,0,1,pre-quake
2020-04-06T17:45:00Z,2,4,3.5,8,NA,2.5,0,2,pre-quake
2020-04-06T17:45:00Z,3,4.75,3.5,2.5,3,2.75,0.5,4,pre-quake
2020-04-06T17:45:00Z,4,0,1,0,NA,3,0,1,pre-quake
2020-04-06T17:45:00Z,5,0.3333333333333333,4,2,0.6666666666666666,1.3333333333333333,0.3333333333333333,3,pre-quake
2020-04-06T17:45:00Z,6,0,0,0.6666666666666666,0,0.6666666666666666,0,3,pre-quake
2020-04-06T17:45:00Z,8,0.16666666666666666,0.5,2.1666666666666665,1,3.1666666666666665,0,6,pre-quake
2020-04-06T17:45:00Z,9,2.3333333333333335,1.3333333333333333,2.3333333333333335,3.3333333333333335,4,0,3,pre-quake
2020-04-06T17:45:00Z,10,0,0.5,3,NA,3.5,0,2,pre-quake
2020-04-06T17:45:00Z,11,0.5,0,0.5,2.5,1,0,2,pre-quake
2020-04-06T17:45:00Z,12,1,0,1,NA,2,1,1,pre-quake
2020-04-06T17:45:00Z,13,0,0,5,NA,2,1,1,pre-quake
2020-04-06T17:45:00Z,14,1,0,1,NA,1,0,1,pre-quake
2020-04-06T17:45:00Z,15,6,10,9,NA,1,0,1,pre-quake
2020-04-06T17:45:00Z,16,0,0.5,1,0,0,0,2,pre-quake
2020-04-06T17:45:00Z,18,1.3333333333333333,0.6666666666666666,0,NA,2.3333333333333335,0,3,pre-quake
2020-04-06T17:45:00Z,19,3,0.3333333333333333,0.3333333333333333,0,2.3333333333333335,0.3333333333333333,3,pre-quake
2020-04-06T17:50:00Z,1,0,0,0,0,0,1,1,pre-quake
2020-04-06T17:50:00Z,2,0.25,0,0.75,NA,1,0,4,pre-quake
2020-04-06T17:50:00Z,3,2,3.5,3,1.5,2,0,2,pre-quake
2020-04-06T17:50:00Z,4,9,8,6,NA,8,0,1,pre-quake
2020-04-06T17:50:00Z,5,0,2,0,0.5,1,1,2,pre-quake
2020-04-06T17:50:00Z,6,3.75,7,4.75,4.75,3.25,0,4,pre-quake
2020-04-06T17:50:00Z,8,1.1666666666666667,1.3333333333333333,2.1666666666666665,NA,2.5,0,6,pre-quake
2020-04-06T17:50:00Z,9,0.4,1.2,1.6,1.2,2.6,0.2,5,pre-quake
2020-04-06T17:50:00Z,10,3.3333333333333335,1.6666666666666667,5.333333333333333,NA,4.333333333333333,0,3,pre-quake
2020-04-06T17:50:00Z,11,0,1,0,3,3,0,1,pre-quake
2020-04-06T17:50:00Z,13,0,0,5,NA,2,0,1,pre-quake
2020-04-06T17:50:00Z,14,0,0,0.5,NA,2.5,0.5,2,pre-quake
2020-04-06T17:50:00Z,15,1.4,0.7,2,NA,2.3,0.2,10,pre-quake
2020-04-06T17:50:00Z,16,4.5,2.5,5,4.5,5,0,2,pre-quake
2020-04-06T17:50:00Z,17,0,0,0,NA,0,0,1,pre-quake
2020-04-06T17:50:00Z,19,3,0,0,NA,2.5,0.5,2,pre-quake
2020-04-06T17:55:00Z,1,0,1,1,0,8,1,1,pre-quake
2020-04-06T17:55:00Z,2,0,0,2,NA,1,0,1,pre-quake
2020-04-06T17:55:00Z,3,2.5,3.5,3,1.3333333333333333,4.833333333333333,0.3333333333333333,6,pre-quake
2020-04-06T17:55:00Z,4,9,4,7,NA,10,0,1,pre-quake
2020-04-06T17:55:00Z,5,1,1,0.5,0,1,0,2,pre-quake
2020-04-06T17:55:00Z,6,2.5,3.75,3,1.5,4.25,0,4,pre-quake
2020-04-06T17:55:00Z,8,1.25,1.625,3.5,NA,3.875,0.25,8,pre-quake
2020-04-06T17:55:00Z,9,0,0.5,1.5,0,3,0,2,pre-quake
2020-04-06T17:55:00Z,10,0.2857142857142857,0.5714285714285714,2.857142857142857,NA,4,0.14285714285714285,7,pre-quake
2020-04-06T17:55:00Z,11,1.3333333333333333,3.3333333333333335,2.3333333333333335,4,3.3333333333333335,0.6666666666666666,3,pre-quake
2020-04-06T17:55:00Z,12,0,0.5,0,NA,1.5,0,2,pre-quake
2020-04-06T17:55:00Z,13,0,0,4,NA,2,0,3,pre-quake
2020-04-06T17:55:00Z,14,0.5,1,0,NA,1.5,0,2,pre-quake
2020-04-06T17:55:00Z,15,2.625,1.625,3.125,NA,2.5,0.125,8,pre-quake
2020-04-06T17:55:00Z,16,3,3.5,4.5,5,4.5,0.5,2,pre-quake
2020-04-06T17:55:00Z,17,1,8,10,NA,0,0,1,pre-quake
2020-04-06T17:55:00Z,18,2.3333333333333335,2.3333333333333335,1.6666666666666667,NA,2,0,3,pre-quake
2020-04-06T18:00:00Z,2,1.3333333333333333,0.3333333333333333,3.3333333333333335,NA,3.6666666666666665,0.3333333333333333,3,pre-quake
2020-04-06T18:00:00Z,3,3.3333333333333335,2.6666666666666665,2.6666666666666665,2.3333333333333335,2.6666666666666665,0,3,pre-quake
2020-04-06T18:00:00Z,4,0.5,0,0,NA,2,0,2,pre-quake
2020-04-06T18:00:00Z,5,1,2,0,0,0,1,1,pre-quake
2020-04-06T18:00:00Z,6,1,0.5,3,1,3,0.5,2,pre-quake
2020-04-06T18:00:00Z,8,0,0,1.6666666666666667,NA,2.6666666666666665,0,3,pre-quake
2020-04-06T18:00:00Z,9,0.2857142857142857,0.2857142857142857,1.1428571428571428,0.14285714285714285,2.7142857142857144,0.2857142857142857,7,pre-quake
2020-04-06T18:00:00Z,10,0,0,3,NA,5,0,1,pre-quake
2020-04-06T18:00:00Z,11,2,4,2,4,6,0.5,2,pre-quake
2020-04-06T18:00:00Z,12,7,10,3,NA,9,0,1,pre-quake
2020-04-06T18:00:00Z,13,0,0,3.3333333333333335,NA,1.3333333333333333,0,3,pre-quake
2020-04-06T18:00:00Z,14,0,0.5,0.5,NA,2.5,0.5,2,pre-quake
2020-04-06T18:00:00Z,15,2.6666666666666665,3.3333333333333335,1,NA,2.6666666666666665,0,3,pre-quake
2020-04-06T18:00:00Z,16,0,0,0.5,0,0.5,0,2,pre-quake
2020-04-06T18:00:00Z,18,2,0.3333333333333333,0,NA,1.6666666666666667,0,3,pre-quake
2020-04-06T18:05:00Z,1,0.5,0,0.5,0,0,0,2,pre-quake
2020-04-06T18:05:00Z,2,2,2.3333333333333335,2,NA,4.333333333333333,0.3333333333333333,3,pre-quake
2020-04-06T18:05:00Z,3,3.5,7,2.5,5,6.5,0.5,2,pre-quake
2020-04-06T18:05:00Z,4,0,0.6666666666666666,0.3333333333333333,NA,2,0.6666666666666666,3,pre-quake
2020-04-06T18:05:00Z,5,1,2,0,0,0.5,1,2,pre-quake
2020-04-06T18:05:00Z,6,2.6666666666666665,0,3.6666666666666665,3,3,0.3333333333333333,3,pre-quake
2020-04-06T18:05:00Z,8,1.8,2.6,4,NA,2.2,0.4,5,pre-quake
2020-04-06T18:05:00Z,9,0.5,2,2.5,2.25,2.75,0,4,pre-quake
2020-04-06T18:05:00Z,10,1,0,3,NA,4,0,1,pre-quake
2020-04-06T18:05:00Z,11,0,0,0,3,0,1,1,pre-quake
2020-04-06T18:05:00Z,12,0.5,0,0.5,NA,1.5,1,2,pre-quake
2020-04-06T18:05:00Z,14,0,1,0,NA,1,1,1,pre-quake
2020-04-06T18:05:00Z,15,5.5,4,1.5,NA,3,0,2,pre-quake
2020-04-06T18:05:00Z,16,0,0,2,0,0,1,1,pre-quake
2020-04-06T18:05:00Z,18,1,0,0,NA,3,0,1,pre-quake
2020-04-06T18:10:00Z,2,5,2,1.5,NA,2.5,0,2,pre-quake
2020-04-06T18:10:00Z,3,4,3,4,1,1,1,1,pre-quake
2020-04-06T18:10:00Z,4,0,0,0,NA,2,0,1,pre-quake
2020-04-06T18:10:00Z,6,0.3333333333333333,0.3333333333333333,1,0.3333333333333333,1.3333333333333333,0.6666666666666666,3,pre-quake
2020-04-06T18:10:00Z,8,4,2.2,4.4,NA,5.4,0,5,pre-quake
2020-04-06T18:10:00Z,9,0.5,1,1,0,2.5,0,2,pre-quake
2020-04-06T18:10:00Z,11,0,1,0.5,2.5,1.5,0.5,2,pre-quake
2020-04-06T18:10:00Z,12,0,0,1,NA,0,0,1,pre-quake
2020-04-06T18:10:00Z,14,2,3,0.5,NA,6,0,2,pre-quake
2020-04-06T18:10:00Z,15,3,10,4,NA,6,1,1,pre-quake
2020-04-06T18:10:00Z,19,3,0,1,NA,3,0,1,pre-quake
2020-04-06T18:15:00Z,2,1,0,1,NA,1,0,1,pre-quake
2020-04-06T18:15:00Z,3,3.6666666666666665,4.666666666666667,3.6666666666666665,2.3333333333333335,4,0.3333333333333333,3,pre-quake
2020-04-06T18:15:00Z,4,0,0,0,NA,3,0,1,pre-quake
2020-04-06T18:15:00Z,5,0,2,0,0,0.5,0,2,pre-quake
2020-04-06T18:15:00Z,6,0,0.25,0.25,0.5,0.5,0.25,4,pre-quake
2020-04-06T18:15:00Z,8,0.4,0,2.2,NA,2.8,0,5,pre-quake
2020-04-06T18:15:00Z,9,5,0,2,7,2,1,1,pre-quake
2020-04-06T18:15:00Z,10,0,0,3.5,NA,4,0,2,pre-quake
2020-04-06T18:15:00Z,13,0,0,3,NA,2,0,1,pre-quake
2020-04-06T18:15:00Z,14,0.5,0,0.5,NA,2,0.5,2,pre-quake
2020-04-06T18:15:00Z,15,0.3333333333333333,0,0.6666666666666666,NA,0.6666666666666666,0.6666666666666666,3,pre-quake
2020-04-06T18:15:00Z,16,6,8,8,10,1,0,1,pre-quake
2020-04-06T18:15:00Z,17,9,3,5,NA,4,0,1,pre-quake
2020-04-06T18:15:00Z,18,3,10,10,NA,4,0,1,pre-quake
2020-04-06T18:15:00Z,19,4,1,0,8,4,0,1,pre-quake
2020-04-06T18:20:00Z,2,2.6666666666666665,0.6666666666666666,3,NA,2.3333333333333335,0,3,pre-quake
2020-04-06T18:20:00Z,3,5,3.5,2.25,1.5,1.75,0.5,4,pre-quake
2020-04-06T18:20:00Z,4,9,3,6,NA,4,0,1,pre-quake
2020-04-06T18:20:00Z,5,3.5,7.5,9.5,3,4.5,0,2,pre-quake
2020-04-06T18:20:00Z,8,0.3333333333333333,0,2.3333333333333335,NA,2,0,3,pre-quake
2020-04-06T18:20:00Z,9,0.5,0.5,0.5,0,2.5,0,2,pre-quake
2020-04-06T18:20:00Z,10,0,0,4,NA,3,0,1,pre-quake
2020-04-06T18:20:00Z,12,0,0,0,NA,1.5,0.5,2,pre-quake
2020-04-06T18:20:00Z,14,7,6,0,NA,5,0,1,pre-quake
2020-04-06T18:20:00Z,15,2.75,2.25,3.25,NA,4,0,4,pre-quake
2020-04-06T18:20:00Z,18,1,0,0,NA,2,1,1,pre-quake
2020-04-06T18:25:00Z,2,2.5,5,3,NA,0.5,0.5,2,pre-quake
2020-04-06T18:25:00Z,3,3.6,2.4,4.8,4.2,4.6,0.2,5,pre-quake
2020-04-06T18:25:00Z,5,0,2,0,0,0,0,1,pre-quake
2020-04-06T18:25:00Z,6,0.4,0.4,2,1.4,2.4,0.2,5,pre-quake
2020-04-06T18:25:00Z,8,0.5,1,3.8333333333333335,NA,3.6666666666666665,0.16666666666666666,6,pre-quake
2020-04-06T18:25:00Z,9,1.3333333333333333,2.1666666666666665,3.6666666666666665,1.6666666666666667,3.5,0.16666666666666666,6,pre-quake
2020-04-06T18:25:00Z,10,0,0.5,3,NA,2.5,0,2,pre-quake
2020-04-06T18:25:00Z,11,1,1,0,1,0,0,1,pre-quake
2020-04-06T18:25:00Z,12,4.5,5,2.5,NA,4,1,2,pre-quake
2020-04-06T18:25:00Z,13,0,0,5,NA,2,0,2,pre-quake
2020-04-06T18:25:00Z,14,1,0,0,NA,1,0,2,pre-quake
2020-04-06T18:25:00Z,15,2,1.25,3,NA,1,0.25,4,pre-quake
2020-04-06T18:25:00Z,16,2,0,3,10,3,0,1,pre-quake
2020-04-06T18:25:00Z,17,1,0,0,NA,0,0,2,pre-quake
2020-04-06T18:25:00Z,19,3,0.3333333333333333,3,NA,3.6666666666666665,0,3,pre-quake
2020-04-06T18:30:00Z,2,2.5,2.5,3.25,NA,4.25,0.5,4,pre-quake
2020-04-06T18:30:00Z,3,5,6.333333333333333,6.333333333333333,7.333333333333333,3,0,3,pre-quake
2020-04-06T18:30:00Z,4,0,0,1,NA,1,0,1,pre-quake
2020-04-06T18:30:00Z,5,0,2,0,1,2,1,1,pre-quake
2020-04-06T18:30:00Z,6,0,0,0,1,0,0,1,pre-quake
2020-04-06T18:30:00Z,8,3,6,7,NA,2,0,1,pre-quake
2020-04-06T18:30:00Z,9,1.25,0.5,2,0.25,4.5,0,4,pre-quake
2020-04-06T18:30:00Z,10,5,6.5,4,NA,6.5,0,2,pre-quake
2020-04-06T18:30:00Z,13,0,0,4.5,NA,2.5,0,2,pre-quake
2020-04-06T18:30:00Z,14,5.333333333333333,6.333333333333333,4.666666666666667,NA,1.6666666666666667,0.3333333333333333,3,pre-quake
2020-04-06T18:30:00Z,15,4.75,3,4.75,NA,3.25,0,4,pre-quake
2020-04-06T18:30:00Z,16,7,0,1,7,4,0,1,pre-quake
2020-04-06T18:30:00Z,18,2.5,0.5,0.5,NA,2,0,2,pre-quake
2020-04-06T18:30:00Z,19,4,0,0,NA,3,0,1,pre-quake
2020-04-06T18:35:00Z,2,7,10,1,NA,9,0,1,pre-quake
2020-04-06T18:35:00Z,3,2,2,3,3,3,1,1,pre-quake
2020-04-06T18:35:00Z,4,0,0,1,NA,2,0.5,2,pre-quake
2020-04-06T18:35:00Z,5,0,3,1,0,2,0,1,pre-quake
2020-04-06T18:35:00Z,8,0.25,0,2.5,NA,3.25,0.25,4,pre-quake
2020-04-06T18:35:00Z,9,0.75,0.25,2.5,3.25,2.5,0.25,4,pre-quake
2020-04-06T18:35:00Z,10,0,0,3,NA,4,1,1,pre-quake
2020-04-06T18:35:00Z,11,0,0,0,1,1,0,1,pre-quake
2020-04-06T18:35:00Z,12,0,0,1,NA,0,0,1,pre-quake
2020-04-06T18:35:00Z,14,3.3333333333333335,1.3333333333333333,3,NA,4.666666666666667,0,3,pre-quake
2020-04-06T18:35:00Z,15,5,1.5,5,NA,1,0.5,2,pre-quake
2020-04-06T18:35:00Z,16,0,1,0,0,0,0,1,pre-quake
2020-04-06T18:35:00Z,17,1,1,0,NA,0,0,1,pre-quake
2020-04-06T18:35:00Z,18,3.5,4,2.5,NA,3,0,2,pre-quake
2020-04-06T18:40:00Z,2,5,0.5,5,NA,1.5,0,2,pre-quake
2020-04-06T18:40:00Z,4,0,0.5,0.5,NA,1.5,0,2,pre-quake
2020-04-06T18:40:00Z,6,1.75,1.25,2.5,1.75,2.75,0.5,4,pre-quake
2020-04-06T18:40:00Z,8,0.25,0.25,1.75,NA,2.5,0.25,4,pre-quake
2020-04-06T18:40:00Z,9,0,0,1,1,2.5,0,2,pre-quake
2020-04-06T18:40:00Z,10,0,1,4,NA,3,0,1,pre-quake
2020-04-06T18:40:00Z,15,3.3333333333333335,5.333333333333333,2.3333333333333335,NA,4,0.3333333333333333,3,pre-quake
2020-04-06T18:40:00Z,19,2,2.25,0,NA,3.5,0,4,pre-quake
2020-04-06T18:45:00Z,2,0,0.5,0,NA,0.5,0,2,pre-quake
2020-04-06T18:45:00Z,3,3,3,3,2,2,1,1,pre-quake
2020-04-06T18:45:00Z,6,3.3333333333333335,3.3333333333333335,3.3333333333333335,3.6666666666666665,2,0.3333333333333333,3,pre-quake
2020-04-06T18:45:00Z,8,0,0.3333333333333333,1.6666666666666667,NA,2.6666666666666665,0.3333333333333333,3,pre-quake
2020-04-06T18:45:00Z,9,4.4,2.2,5.2,4,2.4,0,5,pre-quake
2020-04-06T18:45:00Z,10,0,0,2,NA,4,1,1,pre-quake
2020-04-06T18:45:00Z,11,1,2,0,2,2,0,1,pre-quake
2020-04-06T18:45:00Z,12,0,0,0,NA,1,1,1,pre-quake
2020-04-06T18:45:00Z,15,5,3.5,3.5,NA,4,0,2,pre-quake
2020-04-06T18:45:00Z,17,5,2,0,NA,0,0,1,pre-quake
2020-04-06T18:45:00Z,18,3.6666666666666665,0.6666666666666666,3.3333333333333335,NA,4.666666666666667,0.3333333333333333,3,pre-quake
2020-04-06T18:45:00Z,19,2,0,0,NA,3,1,1,pre-quake
2020-04-06T18:50:00Z,3,2.3333333333333335,4.166666666666667,3.5,2.3333333333333335,3.5,0.5,6,pre-quake
2020-04-06T18:50:00Z,6,3,3,4.5,1.5,5,0,2,pre-quake
2020-04-06T18:50:00Z,8,1.25,1.5,3.5,NA,4.75,0,4,pre-quake
2020-04-06T18:50:00Z,9,6,10,5,3,2,0,1,pre-quake
2020-04-06T18:50:00Z,10,0,0,3.6666666666666665,NA,4,0.3333333333333333,3,pre-quake
2020-04-06T18:50:00Z,13,0,0,5,NA,2,0,1,pre-quake
2020-04-06T18:50:00Z,15,1.25,2,2.75,NA,1.75,0,4,pre-quake
2020-04-06T18:50:00Z,16,2,8,5,3,2,0,1,pre-quake
2020-04-06T18:50:00Z,18,1,0,0,NA,2,0,1,pre-quake
2020-04-06T18:50:00Z,19,6,2.5,1,NA,4,0,2,pre-quake
2020-04-06T18:55:00Z,3,3,3,3.5,2.5,2.5,0,2,pre-quake
2020-04-06T18:55:00Z,6,0,0,0.3333333333333333,0,0.6666666666666666,0.3333333333333333,3,pre-quake
2020-04-06T18:55:00Z,8,0,0,1,NA,3.5,0,2,pre-quake
2020-04-06T18:55:00Z,9,7.5,5.5,2.5,5,6.5,0,2,pre-quake
2020-04-06T18:55:00Z,10,0,0,2,NA,5,0,2,pre-quake
2020-04-06T18:55:00Z,12,0,0,0,NA,1,1,1,pre-quake
2020-04-06T18:55:00Z,13,0,0,4,NA,1,0,1,pre-quake
2020-04-06T18:55:00Z,14,0,1,0,NA,2,0,1,pre-quake
2020-04-06T18:55:00Z,15,0,0,0,NA,2,0,1,pre-quake
2020-04-06T18:55:00Z,16,2.5,6,5,6,9.5,0,2,pre-quake
2020-04-06T18:55:00Z,17,0,1,0,NA,0,1,1,pre-quake
2020-04-06T18:55:00Z,19,6,0.5,6.5,NA,8.5,0,2,pre-quake
2020-04-06T19:00:00Z,2,2.2,1.4,1.6,4,3,0.4,5,pre-quake
2020-04-06T19:00:00Z,4,6,4,9,NA,10,0,1,pre-quake
2020-04-06T19:00:00Z,6,3.3333333333333335,0.3333333333333333,0.6666666666666666,2.6666666666666665,1.6666666666666667,0,3,pre-quake
2020-04-06T19:00:00Z,8,4.5,3,6,NA,6,0.5,2,pre-quake
2020-04-06T19:00:00Z,9,3,2,3.5,2.5,2.5,0,2,pre-quake
2020-04-06T19:00:00Z,10,0,1,3,NA,3,0,1,pre-quake
2020-04-06T19:00:00Z,12,1,0,0,NA,2,1,1,pre-quake
2020-04-06T19:00:00Z,13,5,7,0,NA,9,0,1,pre-quake
2020-04-06T19:00:00Z,15,0,10,7,NA,0,0,1,pre-quake
2020-04-06T19:00:00Z,16,0,0,1,0,0,0,1,pre-quake
2020-04-06T19:00:00Z,18,2,1,0,NA,3,0,1,pre-quake
2020-04-06T19:00:00Z,19,3,0,0,NA,4,0,1,pre-quake
2020-04-06T19:05:00Z,1,0,4,0,5,10,0,1,pre-quake
2020-04-06T19:05:00Z,2,0.5,0,0,NA,1,0,2,pre-quake
2020-04-06T19:05:00Z,3,3.3333333333333335,3.3333333333333335,3.3333333333333335,2.3333333333333335,3.3333333333333335,1.3333333333333333,3,pre-quake
2020-04-06T19:05:00Z,4,10,5,6,NA,4,0,1,pre-quake
2020-04-06T19:05:00Z,6,2,8,10,7,7,0,1,pre-quake
2020-04-06T19:05:00Z,8,4.5,2.5,5.5,NA,6.5,0,2,pre-quake
2020-04-06T19:05:00Z,9,0,0.5,0.5,0,2.5,0.5,2,pre-quake
2020-04-06T19:05:00Z,10,0,0,3,NA,5,0,1,pre-quake
2020-04-06T19:05:00Z,11,0,0,0.5,1,1.5,0,2,pre-quake
2020-04-06T19:05:00Z,12,0,0,0,NA,2,0,1,pre-quake
2020-04-06T19:05:00Z,14,1,3.3333333333333335,2.3333333333333335,NA,1.6666666666666667,0.3333333333333333,3,pre-quake
2020-04-06T19:05:00Z,16,0,1,1,0,0,0,1,pre-quake
2020-04-06T19:05:00Z,18,5,1.5,0.5,NA,5.5,0.5,2,pre-quake
2020-04-06T19:05:00Z,19,4,0.5,0,NA,2.5,0,2,pre-quake
2020-04-06T19:10:00Z,2,0,0,5,NA,1.5,0,2,pre-quake
2020-04-06T19:10:00Z,3,5.5,4.5,5,6,5,0.5,2,pre-quake
2020-04-06T19:10:00Z,4,6,10,2,NA,10,0,1,pre-quake
2020-04-06T19:10:00Z,5,0,1,0,0,1,0,1,pre-quake
2020-04-06T19:10:00Z,6,0.75,2.75,2.5,1.25,2,0,4,pre-quake
2020-04-06T19:10:00Z,8,0.5,0.5,2.5,NA,2.5,0,2,pre-quake
2020-04-06T19:10:00Z,9,5,7,9,5,10,0,1,pre-quake
2020-04-06T19:10:00Z,12,0,1,0,NA,1,0,1,pre-quake
2020-04-06T19:10:00Z,14,5,4,10,NA,9,0,1,pre-quake
2020-04-06T19:10:00Z,15,6,4.75,5.75,NA,7.5,0.25,4,pre-quake
2020-04-06T19:10:00Z,18,4.5,4,3.5,NA,5.5,0,2,pre-quake
2020-04-06T19:10:00Z,19,4,0,7,NA,7,0,1,pre-quake
2020-04-06T19:15:00Z,1,1,10,9,9,4,0,1,pre-quake
2020-04-06T19:15:00Z,2,2,4,0.5,NA,2.5,0.5,2,pre-quake
2020-04-06T19:15:00Z,3,10,5,9,7,8,0,1,pre-quake
2020-04-06T19:15:00Z,5,3.5,7,7,8.5,4.5,0,2,pre-quake
2020-04-06T19:15:00Z,6,0.5,0.5,0.5,0,1,0.5,2,pre-quake
2020-04-06T19:15:00Z,8,5,4.5,4.5,NA,5.5,0,2,pre-quake
2020-04-06T19:15:00Z,9,2.5,0.5,3.5,4,2,0.5,2,pre-quake
2020-04-06T19:15:00Z,10,2,0,2,NA,4,0,1,pre-quake
2020-04-06T19:15:00Z,12,4,4,4,NA,1,0,1,pre-quake
2020-04-06T19:15:00Z,15,0.5,0,0.5,NA,1.5,0.5,2,pre-quake
2020-04-06T19:15:00Z,16,0,0,0,0,0,1,1,pre-quake
2020-04-06T19:15:00Z,17,8,5,10,NA,8,0,1,pre-quake
2020-04-06T19:15:00Z,18,0,0,4,NA,4,0,1,pre-quake
2020-04-06T19:15:00Z,19,3.5,1,5,NA,3.5,0,2,pre-quake
2020-04-06T19:20:00Z,1,8,9,4,7,1,0,1,pre-quake
2020-04-06T19:20:00Z,2,4,7,5.5,NA,7.5,0,2,pre-quake
2020-04-06T19:20:00Z,3,6,2.6666666666666665,2,8,2.3333333333333335,0.3333333333333333,3,pre-quake
2020-04-06T19:20:00Z,5,1.75,3.25,1.75,1.75,2.75,0.25,4,pre-quake
2020-04-06T19:20:00Z,6,1,0,4.5,5,5,0,2,pre-quake
2020-04-06T19:20:00Z,8,0,0,1.5,NA,3.5,0,2,pre-quake
2020-04-06T19:20:00Z,9,0,0,0,0,3,0,1,pre-quake
2020-04-06T19:20:00Z,10,1,0,3,NA,3,0,1,pre-quake
2020-04-06T19:20:00Z,14,1,0,1,NA,2,0,1,pre-quake
2020-04-06T19:20:00Z,15,0.5,0.5,0,NA,1,0,2,pre-quake
2020-04-06T19:20:00Z,16,0.5,0,0,0.5,0.5,0.5,2,pre-quake
2020-04-06T19:25:00Z,2,4,6,10,NA,10,0,1,pre-quake
2020-04-06T19:25:00Z,3,2.5,4,6,3,8,0,2,pre-quake
2020-04-06T19:25:00Z,8,8.5,3.5,6,NA,6.5,0,2,pre-quake
2020-04-06T19:25:00Z,9,0.5,0,5,1,4.5,0,2,pre-quake
2020-04-06T19:25:00Z,10,4.5,3.5,6,NA,2,0.5,2,pre-quake
2020-04-06T19:25:00Z,12,1,0,1,NA,0.5,0.5,2,pre-quake
2020-04-06T19:25:00Z,13,0,0,6,NA,1,0,1,pre-quake
2020-04-06T19:25:00Z,15,0,2,0,NA,0,1,1,pre-quake
2020-04-06T19:25:00Z,16,0,1,0,0,0,0,1,pre-quake
2020-04-06T19:25:00Z,18,1,0,5,NA,5,0,1,pre-quake
2020-04-06T19:25:00Z,19,3,0,0,NA,3,0,1,pre-quake
2020-04-06T19:30:00Z,1,6,1,1,8,3,0,1,pre-quake
2020-04-06T19:30:00Z,6,1.3333333333333333,3,5.333333333333333,0.6666666666666666,2.3333333333333335,0.3333333333333333,3,pre-quake
2020-04-06T19:30:00Z,8,0,0,2,NA,2,0,2,pre-quake
2020-04-06T19:30:00Z,9,0,0,0.5,0,3.5,0.5,2,pre-quake
2020-04-06T19:30:00Z,10,10,5,10,NA,1,0,1,pre-quake
2020-04-06T19:30:00Z,11,7,6,5,4,0,0,1,pre-quake
2020-04-06T19:30:00Z,12,4,8,3,NA,9,0,1,pre-quake
2020-04-06T19:30:00Z,14,1.3333333333333333,2,1.3333333333333333,NA,2,0,3,pre-quake
2020-04-06T19:30:00Z,15,3.3333333333333335,0.6666666666666666,3,NA,4,0.3333333333333333,3,pre-quake
2020-04-06T19:30:00Z,16,6,7,5,0,7,0,1,pre-quake
2020-04-06T19:30:00Z,18,2,0,0,NA,2,1,1,pre-quake
2020-04-06T19:35:00Z,2,0,0,1,NA,2,0,1,pre-quake
2020-04-06T19:35:00Z,3,3,2,2,2,3,1,1,pre-quake
2020-04-06T19:35:00Z,5,0,1.5,0,0,0.5,0,2,pre-quake
2020-04-06T19:35:00Z,10,0,7,7,NA,10,0,1,pre-quake
2020-04-06T19:35:00Z,13,7,1,1,NA,6,1,1,pre-quake
2020-04-06T19:35:00Z,14,8,4,9,NA,3,0,1,pre-quake
2020-04-06T19:35:00Z,17,5,9,1,NA,2,0,1,pre-quake
2020-04-06T19:35:00Z,19,6,10,1,NA,6,0,1,pre-quake
2020-04-06T19:40:00Z,2,5.5,4,2.5,NA,2,0,2,pre-quake
2020-04-06T19:40:00Z,3,3.5,3.5,4,0.5,2.5,0.5,2,pre-quake
2020-04-06T19:40:00Z,5,3,6,0.5,5,5.5,0,2,pre-quake
2020-04-06T19:40:00Z,6,7,0,9,8,5,0,1,pre-quake
2020-04-06T19:40:00Z,8,0,0,2.5,NA,4,0.5,2,pre-quake
2020-04-06T19:40:00Z,9,0,2.6666666666666665,4.333333333333333,2,5.666666666666667,0.6666666666666666,3,pre-quake
2020-04-06T19:40:00Z,10,10,8,10,NA,7,0,1,pre-quake
2020-04-06T19:40:00Z,12,5.5,5,4,NA,3,0,2,pre-quake
2020-04-06T19:40:00Z,13,2.6666666666666665,1,6,NA,2.6666666666666665,0,3,pre-quake
2020-04-06T19:40:00Z,15,0,1,0,NA,2,0,1,pre-quake
2020-04-06T19:40:00Z,19,1,0,0,NA,2,1,1,pre-quake
2020-04-06T19:45:00Z,1,4.5,1,3.5,5,4,0,2,pre-quake
2020-04-06T19:45:00Z,2,5,3,9,NA,8,0,1,pre-quake
2020-04-06T19:45:00Z,3,3.5,4.5,4,3,3,0,2,pre-quake
2020-04-06T19:45:00Z,6,2.5,4,9,8.5,1.5,0,2,pre-quake
2020-04-06T19:45:00Z,8,5,6.5,7,NA,2,0,2,pre-quake
2020-04-06T19:45:00Z,9,10,4,10,8,3,0,1,pre-quake
2020-04-06T19:45:00Z,18,1,1,0,NA,2,0,1,pre-quake
2020-04-06T19:45:00Z,19,2,0,1,NA,3,0,1,pre-quake
2020-04-06T19:50:00Z,2,6,9,7,NA,7,0,2,pre-quake
2020-04-06T19:50:00Z,3,3,3,4,3,2,1,1,pre-quake
2020-04-06T19:50:00Z,6,0,7,8,4,4,0,1,pre-quake
2020-04-06T19:50:00Z,8,2,3.3333333333333335,4.333333333333333,NA,3,0.3333333333333333,3,pre-quake
2020-04-06T19:50:00Z,12,0,1,0,NA,3,1,1,pre-quake
2020-04-06T19:50:00Z,14,6,8,7,NA,0,0,1,pre-quake
2020-04-06T19:50:00Z,15,0,0,0,NA,1,0,1,pre-quake
2020-04-06T19:50:00Z,18,4,0,0,NA,1,1,1,pre-quake
2020-04-06T19:55:00Z,2,6,6,7,NA,0,0,1,pre-quake
2020-04-06T19:55:00Z,3,0,5,10,9,0,0,1,pre-quake
2020-04-06T19:55:00Z,6,2.5,6.5,5.5,4.5,7,0.5,2,pre-quake
2020-04-06T19:55:00Z,8,0.5,0,2,NA,3,0.5,2,pre-quake
2020-04-06T19:55:00Z,9,8.5,2.5,6.5,3,4.5,0.5,2,pre-quake
2020-04-06T19:55:00Z,13,7.5,2.5,4.5,NA,5,0,2,pre-quake
2020-04-06T19:55:00Z,15,2.5,4.5,5,NA,5,0,2,pre-quake
2020-04-06T19:55:00Z,16,3,9,0,1,3,0,1,pre-quake
2020-04-06T19:55:00Z,19,10,10,7,NA,7,0,1,pre-quake
2020-04-06T20:00:00Z,2,3.25,3.25,2.75,NA,2.25,0.5,4,pre-quake
2020-04-06T20:00:00Z,3,4,2,3,2,4,0,1,pre-quake
2020-04-06T20:00:00Z,5,3,9,9,2,9,0,1,pre-quake
2020-04-06T20:00:00Z,6,0,0,0,0,2,1,1,pre-quake
2020-04-06T20:00:00Z,8,1,0,1,NA,5,0,1,pre-quake
2020-04-06T20:00:00Z,9,2.6666666666666665,4.333333333333333,3,4.666666666666667,2.6666666666666665,0,3,pre-quake
2020-04-06T20:00:00Z,10,0,0,1,NA,5,0,1,pre-quake
2020-04-06T20:00:00Z,12,0,0,0,NA,1,1,1,pre-quake
2020-04-06T20:00:00Z,13,0,0,4,NA,2,0,1,pre-quake
2020-04-06T20:00:00Z,15,3.6666666666666665,5.666666666666667,5.666666666666667,NA,6,0.3333333333333333,3,pre-quake
2020-04-06T20:00:00Z,16,5,8,3,3,8,0,1,pre-quake
2020-04-06T20:00:00Z,17,0,0,0,NA,1,0,1,pre-quake
2020-04-06T20:00:00Z,19,3.5,0.5,0,NA,2.75,0.25,4,pre-quake
2020-04-06T20:05:00Z,2,0,0,0,NA,2,0,1,pre-quake
2020-04-06T20:05:00Z,3,0.5,5,7,5.5,7.5,0,2,pre-quake
2020-04-06T20:05:00Z,4,0,0,0,NA,1,0,1,pre-quake
2020-04-06T20:05:00Z,5,1,6,5,2,0,0,1,pre-quake
2020-04-06T20:05:00Z,8,1.5,8.5,4.5,NA,5.5,0.5,2,pre-quake
2020-04-06T20:05:00Z,9,6,2.3333333333333335,3.3333333333333335,4.666666666666667,5,0.3333333333333333,3,pre-quake
2020-04-06T20:05:00Z,14,0,0,0,NA,2,0,1,pre-quake
2020-04-06T20:05:00Z,15,3.3333333333333335,1.3333333333333333,3.6666666666666665,NA,4.333333333333333,0,3,pre-quake
2020-04-06T20:05:00Z,16,0,0,0,0,0,0,1,pre-quake
2020-04-06T20:05:00Z,17,1,0,1,NA,0,0,1,pre-quake
2020-04-06T20:10:00Z,3,3,3,3,0,3,1,1,pre-quake
2020-04-06T20:10:00Z,5,7.5,4.5,7,7.5,3.5,0.5,2,pre-quake
2020-04-06T20:10:00Z,8,8,10,9,NA,1,0,1,pre-quake
2020-04-06T20:10:00Z,9,2,0,1,0,3,0,1,pre-quake
2020-04-06T20:10:00Z,10,5,9,7,NA,10,0,1,pre-quake
2020-04-06T20:10:00Z,12,0,0,0,NA,1,0,1,pre-quake
2020-04-06T20:10:00Z,14,0,1,1,NA,1,0,1,pre-quake
2020-04-06T20:10:00Z,15,10,4,10,NA,10,0,1,pre-quake
2020-04-06T20:10:00Z,18,3,0,0,NA,1,0,1,pre-quake
2020-04-06T20:10:00Z,19,2,0,0,NA,4,1,1,pre-quake
2020-04-06T20:15:00Z,12,3,10,6,NA,9,0,1,pre-quake
2020-04-06T20:15:00Z,14,1,0,0,NA,2,1,1,pre-quake
2020-04-06T20:15:00Z,16,0,0,1,0,0,1,1,pre-quake
2020-04-06T20:15:00Z,18,2,0,8,NA,6,0,1,pre-quake
2020-04-06T20:20:00Z,2,10,5,4,NA,5,0,1,pre-quake
2020-04-06T20:20:00Z,3,6,6.5,8.5,4.5,3,0,2,pre-quake
2020-04-06T20:20:00Z,8,3.5,7.5,7,NA,4,0,2,pre-quake
2020-04-06T20:20:00Z,10,1,0,3,NA,4,1,1,pre-quake
2020-04-06T20:20:00Z,11,0,0,0,1,1,0,1,pre-quake
2020-04-06T20:20:00Z,16,0,0,0,0,1,0,1,pre-quake
2020-04-06T20:25:00Z,2,2,4,5,NA,2,0,1,pre-quake
2020-04-06T20:25:00Z,4,7,0,8,NA,2,0,1,pre-quake
2020-04-06T20:25:00Z,5,2,0,6,3,6,1,1,pre-quake
2020-04-06T20:25:00Z,12,8,9,2,NA,0,0,1,pre-quake
2020-04-06T20:25:00Z,14,3.6666666666666665,3.3333333333333335,3.3333333333333335,NA,2.6666666666666665,0,3,pre-quake
2020-04-06T20:25:00Z,15,8,3,6,NA,3,0,1,pre-quake
2020-04-06T20:25:00Z,18,2,9,0,NA,4,0,1,pre-quake
2020-04-06T20:30:00Z,3,5.5,3,6.5,2,4,0,2,pre-quake
2020-04-06T20:30:00Z,5,10,10,4,10,6,0,1,pre-quake
2020-04-06T20:30:00Z,6,0,0,1,0,0,0,1,pre-quake
2020-04-06T20:30:00Z,8,5.5,8.5,7,NA,10,0,2,pre-quake
2020-04-06T20:30:00Z,9,1.5,5.5,5,7.5,5.5,0,2,pre-quake
2020-04-06T20:30:00Z,12,1,4,2,NA,10,0,1,pre-quake
2020-04-06T20:30:00Z,15,2,0,1,NA,2,0,1,pre-quake
2020-04-06T20:30:00Z,17,2,10,0,NA,0,0,1,pre-quake
2020-04-06T20:35:00Z,1,10,3,10,7,10,0,1,pre-quake
2020-04-06T20:35:00Z,3,2,3,3,2,3,1,1,pre-quake
2020-04-06T20:35:00Z,6,7,0,6,1,10,0,1,pre-quake
2020-04-06T20:35:00Z,8,5,6,0,NA,7,0,1,pre-quake
2020-04-06T20:35:00Z,15,1,0,1,NA,1,0,1,pre-quake
2020-04-06T20:35:00Z,16,10,10,3,4,0,0,1,pre-quake
2020-04-06T20:40:00Z,3,5.333333333333333,3.6666666666666665,3.3333333333333335,2.6666666666666665,4.666666666666667,0,3,pre-quake
2020-04-06T20:40:00Z,5,8,0,1,7,0,0,1,pre-quake
2020-04-06T20:40:00Z,6,4.666666666666667,3.6666666666666665,4.333333333333333,4.333333333333333,4.666666666666667,0,3,pre-quake
2020-04-06T20:40:00Z,8,2,4,5,NA,4,0,2,pre-quake
2020-04-06T20:40:00Z,12,3,2,10,NA,2,0,1,pre-quake
2020-04-06T20:40:00Z,15,5.5,5,1,NA,7,0,2,pre-quake
2020-04-06T20:40:00Z,16,4,2,0,3,10,0,1,pre-quake
2020-04-06T20:45:00Z,1,1,0,0,0,0,1,1,pre-quake
2020-04-06T20:45:00Z,2,9,10,10,NA,10,0,1,pre-quake
2020-04-06T20:45:00Z,3,5,3,3,1,2,0,1,pre-quake
2020-04-06T20:45:00Z,5,0,2,0.5,0,1,0.5,2,pre-quake
2020-04-06T20:45:00Z,6,5,5,1.5,2.5,3.5,0,2,pre-quake
2020-04-06T20:45:00Z,8,2.5,7,6.5,NA,5,0,2,pre-quake
2020-04-06T20:45:00Z,9,5,10,7,1,0,0,1,pre-quake
2020-04-06T20:45:00Z,14,7,3,2,NA,4,0,1,pre-quake
2020-04-06T20:45:00Z,16,8.5,4,4.5,8.5,4.5,0,2,pre-quake
2020-04-06T20:45:00Z,19,2,0,1,NA,3,0,1,pre-quake
2020-04-06T20:50:00Z,8,4.666666666666667,3.3333333333333335,4,NA,6,0.3333333333333333,3,pre-quake
2020-04-06T20:50:00Z,10,4,5.666666666666667,6.666666666666667,NA,6.666666666666667,0,3,pre-quake
2020-04-06T20:50:00Z,11,10,5,7,0,10,0,1,pre-quake
2020-04-06T20:50:00Z,12,4,3,4,NA,2,0,1,pre-quake
2020-04-06T20:50:00Z,14,9,2,0,NA,10,0,1,pre-quake
2020-04-06T20:50:00Z,15,0.6666666666666666,0.6666666666666666,0,NA,0.6666666666666666,0,3,pre-quake
2020-04-06T20:50:00Z,17,8,7,9,NA,10,0,1,pre-quake
2020-04-06T20:55:00Z,3,5,8,7,8,2,0,1,pre-quake
2020-04-06T20:55:00Z,14,10,4,0,NA,8,0,1,pre-quake
2020-04-06T20:55:00Z,15,3,7,6,NA,7.5,0,2,pre-quake
2020-04-06T20:55:00Z,16,7,6,7,5,10,0,1,pre-quake
2020-04-06T20:55:00Z,19,9,8,4,NA,9,1,1,pre-quake
2020-04-06T21:00:00Z,3,10,5,7,10,6,0,1,pre-quake
2020-04-06T21:00:00Z,8,0,0,6,NA,1,0,1,pre-quake
2020-04-06T21:00:00Z,9,7,1,5,4,7,0,1,pre-quake
2020-04-06T21:00:00Z,13,1,4,8,NA,5,0,1,pre-quake
2020-04-06T21:00:00Z,14,2,0,2,NA,10,0,1,pre-quake
2020-04-06T21:00:00Z,15,5,3,7,NA,4.5,0,2,pre-quake
2020-04-06T21:05:00Z,3,5.6,5.2,2.6,9,3.2,0.2,5,pre-quake
2020-04-06T21:05:00Z,5,5,8.5,9.5,6.5,6,0,2,pre-quake
2020-04-06T21:05:00Z,8,2,2.3333333333333335,6.333333333333333,NA,5.333333333333333,0.3333333333333333,3,pre-quake
2020-04-06T21:05:00Z,9,9,7,6,2,2,0,1,pre-quake
2020-04-06T21:05:00Z,15,4,4.5,5.25,NA,6.75,0,4,pre-quake
2020-04-06T21:05:00Z,17,5,9,0,NA,7,0,1,pre-quake
2020-04-06T21:10:00Z,2,4.333333333333333,4.666666666666667,8.666666666666666,3,6,0,3,pre-quake
2020-04-06T21:10:00Z,5,5,9,6,4,6.5,0,2,pre-quake
2020-04-06T21:10:00Z,6,7,7,5.333333333333333,5,2.6666666666666665,0,3,pre-quake
2020-04-06T21:10:00Z,8,2,3.5,3,NA,5.5,0.5,2,pre-quake
2020-04-06T21:10:00Z,9,3.5,6.5,3,2.5,7.5,0,2,pre-quake
2020-04-06T21:10:00Z,14,0,1,1,NA,2,0,1,pre-quake
2020-04-06T21:10:00Z,15,3,1,4,NA,9,0,1,pre-quake
2020-04-06T21:15:00Z,3,10,0,1,4,4,0,1,pre-quake
2020-04-06T21:15:00Z,6,0,0,1,0,1,0,1,pre-quake
2020-04-06T21:15:00Z,8,3,3,4,NA,6,0,1,pre-quake
2020-04-06T21:15:00Z,10,4,8,2,NA,9,0,1,pre-quake
2020-04-06T21:15:00Z,14,10,9,10,NA,5,0,1,pre-quake
2020-04-06T21:15:00Z,15,4,5,6.5,NA,2.5,0,2,pre-quake
2020-04-06T21:15:00Z,19,6,4,6,NA,7,0.5,2,pre-quake
2020-04-06T21:20:00Z,2,4.5,5.5,1.5,NA,7,0,2,pre-quake
2020-04-06T21:20:00Z,5,1,3,2,2.5,1,0,2,pre-quake
2020-04-06T21:20:00Z,6,5,3,3,5.333333333333333,1.3333333333333333,0,3,pre-quake
2020-04-06T21:20:00Z,8,3.5,3,7.5,NA,2.5,0.5,2,pre-quake
2020-04-06T21:20:00Z,9,7,10,5,2,2,0,1,pre-quake
2020-04-06T21:20:00Z,13,4.5,5.5,5.5,NA,6.5,0,2,pre-quake
2020-04-06T21:20:00Z,18,4,0,2,NA,2,0,1,pre-quake
2020-04-06T21:25:00Z,3,3,3,4,2,3,1,1,pre-quake
2020-04-06T21:25:00Z,4,9,3,8,NA,6,0,1,pre-quake
2020-04-06T21:25:00Z,5,4,7,9,1,5,0,1,pre-quake
2020-04-06T21:25:00Z,6,6,6,4,3,7,0,1,pre-quake
2020-04-06T21:25:00Z,18,4,9,10,NA,9,0,1,pre-quake
2020-04-06T21:25:00Z,19,7,0,8,NA,8,0,1,pre-quake
2020-04-06T21:30:00Z,2,6,3,9,NA,8,0,1,pre-quake
2020-04-06T21:30:00Z,3,4,8.5,6.5,6,1,0,2,pre-quake
2020-04-06T21:30:00Z,6,10,5,1,8,4,0,1,pre-quake
2020-04-06T21:30:00Z,9,3.6666666666666665,3,5.666666666666667,7.666666666666667,8,0,3,pre-quake
2020-04-06T21:30:00Z,10,2,6.5,3.5,NA,9.5,0,2,pre-quake
2020-04-06T21:30:00Z,16,1,6,10,4,3,0,1,pre-quake
2020-04-06T21:30:00Z,17,9,9,9,NA,10,0,1,pre-quake
2020-04-06T21:35:00Z,1,4,10,4,7,4,0,1,pre-quake
2020-04-06T21:35:00Z,3,0,5,10,0,4,0,1,pre-quake
2020-04-06T21:35:00Z,6,4,2,1,0,10,0,1,pre-quake
2020-04-06T21:35:00Z,8,1,4.5,5,NA,6,0,2,pre-quake
2020-04-06T21:35:00Z,9,6.5,6.5,2.5,9.5,9.5,0.5,2,pre-quake
2020-04-06T21:35:00Z,11,2,10,4,1,5,0,1,pre-quake
2020-04-06T21:35:00Z,15,0,4,2,NA,5,0,1,pre-quake
2020-04-06T21:40:00Z,2,2,1,9,NA,10,0,1,pre-quake
2020-04-06T21:40:00Z,3,3.5,4.5,0.5,2.5,2,0,2,pre-quake
2020-04-06T21:40:00Z,8,2.3333333333333335,1,0.6666666666666666,NA,3,0,3,pre-quake
2020-04-06T21:40:00Z,9,1,0,7,6,1,0,1,pre-quake
2020-04-06T21:40:00Z,13,9,1,9,NA,10,0,1,pre-quake
2020-04-06T21:40:00Z,14,3,0,4,NA,2,1,1,pre-quake
2020-04-06T21:40:00Z,15,2,0,1,NA,2,0,1,pre-quake
2020-04-06T21:40:00Z,16,10,10,6,4,9,0,1,pre-quake
2020-04-06T21:40:00Z,18,2,0,0,NA,1,0,1,pre-quake
2020-04-06T21:45:00Z,1,4,3,7,8,10,0,1,pre-quake
2020-04-06T21:45:00Z,2,5,4.5,2,NA,2,0,2,pre-quake
2020-04-06T21:45:00Z,3,6.5,3.5,3,4,1.5,1,2,pre-quake
2020-04-06T21:45:00Z,6,9.5,7.5,4.5,5.5,2.5,0,2,pre-quake
2020-04-06T21:45:00Z,8,10,10,0,NA,3,1,1,pre-quake
2020-04-06T21:45:00Z,14,4,2,9,NA,5,0,1,pre-quake
2020-04-06T21:45:00Z,15,5,5.5,7.5,NA,6,0,2,pre-quake
2020-04-06T21:50:00Z,8,2.75,6.25,4.75,NA,5.25,0,4,pre-quake
2020-04-06T21:50:00Z,9,0,9,3,5,3,1,1,pre-quake
2020-04-06T21:50:00Z,12,10,8,3,NA,6,0,1,pre-quake
2020-04-06T21:50:00Z,14,9,4,9,NA,10,1,1,pre-quake
2020-04-06T21:50:00Z,15,5.5,6.5,3,NA,9.5,0,2,pre-quake
2020-04-06T21:50:00Z,18,5,1,3.5,NA,1,0,2,pre-quake
2020-04-06T21:55:00Z,2,0,0,0,NA,0,1,1,pre-quake
2020-04-06T21:55:00Z,3,6,3,3.5,6,6.5,0,2,pre-quake
2020-04-06T21:55:00Z,9,9,10,3,10,0,0,1,pre-quake
2020-04-06T21:55:00Z,15,5.5,9,6,NA,5.5,1,2,pre-quake
2020-04-06T22:00:00Z,1,4.5,8.5,5.5,3,6,0.5,2,pre-quake
2020-04-06T22:00:00Z,2,8,8,10,NA,9,0,1,pre-quake
2020-04-06T22:00:00Z,3,6,0,7,6,4,0,1,pre-quake
2020-04-06T22:00:00Z,6,0,1,0,0,1,0,1,pre-quake
2020-04-06T22:00:00Z,8,3,5,4,NA,4,0,4,pre-quake
2020-04-06T22:00:00Z,9,0,8,5,6,6,0,1,pre-quake
2020-04-06T22:00:00Z,11,0,9,3,10,5,0,1,pre-quake
2020-04-06T22:00:00Z,14,4.5,0,3.5,NA,2.5,0.5,2,pre-quake
2020-04-06T22:00:00Z,15,4,2,7,NA,4,0,1,pre-quake
2020-04-06T22:00:00Z,18,2,10,8,NA,9,0,1,pre-quake
2020-04-06T22:05:00Z,2,7,9,8,NA,10,0,1,pre-quake
2020-04-06T22:05:00Z,3,0,1,6,10,1,0,1,pre-quake
2020-04-06T22:05:00Z,5,7,2,9,10,9,0,1,pre-quake
2020-04-06T22:05:00Z,8,0,0,3,NA,3,0,1,pre-quake
2020-04-06T22:05:00Z,9,3,7,10,2,2,0,1,pre-quake
2020-04-06T22:05:00Z,10,4,8,4,NA,1,0,1,pre-quake
2020-04-06T22:05:00Z,12,7,0,7,NA,9,0,1,pre-quake
2020-04-06T22:05:00Z,13,6,6,0,NA,9,0,1,pre-quake
2020-04-06T22:05:00Z,14,0,4,8,NA,10,0,1,pre-quake
2020-04-06T22:05:00Z,15,7.333333333333333,1.6666666666666667,4.666666666666667,NA,6.666666666666667,0,3,pre-quake
2020-04-06T22:05:00Z,18,2,1,1,NA,3,0,1,pre-quake
2020-04-06T22:10:00Z,2,4,0.5,2,NA,4.5,0,2,pre-quake
2020-04-06T22:10:00Z,3,0,8,10,0,1,0,1,pre-quake
2020-04-06T22:10:00Z,6,7.5,7.5,5,5,10,0,2,pre-quake
2020-04-06T22:10:00Z,9,10,8,7,9,6,1,1,pre-quake
2020-04-06T22:10:00Z,10,6,10,6,NA,1,0,1,pre-quake
2020-04-06T22:10:00Z,13,4,6,9,NA,2,0,1,pre-quake
2020-04-06T22:10:00Z,18,2,3.5,4,NA,7.5,0,2,pre-quake
2020-04-06T22:15:00Z,1,5,8,8,6,10,0,1,pre-quake
2020-04-06T22:15:00Z,2,2,0,10,NA,10,0,1,pre-quake
2020-04-06T22:15:00Z,6,2,0,2,6,4,0,1,pre-quake
2020-04-06T22:15:00Z,8,1.5,4.5,5,NA,7,0,2,pre-quake
2020-04-06T22:15:00Z,15,9,10,7,NA,5,0,1,pre-quake
2020-04-06T22:15:00Z,16,7,6,10,2,10,0,1,pre-quake
2020-04-06T22:20:00Z,1,3,9,10,0,10,0,1,pre-quake
2020-04-06T22:20:00Z,2,6,5,6,NA,7,0.3333333333333333,3,pre-quake
2020-04-06T22:20:00Z,3,3.6666666666666665,6.666666666666667,5,7.333333333333333,6.666666666666667,0,3,pre-quake
2020-04-06T22:20:00Z,5,0,0,1,0,1,0,1,pre-quake
2020-04-06T22:20:00Z,8,7,2,7.333333333333333,NA,7,0,3,pre-quake
2020-04-06T22:20:00Z,9,2,8,6,5,9,0,1,pre-quake
2020-04-06T22:20:00Z,10,10,3,0,NA,8,0,1,pre-quake
2020-04-06T22:20:00Z,14,0,1,0,NA,1,0,1,pre-quake
2020-04-06T22:20:00Z,15,0,0,0,NA,0,0,1,pre-quake
2020-04-06T22:20:00Z,18,6,4,4.5,NA,5.5,1,2,pre-quake
2020-04-06T22:25:00Z,1,7,0,9,9,4,0,1,pre-quake
2020-04-06T22:25:00Z,6,5.5,2,9.5,8.5,2,0,2,pre-quake
2020-04-06T22:25:00Z,8,0,0,2,NA,3,1,1,pre-quake
2020-04-06T22:25:00Z,15,6,10,0,NA,1,0,1,pre-quake
2020-04-06T22:30:00Z,3,10,7,4,6,10,0,1,pre-quake
2020-04-06T22:30:00Z,6,4,4,6,9,6,0,1,pre-quake
2020-04-06T22:30:00Z,11,10,6,0,8,5,0,1,pre-quake
2020-04-06T22:30:00Z,15,9.5,9,8,NA,9.5,0,2,pre-quake
2020-04-06T22:30:00Z,17,10,4,0,NA,5,0,1,pre-quake
2020-04-06T22:35:00Z,2,10,7,4,NA,3,0,1,pre-quake
2020-04-06T22:35:00Z,5,1,2,1,7,10,0,1,pre-quake
2020-04-06T22:35:00Z,6,2,5.5,8,7.5,9.5,0,2,pre-quake
2020-04-06T22:35:00Z,8,8,10,10,NA,10,0,1,pre-quake
2020-04-06T22:35:00Z,9,4,0,10,5,8,0,1,pre-quake
2020-04-06T22:35:00Z,10,1.5,5.5,6.5,NA,6.5,0.5,2,pre-quake
2020-04-06T22:35:00Z,14,6.5,3,3,NA,4,0,2,pre-quake
2020-04-06T22:35:00Z,16,3.5,4,3.5,1.5,6,0,2,pre-quake
2020-04-06T22:40:00Z,5,4,0,9,8,4,0,1,pre-quake
2020-04-06T22:40:00Z,6,6,0,5,10,6,0,1,pre-quake
2020-04-06T22:40:00Z,8,1,6,10,NA,0,0,1,pre-quake
2020-04-06T22:40:00Z,9,0,10,6,10,5,1,1,pre-quake
2020-04-06T22:40:00Z,10,10,6,7,NA,4,1,1,pre-quake
2020-04-06T22:40:00Z,12,2,4,1,NA,8,0,1,pre-quake
2020-04-06T22:40:00Z,13,9,2,10,NA,7,0,1,pre-quake
2020-04-06T22:40:00Z,16,7,7.5,2,5,6.5,0,2,pre-quake
2020-04-06T22:45:00Z,1,9,8,6,3,5,0,1,pre-quake
2020-04-06T22:45:00Z,5,2,2,8,4,9,0,1,pre-quake
2020-04-06T22:45:00Z,6,7,10,10,2,4,0,1,pre-quake
2020-04-06T22:45:00Z,9,9,5,3,8,5,0,1,pre-quake
2020-04-06T22:45:00Z,12,3,2,3,NA,10,0,1,pre-quake
2020-04-06T22:45:00Z,18,4,7,6,NA,9,0,1,pre-quake
2020-04-06T22:50:00Z,2,10,1,8,NA,10,0,1,pre-quake
2020-04-06T22:50:00Z,3,3.5,9,0.5,7,6.5,0,2,pre-quake
2020-04-06T22:50:00Z,5,0.5,1.5,0,0,0.5,0.5,2,pre-quake
2020-04-06T22:50:00Z,6,6.5,6.5,6,9,6,0,2,pre-quake
2020-04-06T22:50:00Z,8,6,6,4,NA,3,0,1,pre-quake
2020-04-06T22:50:00Z,14,9,10,3,NA,2,0,1,pre-quake
2020-04-06T22:50:00Z,15,3,7,5,NA,9.5,0,2,pre-quake
2020-04-06T22:50:00Z,16,0,6,4,1,3,0,1,pre-quake
2020-04-06T22:50:00Z,18,6,5.666666666666667,4.333333333333333,NA,5.666666666666667,0.3333333333333333,3,pre-quake
2020-04-06T22:55:00Z,2,8,2,2,NA,4,0,2,pre-quake
2020-04-06T22:55:00Z,5,1,8,9,5,3,0,1,pre-quake
2020-04-06T22:55:00Z,6,9,10,7,6,2,0,1,pre-quake
2020-04-06T22:55:00Z,8,10,8,4,NA,4,0,1,pre-quake
2020-04-06T22:55:00Z,9,9,10,5,8,5,0,1,pre-quake
2020-04-06T22:55:00Z,19,3.5,4,8.5,NA,4.5,0,2,pre-quake
2020-04-06T23:00:00Z,2,5,4,8,NA,4,0,1,pre-quake
2020-04-06T23:00:00Z,3,8,10,8,10,10,0,1,pre-quake
2020-04-06T23:00:00Z,10,6,6,7,NA,2,0,1,pre-quake
2020-04-06T23:00:00Z,13,1,1,4,NA,3,2,1,pre-quake
2020-04-06T23:00:00Z,14,8,3,10,NA,8,1,1,pre-quake
2020-04-06T23:00:00Z,16,3,2,10,10,5,0,1,pre-quake
2020-04-06T23:05:00Z,3,10,9,5,5,6,0,1,pre-quake
2020-04-06T23:05:00Z,8,0,4,1,NA,10,0,1,pre-quake
2020-04-06T23:05:00Z,9,3,5.5,9,5,7,0.5,2,pre-quake
2020-04-06T23:05:00Z,14,4,1,1,NA,6,0,1,pre-quake
2020-04-06T23:05:00Z,15,3,8,0,NA,0,0,1,pre-quake
2020-04-06T23:10:00Z,2,8,6,6,NA,0,0,1,pre-quake
2020-04-06T23:10:00Z,3,5.666666666666667,2.3333333333333335,3.6666666666666665,3,2.3333333333333335,0,3,pre-quake
2020-04-06T23:10:00Z,9,0,8.5,2.5,6.5,5,0,2,pre-quake
2020-04-06T23:10:00Z,10,3,5,9,NA,10,0,1,pre-quake
2020-04-06T23:10:00Z,15,10,1,7,NA,8.5,0,2,pre-quake
2020-04-06T23:10:00Z,18,6,4,3,NA,7,0,1,pre-quake
2020-04-06T23:15:00Z,2,9,9,7,NA,5,0,1,pre-quake
2020-04-06T23:15:00Z,6,10,0,3,5,5,0,1,pre-quake
2020-04-06T23:15:00Z,8,8,4,10,NA,5,0,1,pre-quake
2020-04-06T23:15:00Z,11,10,10,4,0,10,0,1,pre-quake
2020-04-06T23:15:00Z,13,8,2,9,NA,1,1,1,pre-quake
2020-04-06T23:15:00Z,14,5,8,1,NA,2,0,1,pre-quake
2020-04-06T23:15:00Z,18,2,0,0,NA,2,0,1,pre-quake
2020-04-06T23:15:00Z,19,0,0,10,NA,10,0,1,pre-quake
2020-04-06T23:20:00Z,6,3,6,10,10,1,0,1,pre-quake
2020-04-06T23:20:00Z,9,7,5.25,4.5,10,4.25,0.25,4,pre-quake
2020-04-06T23:20:00Z,11,0,4,6,0,10,1,1,pre-quake
2020-04-06T23:20:00Z,14,7,10,9,NA,0,0,1,pre-quake
2020-04-06T23:20:00Z,16,0,0,9,9,9,0,1,pre-quake
2020-04-06T23:20:00Z,18,9,9,5,NA,7,0,1,pre-quake
2020-04-06T23:20:00Z,19,5,6.5,8,5,8,0,2,pre-quake
2020-04-06T23:25:00Z,5,6.5,3,5,4.5,8.5,0,2,pre-quake
2020-04-06T23:25:00Z,9,4,6,9.5,3,3.5,0,2,pre-quake
2020-04-06T23:25:00Z,14,0,0,0,NA,2,0,1,pre-quake
2020-04-06T23:25:00Z,15,5,1,3,NA,8,0,1,pre-quake
2020-04-06T23:30:00Z,4,10,10,4,NA,6,0,1,pre-quake
2020-04-06T23:30:00Z,8,7.333333333333333,2.3333333333333335,4,NA,7.666666666666667,0,3,pre-quake
2020-04-06T23:30:00Z,14,4,1,4,NA,3,0,1,pre-quake
2020-04-06T23:30:00Z,15,6,0,4,NA,3,0,1,pre-quake
2020-04-06T23:30:00Z,16,4.5,8.5,7,4.5,9,0,2,pre-quake
2020-04-06T23:35:00Z,1,1,1,0,1,6,0,1,pre-quake
2020-04-06T23:35:00Z,6,5,8.333333333333334,4.666666666666667,7.666666666666667,3.6666666666666665,0,3,pre-quake
2020-04-06T23:35:00Z,8,7.5,3.5,3.5,NA,5,0,2,pre-quake
2020-04-06T23:35:00Z,15,2,3,8,NA,10,0,1,pre-quake
2020-04-06T23:40:00Z,1,10,1,5,10,5,0,1,pre-quake
2020-04-06T23:40:00Z,3,1,4,10,10,3,0,1,pre-quake
2020-04-06T23:40:00Z,5,4.5,6.5,5,6,2.5,0,2,pre-quake
2020-04-06T23:40:00Z,6,8,2,5,1,7,0,1,pre-quake
2020-04-06T23:40:00Z,8,6,4,10,NA,0,0,1,pre-quake
2020-04-06T23:40:00Z,9,7,7.5,0.5,8,7,0,2,pre-quake
2020-04-06T23:40:00Z,13,7,4,2,NA,8,0,1,pre-quake
2020-04-06T23:40:00Z,19,2,4,6,NA,7,0,1,pre-quake
2020-04-06T23:45:00Z,2,1,10,6,NA,4,0,1,pre-quake
2020-04-06T23:45:00Z,3,2,1.5,0.5,1,8,0,2,pre-quake
2020-04-06T23:45:00Z,4,6,6,9,NA,1,0,1,pre-quake
2020-04-06T23:45:00Z,6,9,5,1,8,8,0,1,pre-quake
2020-04-06T23:45:00Z,9,5,3,8,10,8,0,1,pre-quake
2020-04-06T23:45:00Z,17,7,2,10,NA,0,0,1,pre-quake
2020-04-06T23:50:00Z,2,2,1,1,NA,10,0,1,pre-quake
2020-04-06T23:50:00Z,5,4,5.5,8,6.5,8.5,0,2,pre-quake
2020-04-06T23:50:00Z,8,9.333333333333334,6.666666666666667,6,NA,5.333333333333333,0,3,pre-quake
2020-04-06T23:50:00Z,9,4,3,9,6,8,0,1,pre-quake
2020-04-06T23:50:00Z,13,6,4,9,NA,0,0,1,pre-quake
2020-04-06T23:50:00Z,15,2,8,3,NA,1,0,1,pre-quake
2020-04-06T23:55:00Z,2,7,2,6,NA,10,0,1,pre-quake
2020-04-06T23:55:00Z,8,2,1.5,8,NA,5,0,2,pre-quake
2020-04-06T23:55:00Z,9,7,9,10,10,6,0,1,pre-quake
2020-04-06T23:55:00Z,10,0,10,3,NA,3,0,1,pre-quake
2020-04-06T23:55:00Z,13,6,7,10,NA,2,0,1,pre-quake
2020-04-06T23:55:00Z,15,5,1,1,6,4.5,0.5,2,pre-quake
2020-04-07T00:00:00Z,1,3,4,10,10,0,0,1,pre-quake
2020-04-07T00:00:00Z,2,9,5,2,NA,0,0,1,pre-quake
2020-04-07T00:00:00Z,3,4,10,10,10,9,0,1,pre-quake
2020-04-07T00:00:00Z,6,3,0,3,5,2,0,1,pre-quake
2020-04-07T00:00:00Z,8,7.5,5.5,5,NA,6.5,0,2,pre-quake
2020-04-07T00:00:00Z,9,4,8,5.5,5,0.5,0,2,pre-quake
2020-04-07T00:00:00Z,11,4,10,10,8,9,0,1,pre-quake
2020-04-07T00:00:00Z,15,5.666666666666667,7.333333333333333,6.666666666666667,NA,5,0,3,pre-quake
2020-04-07T00:05:00Z,2,8,10,8,NA,10,0,1,pre-quake
2020-04-07T00:05:00Z,3,7,1,3,7,9,0,1,pre-quake
2020-04-07T00:05:00Z,5,9,10,10,0,5,0,1,pre-quake
2020-04-07T00:05:00Z,8,10,1,4,NA,10,0,1,pre-quake
2020-04-07T00:05:00Z,9,5.5,4.5,9.5,2.5,6,0,2,pre-quake
2020-04-07T00:05:00Z,13,1,7,6,NA,10,0,1,pre-quake
2020-04-07T00:05:00Z,14,3.6666666666666665,6,3.3333333333333335,NA,5.666666666666667,0,3,pre-quake
2020-04-07T00:05:00Z,15,8,10,2,NA,1,0,1,pre-quake
2020-04-07T00:05:00Z,16,5,7,0,4,4,0,1,pre-quake
2020-04-07T00:05:00Z,18,6.5,1.5,5,NA,6,0,2,pre-quake
2020-04-07T00:05:00Z,19,4.5,9,3,NA,0.5,0,2,pre-quake
2020-04-07T00:10:00Z,5,7,8,1,10,8,0,1,pre-quake
2020-04-07T00:10:00Z,9,6,0,7,0,6,0,1,pre-quake
2020-04-07T00:10:00Z,12,5,6,2,NA,7,1,1,pre-quake
2020-04-07T00:10:00Z,19,2,8,1,NA,10,0,1,pre-quake
2020-04-07T00:15:00Z,4,9,7,0,NA,10,0,1,pre-quake
2020-04-07T00:15:00Z,6,1,5,3.5,2.5,4,0,2,pre-quake
2020-04-07T00:15:00Z,15,4,10,2,7,0,0,1,pre-quake
2020-04-07T00:15:00Z,17,8,5,7,NA,2.5,0.5,2,pre-quake
2020-04-07T00:15:00Z,18,5,0,2,NA,7,1,1,pre-quake
2020-04-07T00:15:00Z,19,3,0,5,NA,10,0,1,pre-quake
2020-04-07T00:20:00Z,5,2,10,2,7,10,1,1,pre-quake
2020-04-07T00:20:00Z,8,8,10,3,NA,9,0,1,pre-quake
2020-04-07T00:20:00Z,9,7,8,1,5,9,0,1,pre-quake
2020-04-07T00:20:00Z,14,10,3,1,NA,3,0,1,pre-quake
2020-04-07T00:20:00Z,15,6,10,6,NA,8,0,1,pre-quake
2020-04-07T00:25:00Z,2,5,3,3.3333333333333335,NA,3.3333333333333335,0.3333333333333333,3,pre-quake
2020-04-07T00:25:00Z,8,2.75,6.75,5.25,NA,6.5,0.25,4,pre-quake
2020-04-07T00:25:00Z,9,3.75,5.25,2.75,4.5,8.75,0,4,pre-quake
2020-04-07T00:25:00Z,15,8,9,10,NA,10,0,1,pre-quake
2020-04-07T00:25:00Z,16,9,9,7,3,9,0,1,pre-quake
2020-04-07T00:25:00Z,18,5.5,6,4,NA,5,0,2,pre-quake
2020-04-07T00:30:00Z,4,8,7,3,NA,6,1,1,pre-quake
2020-04-07T00:30:00Z,5,6,7.5,3.5,6.5,2,0,2,pre-quake
2020-04-07T00:30:00Z,9,9,5,9,3,8.5,0,2,pre-quake
2020-04-07T00:30:00Z,10,10,9,6,NA,0,0,1,pre-quake
2020-04-07T00:30:00Z,11,10,9,7,7,5,0,1,pre-quake
2020-04-07T00:30:00Z,14,3,8,8,5,2,1,1,pre-quake
2020-04-07T00:30:00Z,15,3,9,10,NA,10,0,1,pre-quake
2020-04-07T00:30:00Z,17,4,0,9,NA,0,0,1,pre-quake
2020-04-07T00:35:00Z,2,7.5,9,4,NA,1,0.5,2,pre-quake
2020-04-07T00:35:00Z,5,8,8,9,5,9,0,1,pre-quake
2020-04-07T00:35:00Z,6,0,10,4,6,3,0,1,pre-quake
2020-04-07T00:35:00Z,8,3.5,10,1.5,NA,9,0.5,2,pre-quake
2020-04-07T00:35:00Z,10,3,1,10,NA,0,0,1,pre-quake
2020-04-07T00:35:00Z,15,1,0,1,NA,1,0,1,pre-quake
2020-04-07T00:35:00Z,18,1,3,2,NA,7,0,1,pre-quake
2020-04-07T00:40:00Z,4,3,2,0,NA,0,0,1,pre-quake
2020-04-07T00:40:00Z,9,5,7.5,3,7.5,3.5,0,2,pre-quake
2020-04-07T00:40:00Z,12,7.5,4.5,3,NA,9,0,2,pre-quake
2020-04-07T00:45:00Z,2,9,6,1,NA,5,0,1,pre-quake
2020-04-07T00:45:00Z,3,0,1,9,4,0,0,1,pre-quake
2020-04-07T00:45:00Z,5,7,1,6,10,9,0,1,pre-quake
2020-04-07T00:45:00Z,6,9,0,8,1,10,0,1,pre-quake
2020-04-07T00:45:00Z,8,5,3,10,NA,1,0,1,pre-quake
2020-04-07T00:45:00Z,9,4,10,5,7,10,0,1,pre-quake
2020-04-07T00:45:00Z,10,8,4,6,NA,9,1,1,pre-quake
2020-04-07T00:45:00Z,18,6,4,1,NA,10,0,1,pre-quake
2020-04-07T00:45:00Z,19,3,6,1,NA,4,1,1,pre-quake
2020-04-07T00:50:00Z,3,4,5.5,3,6.5,6.5,0.5,2,pre-quake
2020-04-07T00:50:00Z,6,6.5,4,8,7,9,0,2,pre-quake
2020-04-07T00:50:00Z,8,9,9,4,NA,1,0,1,pre-quake
2020-04-07T00:50:00Z,9,6,1.5,4.5,4,7,0,2,pre-quake
2020-04-07T00:50:00Z,12,1,6,1.5,NA,3,0,2,pre-quake
2020-04-07T00:50:00Z,14,10,3,3,NA,9,0,1,pre-quake
2020-04-07T00:50:00Z,15,8,10,4,NA,9,0,1,pre-quake
2020-04-07T00:50:00Z,16,0,8,2,0,1,0,1,pre-quake
2020-04-07T00:50:00Z,18,0,5,6,NA,10,0,1,pre-quake
2020-04-07T00:55:00Z,1,5,9,10,4,5,0,1,pre-quake
2020-04-07T00:55:00Z,8,7,4.666666666666667,8.333333333333334,NA,9,0,3,pre-quake
2020-04-07T00:55:00Z,11,5,10,8,1,2,0,1,pre-quake
2020-04-07T00:55:00Z,14,0,5,8,NA,2,0,1,pre-quake
2020-04-07T00:55:00Z,16,0,10,8,5,3,0,1,pre-quake
2020-04-07T00:55:00Z,19,9.333333333333334,5.333333333333333,5.666666666666667,NA,5.333333333333333,0,3,pre-quake
2020-04-07T01:00:00Z,2,10,3,6,NA,4,0,1,pre-quake
2020-04-07T01:00:00Z,3,7,8,7,9,5,1,1,pre-quake
2020-04-07T01:00:00Z,6,10,6,0,10,8,0,1,pre-quake
2020-04-07T01:00:00Z,10,2,7,5,NA,5,0,1,pre-quake
2020-04-07T01:00:00Z,15,5,7,10,NA,10,0,1,pre-quake
2020-04-07T01:00:00Z,18,9,2,6,NA,2,0,1,pre-quake
2020-04-07T01:05:00Z,1,10,5,7,10,6,0,1,pre-quake
2020-04-07T01:05:00Z,3,10,3,7,6,2,0,1,pre-quake
2020-04-07T01:05:00Z,4,0,9,9,NA,6,0,1,pre-quake
2020-04-07T01:05:00Z,9,4,6.5,3.5,6.5,6.5,0,2,pre-quake
2020-04-07T01:05:00Z,12,5,7,5,NA,2,0,1,pre-quake
2020-04-07T01:05:00Z,14,10,2,10,NA,9,0,1,pre-quake
2020-04-07T01:05:00Z,15,3,6,3,NA,7,1,1,pre-quake
2020-04-07T01:05:00Z,16,3.5,7.5,6.5,4,4.5,0,2,pre-quake
2020-04-07T01:10:00Z,1,10,8,10,9,1,0,1,pre-quake
2020-04-07T01:10:00Z,3,9,3,1,3,2,0,1,pre-quake
2020-04-07T01:10:00Z,5,6,9,7,4,6,0,2,pre-quake
2020-04-07T01:10:00Z,6,9,1,6,5,6,0,2,pre-quake
2020-04-07T01:10:00Z,8,6,3,9,NA,7,0,1,pre-quake
2020-04-07T01:10:00Z,15,7,5.333333333333333,5.333333333333333,NA,3.3333333333333335,0,3,pre-quake
2020-04-07T01:10:00Z,19,4,7,0,NA,0,0,1,pre-quake
2020-04-07T01:15:00Z,1,9,6,7,10,10,0,1,pre-quake
2020-04-07T01:15:00Z,2,9,4,2,NA,5,0,1,pre-quake
2020-04-07T01:15:00Z,5,10,10,8,1,4,0,1,pre-quake
2020-04-07T01:15:00Z,8,4,8,7,NA,6.333333333333333,0,3,pre-quake
2020-04-07T01:15:00Z,10,0,8,6,NA,10,0,1,pre-quake
2020-04-07T01:15:00Z,11,1,4,4,3,4,0,1,pre-quake
2020-04-07T01:15:00Z,15,10,6,6,NA,0,0,1,pre-quake
2020-04-07T01:15:00Z,16,3,3,1,3,2,0,1,pre-quake
2020-04-07T01:15:00Z,18,3,3,9,NA,9,0,1,pre-quake
2020-04-07T01:20:00Z,3,7.5,8,3.5,10,2.5,0,2,pre-quake
2020-04-07T01:20:00Z,8,6,5,10,NA,1,0,1,pre-quake
2020-04-07T01:20:00Z,10,3,4,4,NA,2,0,1,pre-quake
2020-04-07T01:25:00Z,3,9,4,10,4,7,0,1,pre-quake
2020-04-07T01:25:00Z,5,0,7,8,3,10,0,1,pre-quake
2020-04-07T01:25:00Z,11,1,0,6,8,4,0,1,pre-quake
2020-04-07T01:25:00Z,14,8,5,6,NA,5,0,1,pre-quake
2020-04-07T01:25:00Z,19,4,5,7,NA,2,0,1,pre-quake
2020-04-07T01:30:00Z,4,4,10,2,NA,5,0,1,pre-quake
2020-04-07T01:30:00Z,6,8,3,7,8.5,5.5,0.5,2,pre-quake
2020-04-07T01:30:00Z,11,0,8,0,5,3,0,1,pre-quake
2020-04-07T01:30:00Z,15,7,0,8,NA,8,1,1,pre-quake
2020-04-07T01:30:00Z,17,3,10,1,NA,1,0,1,pre-quake
2020-04-07T01:35:00Z,1,8,10,7,2,10,0,1,pre-quake
2020-04-07T01:35:00Z,3,0,3,10,7,7,0,1,pre-quake
2020-04-07T01:35:00Z,12,10,10,8,NA,8,0,1,pre-quake
2020-04-07T01:35:00Z,14,8,5,7,NA,8,0,1,pre-quake
2020-04-07T01:40:00Z,8,3,6,6,NA,10,1,1,pre-quake
2020-04-07T01:40:00Z,12,4,8,0,NA,9,0,1,pre-quake
2020-04-07T01:40:00Z,14,8,10,9,NA,2,0,1,pre-quake
2020-04-07T01:40:00Z,15,2,6,6,NA,2,0,1,pre-quake
2020-04-07T01:45:00Z,6,10,6,9,5,4,0,1,pre-quake
2020-04-07T01:45:00Z,8,6,7,3,NA,2,1,1,pre-quake
2020-04-07T01:45:00Z,9,0,2,7,8,8,0,1,pre-quake
2020-04-07T01:45:00Z,10,9.5,6,7.5,NA,7,0,2,pre-quake
2020-04-07T01:45:00Z,15,6,4,6,NA,2.5,0,2,pre-quake
2020-04-07T01:45:00Z,16,10,7,10,9,6,0,1,pre-quake
2020-04-07T01:45:00Z,19,8,0,2,NA,7,0,1,pre-quake
2020-04-07T01:50:00Z,1,3,5,9,9,10,0,1,pre-quake
2020-04-07T01:50:00Z,2,7,5,3,NA,5,1,1,pre-quake
2020-04-07T01:50:00Z,10,10,8,10,NA,2,0,1,pre-quake
2020-04-07T01:50:00Z,13,2.5,0.5,7,NA,1,0,2,pre-quake
2020-04-07T01:50:00Z,15,10,1,0,NA,9,0,1,pre-quake
2020-04-07T01:55:00Z,3,0,8,7,2,10,0,1,pre-quake
2020-04-07T01:55:00Z,6,1,0,0,1,1,0,1,pre-quake
2020-04-07T01:55:00Z,8,6,4.5,1.5,NA,3.5,0,2,pre-quake
2020-04-07T01:55:00Z,9,3,2,10,6,3,0,1,pre-quake
2020-04-07T01:55:00Z,14,9,9,1,NA,4,0,1,pre-quake
2020-04-07T01:55:00Z,19,3,5,8,NA,2,0,1,pre-quake
2020-04-07T02:00:00Z,1,6,0,0,10,1,0,1,pre-quake
2020-04-07T02:00:00Z,2,7,0,10,NA,10,0,1,pre-quake
2020-04-07T02:00:00Z,6,4,2.5,8,4.5,6.5,0,2,pre-quake
2020-04-07T02:00:00Z,8,7,10,8,NA,2,0,1,pre-quake
2020-04-07T02:00:00Z,9,1,2,2,1,7,0,1,pre-quake
2020-04-07T02:00:00Z,10,0,10,0,NA,3,0,1,pre-quake
2020-04-07T02:00:00Z,15,7,5,7.5,NA,1.5,0,2,pre-quake
2020-04-07T02:05:00Z,2,9.5,7.5,8,NA,7.5,0,2,pre-quake
2020-04-07T02:05:00Z,3,10,9,9,9,10,0,1,pre-quake
2020-04-07T02:05:00Z,6,3,6,5,2,10,0,1,pre-quake
2020-04-07T02:05:00Z,8,1,8,1,NA,0,0,1,pre-quake
2020-04-07T02:05:00Z,15,5,7,1,NA,1,0,1,pre-quake
2020-04-07T02:10:00Z,3,9,6,4,0,5,0,1,pre-quake
2020-04-07T02:10:00Z,6,1,3,10,2,10,0,1,pre-quake
2020-04-07T02:10:00Z,8,3,10,2,NA,4,0,1,pre-quake
2020-04-07T02:10:00Z,10,3,10,8,NA,4,0,1,pre-quake
2020-04-07T02:10:00Z,12,2,0,10,NA,8,0,1,pre-quake
2020-04-07T02:10:00Z,13,4,9,6,NA,0,0,1,pre-quake
2020-04-07T02:10:00Z,15,2.6666666666666665,8,5,NA,8,0,3,pre-quake
2020-04-07T02:10:00Z,16,7,10,8,7,7,0,1,pre-quake
2020-04-07T02:10:00Z,19,6,0,7,NA,5,0,1,pre-quake
2020-04-07T02:15:00Z,8,6,4,4,NA,4,0,1,pre-quake
2020-04-07T02:15:00Z,11,9,3,10,7,1,0,1,pre-quake
2020-04-07T02:15:00Z,14,6,10,1,NA,10,0,1,pre-quake
2020-04-07T02:20:00Z,6,10,8,6,2,1,0,1,pre-quake
2020-04-07T02:20:00Z,8,7.666666666666667,6.333333333333333,5.666666666666667,NA,8.333333333333334,0,3,pre-quake
2020-04-07T02:20:00Z,9,4,7,4,10,1,0,1,pre-quake
2020-04-07T02:20:00Z,13,4,4,10,NA,7,1,1,pre-quake
2020-04-07T02:20:00Z,14,9,9,8,NA,9,0,1,pre-quake
2020-04-07T02:20:00Z,15,8,3,2,NA,10,0,1,pre-quake
2020-04-07T02:20:00Z,16,6,2,8,9,1,0,1,pre-quake
2020-04-07T02:25:00Z,6,6,9,7.5,4.5,5.5,0,2,pre-quake
2020-04-07T02:25:00Z,8,8,4,4,NA,5,0,1,pre-quake
2020-04-07T02:25:00Z,9,10,9,6,10,0,0,1,pre-quake
2020-04-07T02:25:00Z,10,10,10,4,NA,10,0,1,pre-quake
2020-04-07T02:25:00Z,15,2,5,3.5,NA,6,0,2,pre-quake
2020-04-07T02:25:00Z,17,10,3,0,NA,5,0,1,pre-quake
2020-04-07T02:30:00Z,2,7,3,2,NA,6,0,1,pre-quake
2020-04-07T02:30:00Z,4,6,3,4,NA,6,0,1,pre-quake
2020-04-07T02:30:00Z,11,5,3,8,9,4,0,1,pre-quake
2020-04-07T02:30:00Z,15,5,2,8,NA,3,0,1,pre-quake
2020-04-07T02:35:00Z,3,8.5,4,6,5,6,0.5,2,pre-quake
2020-04-07T02:35:00Z,4,2,5,9,NA,2,0,1,pre-quake
2020-04-07T02:35:00Z,6,8.5,2.5,1.5,7.5,6,0,2,pre-quake
2020-04-07T02:35:00Z,15,6,6,7,NA,5.5,0,2,pre-quake
2020-04-07T02:40:00Z,2,7,5,5.5,NA,2,0.5,2,pre-quake
2020-04-07T02:40:00Z,3,2,9,1,6,8,0,1,pre-quake
2020-04-07T02:40:00Z,11,9,6,7,6,7,0,1,pre-quake
2020-04-07T02:40:00Z,12,7,6,5,NA,7,0,1,pre-quake
2020-04-07T02:40:00Z,14,7.5,8.5,5,NA,2.5,0,2,pre-quake
2020-04-07T02:40:00Z,15,5,3,4,NA,5,0,1,pre-quake
2020-04-07T02:40:00Z,19,2,8,4,NA,0,0,1,pre-quake
2020-04-07T02:45:00Z,1,1,9,0,2,7,0,1,pre-quake
2020-04-07T02:45:00Z,6,6,5,9,2,3,0,1,pre-quake
2020-04-07T02:45:00Z,8,1,8,9,NA,10,0,1,pre-quake
2020-04-07T02:45:00Z,9,9,1,3,10,4,0,1,pre-quake
2020-04-07T02:45:00Z,13,1,10,8,NA,1,0,1,pre-quake
2020-04-07T02:45:00Z,15,8,5,3,NA,5,0,1,pre-quake
2020-04-07T02:45:00Z,16,9,6,5,5,5,0,1,pre-quake
2020-04-07T02:45:00Z,17,5,5,5,NA,10,0,1,pre-quake
2020-04-07T02:45:00Z,19,5,0,7,NA,4,0,1,pre-quake
2020-04-07T02:50:00Z,1,8,6,9,3,10,0,1,pre-quake
2020-04-07T02:50:00Z,3,6,8,2,10,2,0,1,pre-quake
2020-04-07T02:50:00Z,5,7,8,1,5,5,0,1,pre-quake
2020-04-07T02:50:00Z,8,4,1,9,NA,4,0,1,pre-quake
2020-04-07T02:50:00Z,9,2.5,7,3,7.5,6,0,2,pre-quake
2020-04-07T02:50:00Z,13,1,4,9,NA,9,0,1,pre-quake
2020-04-07T02:50:00Z,15,7,10,5,NA,6,0,1,pre-quake
2020-04-07T02:50:00Z,19,5.5,9.5,6,NA,5,0,2,pre-quake
2020-04-07T02:55:00Z,1,1,7,6,3,1,0,1,pre-quake
2020-04-07T02:55:00Z,5,4,2,10,2,7,0,1,pre-quake
2020-04-07T02:55:00Z,6,8,4,7,7,10,0,1,pre-quake
2020-04-07T02:55:00Z,8,9.5,1,8.5,NA,8.5,0,2,pre-quake
2020-04-07T02:55:00Z,10,9,6,4,NA,3,0,1,pre-quake
2020-04-07T02:55:00Z,11,0,5,10,9,10,0,1,pre-quake
2020-04-07T02:55:00Z,16,3,10,6,2,9,0,1,pre-quake
2020-04-07T03:00:00Z,2,9,7,10,NA,3,0,1,pre-quake
2020-04-07T03:00:00Z,6,5.5,6,3,9,5.5,0,2,pre-quake
2020-04-07T03:00:00Z,8,5,6,2,NA,2,0,1,pre-quake
2020-04-07T03:00:00Z,14,9,10,1,NA,1,0,1,pre-quake
2020-04-07T03:00:00Z,17,10,8,10,NA,0,0,1,pre-quake
2020-04-07T03:05:00Z,6,8,6,7,5,0,0,1,pre-quake
2020-04-07T03:05:00Z,13,2,10,7,NA,3,0,1,pre-quake
2020-04-07T03:05:00Z,15,3,10,8,NA,8,0,1,pre-quake
2020-04-07T03:05:00Z,18,8.5,2.5,6.5,NA,1,0,2,pre-quake
2020-04-07T03:10:00Z,2,1,1,3,NA,10,0,1,pre-quake
2020-04-07T03:10:00Z,8,6,9,8,NA,6,0,1,pre-quake
2020-04-07T03:10:00Z,12,2,10,3,NA,7,0,1,pre-quake
2020-04-07T03:10:00Z,13,0,10,8,NA,0,0,1,pre-quake
2020-04-07T03:10:00Z,14,7,7,2,NA,10,0,1,pre-quake
2020-04-07T03:10:00Z,15,4.666666666666667,5,9.333333333333334,NA,4,0.3333333333333333,3,pre-quake
2020-04-07T03:10:00Z,19,0,4,0,NA,7,0,1,pre-quake
2020-04-07T03:15:00Z,1,9,4,8,6,4,0,1,pre-quake
2020-04-07T03:15:00Z,2,6.5,4.5,7,NA,7.5,0,2,pre-quake
2020-04-07T03:15:00Z,6,1,9,8,8,4,0,2,pre-quake
2020-04-07T03:15:00Z,8,5,4,8.5,NA,6,0,2,pre-quake
2020-04-07T03:15:00Z,14,7,1,8,NA,0,0,1,pre-quake
2020-04-07T03:15:00Z,16,10,3,8,6,7,0,1,pre-quake
2020-04-07T03:20:00Z,3,10,4,6,5,10,0,1,pre-quake
2020-04-07T03:20:00Z,6,4,10,1,6,9,1,1,pre-quake
2020-04-07T03:20:00Z,8,10,6,0,NA,5,0,1,pre-quake
2020-04-07T03:20:00Z,9,4,8,0,5,5,0,1,pre-quake
2020-04-07T03:20:00Z,10,6,6,0,NA,0,0,1,pre-quake
2020-04-07T03:20:00Z,15,2,5,6,NA,3,0,1,pre-quake
2020-04-07T03:20:00Z,18,4.5,6.5,6.5,NA,3.5,0,2,pre-quake
2020-04-07T03:20:00Z,19,4.5,7,9,NA,6,0,2,pre-quake
2020-04-07T03:25:00Z,2,2,10,8,NA,8,0,1,pre-quake
2020-04-07T03:25:00Z,3,9,6,10,3,8,0,1,pre-quake
2020-04-07T03:25:00Z,4,0,3,10,NA,4,0,1,pre-quake
2020-04-07T03:25:00Z,5,0,2,0,0,1,0,1,pre-quake
2020-04-07T03:25:00Z,8,10,7,9,NA,7,1,1,pre-quake
2020-04-07T03:25:00Z,9,1.5,9,8.5,4,1.5,0,2,pre-quake
2020-04-07T03:25:00Z,11,3,1,4,9,4,0,1,pre-quake
2020-04-07T03:25:00Z,12,10,4,9,NA,4,0,1,pre-quake
2020-04-07T03:25:00Z,15,1,5,7,NA,10,0,1,pre-quake
2020-04-07T03:25:00Z,16,0,3,7,2,8,0,1,pre-quake
2020-04-07T03:25:00Z,18,6,10,3,NA,5,0,1,pre-quake
2020-04-07T03:25:00Z,19,7,6.5,8.5,NA,6,0,2,pre-quake
2020-04-07T03:30:00Z,8,7,1,9,NA,10,0,1,pre-quake
2020-04-07T03:30:00Z,9,8,10,9,7,6,0,1,pre-quake
2020-04-07T03:30:00Z,10,1,8,10,NA,0,0,1,pre-quake
2020-04-07T03:30:00Z,12,10,10,6,NA,8,0,1,pre-quake
2020-04-07T03:30:00Z,18,8,10,3,NA,3,0,1,pre-quake
2020-04-07T03:35:00Z,6,9,0,4,7,5,0,1,pre-quake
2020-04-07T03:35:00Z,9,8.5,8,7,2,7,0,2,pre-quake
2020-04-07T03:35:00Z,11,9,0,5,4,3,0,1,pre-quake
2020-04-07T03:35:00Z,12,7,2,1,NA,9,0,1,pre-quake
2020-04-07T03:35:00Z,15,4,5.333333333333333,3,NA,7,0,3,pre-quake
2020-04-07T03:35:00Z,16,10,2,2,3,7,0,1,pre-quake
2020-04-07T03:40:00Z,2,1.6666666666666667,7,3.6666666666666665,NA,7.666666666666667,0,3,pre-quake
2020-04-07T03:40:00Z,4,1,3,1,NA,10,0,1,pre-quake
2020-04-07T03:40:00Z,5,1,0,4,10,4,0,1,pre-quake
2020-04-07T03:40:00Z,6,5,6,6,9,7,0,1,pre-quake
2020-04-07T03:40:00Z,8,9,3,4,NA,0,0,1,pre-quake
2020-04-07T03:40:00Z,9,6,4,3.5,3,3.5,0,2,pre-quake
2020-04-07T03:40:00Z,10,7,4,6,NA,5,0,1,pre-quake
2020-04-07T03:40:00Z,14,8,2,10,NA,10,0,1,pre-quake
2020-04-07T03:40:00Z,15,9,4,1,NA,3,0,1,pre-quake
2020-04-07T03:40:00Z,16,10,8,7,9,9,1,1,pre-quake
2020-04-07T03:45:00Z,8,6,4,7,NA,10,0,1,pre-quake
2020-04-07T03:45:00Z,9,7,7,5,1,7,0,1,pre-quake
2020-04-07T03:45:00Z,18,6,6,7,NA,10,0,1,pre-quake
2020-04-07T03:50:00Z,1,5,5.5,8,5.5,3,0.5,2,pre-quake
2020-04-07T03:50:00Z,2,2,10,10,NA,8,0,1,pre-quake
2020-04-07T03:50:00Z,3,10,8,10,3,0,0,1,pre-quake
2020-04-07T03:50:00Z,6,4,7.333333333333333,3.6666666666666665,8.333333333333334,8,0,3,pre-quake
2020-04-07T03:50:00Z,9,4.75,7,5.25,6,5.75,0.25,4,pre-quake
2020-04-07T03:50:00Z,11,6,5,9,1,8,0,1,pre-quake
2020-04-07T03:50:00Z,14,8,0,8,NA,10,0,1,pre-quake
2020-04-07T03:50:00Z,17,9,9,6,NA,10,1,1,pre-quake
2020-04-07T03:55:00Z,2,6,0,7,NA,10,0,1,pre-quake
2020-04-07T03:55:00Z,3,7,7.5,3.5,4.5,2.5,0,2,pre-quake
2020-04-07T03:55:00Z,5,3,9,5,10,5,0,1,pre-quake
2020-04-07T03:55:00Z,9,5,7,1,4,10,0,1,pre-quake
2020-04-07T03:55:00Z,10,3,9,0,NA,10,0,1,pre-quake
2020-04-07T03:55:00Z,13,2,7,4,NA,8,0,1,pre-quake
2020-04-07T03:55:00Z,14,9,1,6,NA,10,0,1,pre-quake
2020-04-07T03:55:00Z,17,0,5,0,NA,3,0,1,pre-quake
2020-04-07T03:55:00Z,18,1,2,5,NA,5,0,1,pre-quake
2020-04-07T04:00:00Z,2,6,4,0,NA,0,0,1,pre-quake
2020-04-07T04:00:00Z,3,1,1,10,7,5,0,1,pre-quake
2020-04-07T04:00:00Z,8,1,8,5,NA,9,0,1,pre-quake
2020-04-07T04:00:00Z,11,8,10,9,10,10,0,1,pre-quake
2020-04-07T04:00:00Z,17,6,4.5,7.5,NA,1,0.5,2,pre-quake
2020-04-07T04:05:00Z,2,3,10,6,NA,6,0,1,pre-quake
2020-04-07T04:05:00Z,3,1,9,1,10,10,0,1,pre-quake
2020-04-07T04:05:00Z,4,5,6,9,NA,1,0,1,pre-quake
2020-04-07T04:05:00Z,6,4,8,10,0,9,0,1,pre-quake
2020-04-07T04:05:00Z,9,7,8,6,7,4,0,1,pre-quake
2020-04-07T04:05:00Z,11,7,6,3,4,0,0,1,pre-quake
2020-04-07T04:05:00Z,12,2,10,5,NA,9,0,1,pre-quake
2020-04-07T04:05:00Z,15,5.5,4.5,9,NA,7.5,0.5,2,pre-quake
2020-04-07T04:05:00Z,19,5.5,6,3,NA,3.5,0,2,pre-quake
2020-04-07T04:10:00Z,2,0,5.5,8.5,NA,10,0,2,pre-quake
2020-04-07T04:10:00Z,3,10,10,6,8,5,0,1,pre-quake
2020-04-07T04:10:00Z,9,10,5,2,10,10,0,1,pre-quake
2020-04-07T04:15:00Z,2,10,1,7,NA,6,0,1,pre-quake
2020-04-07T04:15:00Z,3,3,2,6,5,10,0,1,pre-quake
2020-04-07T04:15:00Z,6,6,10,8,8,4,0,1,pre-quake
2020-04-07T04:15:00Z,16,9,7.5,3,5,5.5,0,2,pre-quake
2020-04-07T04:20:00Z,3,6.5,1,6,6,9.5,0,2,pre-quake
2020-04-07T04:20:00Z,6,6,3,6,1,10,0,1,pre-quake
2020-04-07T04:20:00Z,8,6,8,3,NA,8,0.5,2,pre-quake
2020-04-07T04:20:00Z,9,10,0,0,10,4,0,1,pre-quake
2020-04-07T04:20:00Z,12,1,9,3,NA,9,0,1,pre-quake
2020-04-07T04:20:00Z,15,1,3,9,NA,7,1,1,pre-quake
2020-04-07T04:25:00Z,3,2,2,2,10,8,0,1,pre-quake
2020-04-07T04:25:00Z,4,3,9,1,NA,1,0,1,pre-quake
2020-04-07T04:25:00Z,6,5,2,7,2,10,0,1,pre-quake
2020-04-07T04:25:00Z,8,9,7,9,NA,2,0,1,pre-quake
2020-04-07T04:25:00Z,9,3,7,3,4,10,0,1,pre-quake
2020-04-07T04:25:00Z,10,6,4,10,NA,6,0,1,pre-quake
2020-04-07T04:25:00Z,14,1,10,9,NA,10,0,1,pre-quake
2020-04-07T04:25:00Z,18,0,6,3,NA,8,0,1,pre-quake
2020-04-07T04:30:00Z,2,9,5,9,NA,5,0,1,pre-quake
2020-04-07T04:30:00Z,6,3.5,4.5,6.25,3.75,2,0,4,pre-quake
2020-04-07T04:30:00Z,8,2,8,6,NA,9,0,1,pre-quake
2020-04-07T04:30:00Z,14,6,9,1,NA,6,0,1,pre-quake
2020-04-07T04:30:00Z,15,1,2,1,NA,10,0,1,pre-quake
2020-04-07T04:35:00Z,1,10,10,4,9,3,0,1,pre-quake
2020-04-07T04:35:00Z,2,5.5,5.5,3.5,NA,7.5,0,2,pre-quake
2020-04-07T04:35:00Z,6,1.5,5,8,6.5,8,0.5,2,pre-quake
2020-04-07T04:35:00Z,9,10,10,10,2,7,0,1,pre-quake
2020-04-07T04:35:00Z,15,5,7,10,NA,1,0,1,pre-quake
2020-04-07T04:35:00Z,18,4,9,10,NA,10,0,1,pre-quake
2020-04-07T04:35:00Z,19,8,8,1,NA,4,0,1,pre-quake
2020-04-07T04:40:00Z,2,0,8,0,NA,9,0,1,pre-quake
2020-04-07T04:40:00Z,3,10,1.5,6.5,7,2,0,2,pre-quake
2020-04-07T04:40:00Z,4,10,6,0,NA,4,0,1,pre-quake
2020-04-07T04:40:00Z,6,6.666666666666667,4.333333333333333,4,3,8.333333333333334,0,3,pre-quake
2020-04-07T04:40:00Z,8,5,0,5,NA,4,0,1,pre-quake
2020-04-07T04:40:00Z,9,3.5,5,3.5,3,10,0,2,pre-quake
2020-04-07T04:40:00Z,11,0,1,4,6,9,0,1,pre-quake
2020-04-07T04:45:00Z,4,7,8,3,NA,7,0,1,pre-quake
2020-04-07T04:45:00Z,9,6,4,3,4,10,0,1,pre-quake
2020-04-07T04:45:00Z,10,7,3,10,NA,5,0,1,pre-quake
2020-04-07T04:45:00Z,13,3,3,3,NA,9,0,1,pre-quake
2020-04-07T04:45:00Z,16,4,0,7,0,10,0,1,pre-quake
2020-04-07T04:50:00Z,1,9,1,4,1,2,0,1,pre-quake
2020-04-07T04:50:00Z,3,1.5,4,9.5,5,2,0.5,2,pre-quake
2020-04-07T04:50:00Z,6,9,7,3,7,10,0,1,pre-quake
2020-04-07T04:50:00Z,9,1.5,1,2.5,4,7,0.5,2,pre-quake
2020-04-07T04:50:00Z,15,10,7,3,NA,10,0,1,pre-quake
2020-04-07T04:55:00Z,1,10,10,2,3,10,0,1,pre-quake
2020-04-07T04:55:00Z,5,2,10,10,4,4,0,1,pre-quake
2020-04-07T04:55:00Z,6,3,5,6,10,2,0,1,pre-quake
2020-04-07T04:55:00Z,9,5,4,5,3,8.5,0,2,pre-quake
2020-04-07T04:55:00Z,12,3,7,4,NA,3,0,1,pre-quake
2020-04-07T04:55:00Z,14,8,8,9,NA,2,0,1,pre-quake
2020-04-07T05:00:00Z,8,3,10,10,NA,9,0,1,pre-quake
2020-04-07T05:00:00Z,9,7,5.666666666666667,6,8.333333333333334,7.333333333333333,0,3,pre-quake
2020-04-07T05:00:00Z,13,10,6,6,NA,4,0,1,pre-quake
2020-04-07T05:00:00Z,15,7.666666666666667,4,1,NA,5,0,3,pre-quake
2020-04-07T05:00:00Z,18,7,1,9,NA,5,0,1,pre-quake
2020-04-07T05:00:00Z,19,10,4,7,NA,8,1,1,pre-quake
2020-04-07T05:05:00Z,5,10,9,7,5,0,0,1,pre-quake
2020-04-07T05:05:00Z,6,7,8,5.666666666666667,1,5.333333333333333,0,3,pre-quake
2020-04-07T05:05:00Z,9,3,8,9,2,10,0,1,pre-quake
2020-04-07T05:05:00Z,18,10,2,10,NA,5,0,1,pre-quake
2020-04-07T05:10:00Z,3,3,6,0,10,10,0,1,pre-quake
2020-04-07T05:10:00Z,6,3,10,10,4,7,0,1,pre-quake
2020-04-07T05:10:00Z,8,6,7.5,5.5,7,5.5,0,2,pre-quake
2020-04-07T05:10:00Z,11,9,4,1,4,4,0,1,pre-quake
2020-04-07T05:10:00Z,19,0,3,8,NA,4,0,1,pre-quake
2020-04-07T05:15:00Z,2,5,8,1.5,NA,4.5,0,2,pre-quake
2020-04-07T05:15:00Z,6,3,3,10,6,3,0,1,pre-quake
2020-04-07T05:15:00Z,9,7,4,2,1,8,0,1,pre-quake
2020-04-07T05:15:00Z,10,9,8,5,NA,3,0,1,pre-quake
2020-04-07T05:15:00Z,15,4,4,5,NA,10,1,1,pre-quake
2020-04-07T05:20:00Z,1,6,4,10,10,2,0,1,pre-quake
2020-04-07T05:20:00Z,5,3,0,5,10,8,0,1,pre-quake
2020-04-07T05:20:00Z,9,4,3,0,0,1,0,1,pre-quake
2020-04-07T05:20:00Z,18,3,7,2,NA,0,1,1,pre-quake
2020-04-07T05:25:00Z,1,1,0,3,10,9,0,1,pre-quake
2020-04-07T05:25:00Z,2,2,4,9,NA,4,0,1,pre-quake
2020-04-07T05:25:00Z,3,0,8,1,6,2,1,1,pre-quake
2020-04-07T05:25:00Z,4,5,4,2,NA,10,0,1,pre-quake
2020-04-07T05:25:00Z,15,5.5,6,7,NA,6,0,2,pre-quake
2020-04-07T05:30:00Z,2,9.5,4,5,NA,8,0,2,pre-quake
2020-04-07T05:30:00Z,4,2,3,7,NA,9,0,1,pre-quake
2020-04-07T05:30:00Z,5,6.333333333333333,6.666666666666667,7.333333333333333,4.666666666666667,1.3333333333333333,0,3,pre-quake
2020-04-07T05:30:00Z,6,5,3,8,8,7,0,1,pre-quake
2020-04-07T05:30:00Z,9,5,5,6,3,2,0,2,pre-quake
2020-04-07T05:30:00Z,12,8,6,6,NA,6.5,0,2,pre-quake
2020-04-07T05:30:00Z,14,9,4,0,NA,8,0,1,pre-quake
2020-04-07T05:30:00Z,16,5,1,9,8,6,1,1,pre-quake
2020-04-07T05:30:00Z,18,3,3,4,NA,8,0,1,pre-quake
2020-04-07T05:30:00Z,19,10,3,4,NA,7,0,1,pre-quake
2020-04-07T05:35:00Z,5,3.5,6.5,7,5.5,5.5,1,2,pre-quake
2020-04-07T05:35:00Z,8,2,0,4,NA,10,0,1,pre-quake
2020-04-07T05:35:00Z,9,10,8,5,10,0,0,1,pre-quake
2020-04-07T05:35:00Z,11,2,1,0,4,2,0,1,pre-quake
2020-04-07T05:35:00Z,13,3,10,5,NA,0,0,1,pre-quake
2020-04-07T05:35:00Z,15,4.5,5.5,4.5,NA,7,0,2,pre-quake
2020-04-07T05:35:00Z,16,3,2,2,6,10,0,1,pre-quake
2020-04-07T05:35:00Z,17,1,8,10,2,10,0,1,pre-quake
2020-04-07T05:35:00Z,18,9,4,9,NA,10,0,1,pre-quake
2020-04-07T05:40:00Z,2,7,7,10,NA,0,0,1,pre-quake
2020-04-07T05:40:00Z,3,3,8,0,3,3,0,1,pre-quake
2020-04-07T05:40:00Z,6,10,5,4,7,2,0,1,pre-quake
2020-04-07T05:40:00Z,8,10,0,1,NA,6,1,1,pre-quake
2020-04-07T05:40:00Z,11,10,0,1,7,6,0,1,pre-quake
2020-04-07T05:40:00Z,19,0,5,7,NA,3,0,1,pre-quake
2020-04-07T05:45:00Z,2,6.5,5,3.5,NA,8,0,2,pre-quake
2020-04-07T05:45:00Z,3,5,3,7,10,4,0,1,pre-quake
2020-04-07T05:45:00Z,8,2,10,3,NA,8,0,1,pre-quake
2020-04-07T05:45:00Z,9,9,0,5,8,7,0,1,pre-quake
2020-04-07T05:45:00Z,10,1,9,9,NA,9,0,1,pre-quake
2020-04-07T05:45:00Z,11,10,8,0,6,3,0,1,pre-quake
2020-04-07T05:45:00Z,12,5,5,10,NA,9,0,1,pre-quake
2020-04-07T05:45:00Z,14,3,10,9,NA,9,0,1,pre-quake
2020-04-07T05:45:00Z,15,9,1,5,NA,1,0,1,pre-quake
2020-04-07T05:50:00Z,1,10,4,9,10,7,0,1,pre-quake
2020-04-07T05:50:00Z,2,5,7,5.5,NA,6,0,2,pre-quake
2020-04-07T05:50:00Z,3,8.5,4.5,5,1.5,6.5,0,2,pre-quake
2020-04-07T05:55:00Z,3,5.5,7.5,4,9,4,0,2,pre-quake
2020-04-07T05:55:00Z,5,10,4,10,9,10,0,1,pre-quake
2020-04-07T05:55:00Z,8,5,3,3,NA,10,0,1,pre-quake
2020-04-07T05:55:00Z,15,4.666666666666667,4.666666666666667,7,NA,5.666666666666667,0,3,pre-quake
2020-04-07T05:55:00Z,16,8,7,1,10,4,0,1,pre-quake
2020-04-07T06:00:00Z,6,4,10,8,0,6,0,1,pre-quake
2020-04-07T06:00:00Z,8,0,2,9,NA,7,0,1,pre-quake
2020-04-07T06:00:00Z,16,8,10,7,4,7,0,1,pre-quake
2020-04-07T06:05:00Z,2,3,6,0,NA,4,0,1,pre-quake
2020-04-07T06:05:00Z,9,2,6,4,7,5,1,1,pre-quake
2020-04-07T06:05:00Z,15,5,0,7,NA,6.5,0,2,pre-quake
2020-04-07T06:05:00Z,16,9,9,10,0,8,0,1,pre-quake
2020-04-07T06:10:00Z,2,8,6,0,NA,10,0,1,pre-quake
2020-04-07T06:10:00Z,3,1,2,1,2,8,0,1,pre-quake
2020-04-07T06:10:00Z,8,7,10,1,NA,10,0,1,pre-quake
2020-04-07T06:10:00Z,9,2,10,0,6,7,0,1,pre-quake
2020-04-07T06:10:00Z,16,0,3,10,10,3,0,1,pre-quake
2020-04-07T06:10:00Z,18,2,4,1,NA,2,0,1,pre-quake
2020-04-07T06:15:00Z,3,10,0,8,3,1,0,1,pre-quake
2020-04-07T06:15:00Z,8,4.5,1,5,NA,7.5,0,2,pre-quake
2020-04-07T06:15:00Z,15,9,5,8,NA,4,0,1,pre-quake
2020-04-07T06:15:00Z,16,8,1,9,3,2,0,1,pre-quake
2020-04-07T06:15:00Z,17,8.5,2.5,8.5,NA,7,0,2,pre-quake
2020-04-07T06:20:00Z,2,6,1,10,NA,10,0,1,pre-quake
2020-04-07T06:20:00Z,3,3,0,3,8,4,0,1,pre-quake
2020-04-07T06:20:00Z,6,3,3,8,4,1,0,1,pre-quake
2020-04-07T06:20:00Z,8,1,5,1,NA,8,0,1,pre-quake
2020-04-07T06:20:00Z,9,7,5,7,7.5,6.5,0,2,pre-quake
2020-04-07T06:20:00Z,15,0,2,10,NA,10,0,1,pre-quake
2020-04-07T06:20:00Z,18,8,4,9,NA,2,0,1,pre-quake
2020-04-07T06:25:00Z,1,5,5,4,5,6,0,1,pre-quake
2020-04-07T06:25:00Z,3,7,0,4,10,10,1,1,pre-quake
2020-04-07T06:25:00Z,4,0,1,10,NA,4,0,1,pre-quake
2020-04-07T06:25:00Z,5,2,10,1,3,3,0,1,pre-quake
2020-04-07T06:25:00Z,6,4,8,0,10,10,0,1,pre-quake
2020-04-07T06:25:00Z,9,3.5,1,6.5,0.5,6.5,0,2,pre-quake
2020-04-07T06:25:00Z,18,0,5,3,NA,1,0,1,pre-quake
2020-04-07T06:25:00Z,19,6,7,6.5,NA,5,0,2,pre-quake
2020-04-07T06:30:00Z,1,4.5,3.5,0.5,5.5,6.5,0.5,2,pre-quake
2020-04-07T06:30:00Z,2,3,4.5,7,NA,6.5,0,2,pre-quake
2020-04-07T06:30:00Z,5,3,7,0,3,2,0,1,pre-quake
2020-04-07T06:30:00Z,8,5,2,1,NA,1,0,1,pre-quake
2020-04-07T06:30:00Z,12,9,5,7,NA,10,0,1,pre-quake
2020-04-07T06:30:00Z,15,1.5,6,2,NA,5.5,0,2,pre-quake
2020-04-07T06:30:00Z,19,1,2,6,NA,4,0,1,pre-quake
2020-04-07T06:35:00Z,8,2,1,4,NA,1,0,1,pre-quake
2020-04-07T06:35:00Z,10,4,4,4,NA,10,0,1,pre-quake
2020-04-07T06:35:00Z,12,4,5,4,NA,10,0,1,pre-quake
2020-04-07T06:35:00Z,17,2,0,7,NA,5,1,1,pre-quake
2020-04-07T06:40:00Z,10,9,6,4,NA,1,0,1,pre-quake
2020-04-07T06:40:00Z,11,7,10,7,6,1,1,1,pre-quake
2020-04-07T06:40:00Z,15,9.5,6,5,NA,7,0,2,pre-quake
2020-04-07T06:40:00Z,16,4,3.5,4.5,5,5,0,2,pre-quake
2020-04-07T06:45:00Z,4,10,2,2,NA,2,0,1,pre-quake
2020-04-07T06:45:00Z,8,4.333333333333333,7,7.333333333333333,NA,6,0,3,pre-quake
2020-04-07T06:45:00Z,11,2,10,6,0,1,0,1,pre-quake
2020-04-07T06:45:00Z,12,2,2,7,NA,7,0,1,pre-quake
2020-04-07T06:45:00Z,13,9,3,6,NA,10,0,1,pre-quake
2020-04-07T06:50:00Z,2,4,10,6.5,NA,6,0,2,pre-quake
2020-04-07T06:50:00Z,3,10,6,10,9,2,0,1,pre-quake
2020-04-07T06:50:00Z,6,3.6666666666666665,6.666666666666667,5.666666666666667,4.333333333333333,8,0,3,pre-quake
2020-04-07T06:50:00Z,9,0,2,7,5,1,0,1,pre-quake
2020-04-07T06:50:00Z,11,2,10,1,3,10,0,1,pre-quake
2020-04-07T06:50:00Z,14,9,6,1,NA,8,0,1,pre-quake
2020-04-07T06:50:00Z,15,1,8,3,NA,6,0,1,pre-quake
2020-04-07T06:55:00Z,2,6,10,2,NA,10,0,1,pre-quake
2020-04-07T06:55:00Z,8,3,5,2.5,NA,9,0,2,pre-quake
2020-04-07T06:55:00Z,9,1,9,4,0,7,0,1,pre-quake
2020-04-07T06:55:00Z,10,0,8,5,NA,1,0,1,pre-quake
2020-04-07T06:55:00Z,14,7.5,3,2.5,NA,4,0,2,pre-quake
2020-04-07T06:55:00Z,15,2.3333333333333335,4,4,NA,5,0.3333333333333333,3,pre-quake
2020-04-07T06:55:00Z,19,2,5.333333333333333,5.666666666666667,NA,4,0,3,pre-quake
2020-04-07T07:00:00Z,2,1,10,7,7,3,0,1,pre-quake
2020-04-07T07:00:00Z,5,9,2,10,7,6,1,1,pre-quake
2020-04-07T07:00:00Z,6,5,10,4,6,6,0,1,pre-quake
2020-04-07T07:00:00Z,8,10,0,6,NA,8,0,1,pre-quake
2020-04-07T07:00:00Z,9,10,10,8.5,5,0.5,0,2,pre-quake
2020-04-07T07:00:00Z,18,10,3,0,NA,10,0,1,pre-quake
2020-04-07T07:00:00Z,19,5,2,2,NA,3,0,1,pre-quake
2020-04-07T07:05:00Z,2,4,3,3.5,NA,4,0,2,pre-quake
2020-04-07T07:05:00Z,6,5.333333333333333,4.666666666666667,8,6.333333333333333,5.333333333333333,0,3,pre-quake
2020-04-07T07:05:00Z,15,6,1,6,NA,10,0,1,pre-quake
2020-04-07T07:05:00Z,16,0,6,10,7,8,0,1,pre-quake
2020-04-07T07:05:00Z,18,2,5,2,NA,7,0,1,pre-quake
2020-04-07T07:05:00Z,19,5,5,6,NA,7.5,0,2,pre-quake
2020-04-07T07:10:00Z,1,8,3,10,5,8,0,1,pre-quake
2020-04-07T07:10:00Z,3,0,10,9,10,6,0,1,pre-quake
2020-04-07T07:10:00Z,9,0,3,2,2,8,0,1,pre-quake
2020-04-07T07:10:00Z,16,10,10,10,0,3,0,1,pre-quake
2020-04-07T07:10:00Z,19,10,10,1,NA,5,0,1,pre-quake
2020-04-07T07:15:00Z,2,6,5,10,NA,2,0,1,pre-quake
2020-04-07T07:15:00Z,3,10,10,9,8,7,0,1,pre-quake
2020-04-07T07:15:00Z,15,8.5,2.5,10,NA,4,0,2,pre-quake
2020-04-07T07:20:00Z,2,0,4,5,NA,7,0,1,pre-quake
2020-04-07T07:20:00Z,4,0,0,2,NA,4,0,1,pre-quake
2020-04-07T07:20:00Z,9,3.5,5.5,4.5,9,3,0,2,pre-quake
2020-04-07T07:20:00Z,12,2,10,1,NA,2,0,1,pre-quake
2020-04-07T07:20:00Z,15,5.5,5.5,9,NA,3,0,2,pre-quake
2020-04-07T07:25:00Z,1,3,9,4,6,8,1,1,pre-quake
2020-04-07T07:25:00Z,3,4,7,1,8,10,0,1,pre-quake
2020-04-07T07:25:00Z,15,7,10,10,NA,6,0,1,pre-quake
2020-04-07T07:30:00Z,3,10,0,0,5,7,0,1,pre-quake
2020-04-07T07:30:00Z,6,3,10,8,9,5,0,1,pre-quake
2020-04-07T07:30:00Z,8,7,9,5.5,3,2,1,2,pre-quake
2020-04-07T07:30:00Z,16,3.5,2.5,2,3.5,5.5,0,2,pre-quake
2020-04-07T07:35:00Z,1,7,10,10,6,10,0,1,pre-quake
2020-04-07T07:35:00Z,2,3.5,8.5,0.5,NA,5,0,2,pre-quake
2020-04-07T07:35:00Z,5,0,9,2,4,10,0,1,pre-quake
2020-04-07T07:35:00Z,11,0,10,0,2,3,0,1,pre-quake
2020-04-07T07:35:00Z,12,7,1,5,NA,0,0,1,pre-quake
2020-04-07T07:35:00Z,16,1,3,10,5,10,0,1,pre-quake
2020-04-07T07:35:00Z,18,2,10,10,NA,3,0,1,pre-quake
2020-04-07T07:35:00Z,19,4,9,6,NA,0,1,1,pre-quake
2020-04-07T07:40:00Z,2,8,7,5,NA,8,0,1,pre-quake
2020-04-07T07:40:00Z,14,8,3,7,NA,1,0,1,pre-quake
2020-04-07T07:45:00Z,1,2,8,10,6,1,0,1,pre-quake
2020-04-07T07:45:00Z,3,8,5,4,10,0,0,1,pre-quake
2020-04-07T07:45:00Z,4,9,2,1,NA,7,0,1,pre-quake
2020-04-07T07:45:00Z,6,6.5,8.5,3,2.5,6,0.5,2,pre-quake
2020-04-07T07:45:00Z,8,5,9,1,NA,5,0,1,pre-quake
2020-04-07T07:45:00Z,11,2,8,3,4,2,0,1,pre-quake
2020-04-07T07:45:00Z,17,4,4,3,NA,4,0,1,pre-quake
2020-04-07T07:50:00Z,1,10,7,4,8,10,0,1,pre-quake
2020-04-07T07:50:00Z,5,1,0,1,8,8,0,1,pre-quake
2020-04-07T07:50:00Z,6,5,1,10,7,8,0,1,pre-quake
2020-04-07T07:50:00Z,9,10,1,4,4,8,0,1,pre-quake
2020-04-07T07:50:00Z,19,2,3,0,NA,1,0,1,pre-quake
2020-04-07T07:55:00Z,3,6.666666666666667,5,10,6.666666666666667,5,0.6666666666666666,3,pre-quake
2020-04-07T07:55:00Z,5,0,7,5,5,2,0,1,pre-quake
2020-04-07T07:55:00Z,8,1,10,3,NA,2,0,1,pre-quake
2020-04-07T07:55:00Z,9,6,7,6,2,9,0,2,pre-quake
2020-04-07T07:55:00Z,10,4,0,9,NA,5,0,1,pre-quake
2020-04-07T08:00:00Z,2,8,7,4.666666666666667,NA,5.666666666666667,0,3,pre-quake
2020-04-07T08:00:00Z,3,2.5,7.5,7,7,4,0,2,pre-quake
2020-04-07T08:00:00Z,5,3,1,3,1,6,0,1,pre-quake
2020-04-07T08:00:00Z,6,5.5,8,6.5,3.5,9.5,0,2,pre-quake
2020-04-07T08:05:00Z,2,10,0,6,NA,7,0,1,pre-quake
2020-04-07T08:05:00Z,3,3,6,0,1,1,1,1,pre-quake
2020-04-07T08:05:00Z,13,10,6,3,NA,0,0,1,pre-quake
2020-04-07T08:05:00Z,15,6.5,2.5,4,NA,5.5,0,2,pre-quake
2020-04-07T08:05:00Z,18,2,4,3,NA,1,0,1,pre-quake
2020-04-07T08:10:00Z,2,5.5,4.5,0.5,NA,8.5,0,2,pre-quake
2020-04-07T08:10:00Z,3,8.5,3.5,8,8,7,0,2,pre-quake
2020-04-07T08:10:00Z,6,4.5,4,8,4.5,5,0,2,pre-quake
2020-04-07T08:10:00Z,8,0,0,10,NA,0,0,1,pre-quake
2020-04-07T08:10:00Z,15,9,1,9,NA,10,0,1,pre-quake
2020-04-07T08:15:00Z,2,6,7,10,NA,10,0,1,pre-quake
2020-04-07T08:15:00Z,5,6,2.5,4,6.5,3,0,2,pre-quake
2020-04-07T08:15:00Z,10,9,0,2,NA,1,0,1,pre-quake
2020-04-07T08:15:00Z,16,8,3,10,4,9,0,1,pre-quake
2020-04-07T08:20:00Z,3,8,1,0,5,3,0,1,pre-quake
2020-04-07T08:20:00Z,8,7,6,4,NA,1,0,1,pre-quake
2020-04-07T08:20:00Z,13,9,1,9,NA,4,0,1,pre-quake
2020-04-07T08:20:00Z,14,5,8,4,NA,8,0,1,pre-quake
2020-04-07T08:20:00Z,15,6,8,3,NA,9.5,0.5,2,pre-quake
2020-04-07T08:20:00Z,16,4,8,10,9,0,0,1,pre-quake
2020-04-07T08:20:00Z,19,0,10,5,NA,0,0,1,pre-quake
2020-04-07T08:25:00Z,1,3,4,4.5,8.5,3.5,0,2,pre-quake
2020-04-07T08:25:00Z,2,1,3,5,NA,1,1,1,pre-quake
2020-04-07T08:25:00Z,3,8,0,10,10,6,0,1,pre-quake
2020-04-07T08:25:00Z,8,10,2,4,NA,1,0,1,pre-quake
2020-04-07T08:25:00Z,9,4,2,2,0,1,0,1,pre-quake
2020-04-07T08:25:00Z,18,9,7,0,NA,2,0,1,pre-quake
2020-04-07T08:30:00Z,3,6,10,8,10,10,0,1,pre-quake
2020-04-07T08:30:00Z,5,4,1,5,9,4,0,1,pre-quake
2020-04-07T08:30:00Z,6,4.5,6,5,10,5.5,0,2,pre-quake
2020-04-07T08:30:00Z,13,8,0,6,NA,9,0,1,pre-quake
2020-04-07T08:30:00Z,16,5,10,8,8,8,0,1,pre-quake
2020-04-07T08:30:00Z,17,8,9,2,NA,0,0,1,pre-quake
2020-04-07T08:35:00Z,2,1,5.5,6.5,NA,2,0,2,pre-quake
2020-04-07T08:35:00Z,3,3,6,4,5,1,0,1,pre-quake
2020-04-07T08:35:00Z,8,8,3,3,NA,5,0,1,pre-quake
2020-04-07T08:35:00Z,10,4,5,10,NA,3,0,1,pre-quake
2020-04-07T08:40:00Z,3,10,6,5,3,10,0,1,pre-quake
2020-04-07T08:40:00Z,5,0,0,3,3,10,0,1,pre-quake
2020-04-07T08:40:00Z,6,3.5,6.5,3,5.5,3,0,2,pre-quake
2020-04-07T08:40:00Z,8,4,6,9,NA,5,0,1,pre-quake
2020-04-07T08:40:00Z,9,3,6,2,10,3,0,1,pre-quake
2020-04-07T08:40:00Z,15,1,10,3,NA,1,1,1,pre-quake
2020-04-07T08:40:00Z,16,0,10,2,10,3,0,1,pre-quake
2020-04-07T08:40:00Z,19,0,8,6,NA,10,0,1,pre-quake
2020-04-07T08:45:00Z,1,4,3,7,10,8,1,1,pre-quake
2020-04-07T08:45:00Z,3,6,5.5,9.5,4.5,6,0,2,pre-quake
2020-04-07T08:45:00Z,8,6.5,7,6,NA,5.5,0,2,pre-quake
2020-04-07T08:45:00Z,9,8,6,1,7,9,1,1,pre-quake
2020-04-07T08:45:00Z,14,2,8,6,NA,1,0,1,pre-quake
2020-04-07T08:45:00Z,15,10,1,8,NA,9,0,1,pre-quake
2020-04-07T08:45:00Z,17,9,5,10,NA,1,1,1,pre-quake
2020-04-07T08:45:00Z,19,8,2,5,NA,4,0,2,pre-quake
2020-04-07T08:50:00Z,1,10,10,1,1,9,0,1,pre-quake
2020-04-07T08:50:00Z,2,9.5,4,1.5,NA,5.5,0,2,pre-quake
2020-04-07T08:50:00Z,5,10,6,0,6,10,0,1,pre-quake
2020-04-07T08:50:00Z,6,10,3,3,0,10,0,1,pre-quake
2020-04-07T08:50:00Z,9,7.333333333333333,4.666666666666667,3.6666666666666665,4.666666666666667,4.666666666666667,0.6666666666666666,3,pre-quake
2020-04-07T08:50:00Z,16,7,6,6,4,5,0,1,pre-quake
2020-04-07T08:50:00Z,18,7,1,7,NA,5,0,1,pre-quake
2020-04-07T08:50:00Z,19,8,4,9,NA,2,0,1,pre-quake
2020-04-07T08:55:00Z,2,10,1,1,NA,1,0,1,pre-quake
2020-04-07T08:55:00Z,5,4,5,9,10,9,0,1,pre-quake
2020-04-07T08:55:00Z,6,6,8,7.333333333333333,3,6.666666666666667,0.3333333333333333,3,pre-quake
2020-04-07T08:55:00Z,8,8,3.5,7.5,NA,7,0.5,2,pre-quake
2020-04-07T08:55:00Z,9,8.5,4.5,3.5,3,4.5,0,2,pre-quake
2020-04-07T08:55:00Z,11,5,5.5,2.5,5,0.5,0,2,pre-quake
2020-04-07T08:55:00Z,15,4.5,5,8,NA,9,0,2,pre-quake
2020-04-07T08:55:00Z,19,4,6.5,8,NA,8,0,2,pre-quake
2020-04-07T09:00:00Z,2,6,9,5,NA,4,0,1,pre-quake
2020-04-07T09:00:00Z,8,5.5,3.5,8,NA,4,0,2,pre-quake
2020-04-07T09:00:00Z,15,9,6,9,NA,8,0,1,pre-quake
2020-04-07T09:00:00Z,16,5,8,8,2,10,0,1,pre-quake
2020-04-07T09:05:00Z,3,9.5,4.5,2.5,2,10,0,2,pre-quake
2020-04-07T09:05:00Z,6,1,3,9,10,6,0,1,pre-quake
2020-04-07T09:05:00Z,8,6,3,9.5,NA,4.5,0,2,pre-quake
2020-04-07T09:10:00Z,2,10,9,8,NA,6,0,1,pre-quake
2020-04-07T09:10:00Z,3,10,9.5,7,4.5,6.5,0.5,2,pre-quake
2020-04-07T09:10:00Z,5,7.5,5,7.5,3,6,0.5,2,pre-quake
2020-04-07T09:10:00Z,9,4,6,4,4,9,0,1,pre-quake
2020-04-07T09:10:00Z,15,5,6.5,10,4,7,0.5,2,pre-quake
2020-04-07T09:10:00Z,17,5,7,10,NA,0,0,1,pre-quake
2020-04-07T09:15:00Z,2,9,6.5,5,NA,2.5,0,2,pre-quake
2020-04-07T09:15:00Z,6,3.6666666666666665,4.333333333333333,8.666666666666666,6.666666666666667,7.666666666666667,0.3333333333333333,3,pre-quake
2020-04-07T09:15:00Z,8,8,2.3333333333333335,6.666666666666667,NA,5.333333333333333,0,3,pre-quake
2020-04-07T09:15:00Z,15,5,7.5,0.5,NA,10,0,2,pre-quake
2020-04-07T09:15:00Z,16,6,8,5,1,10,0,1,pre-quake
2020-04-07T09:20:00Z,1,5,0.5,3,7,7.5,0,2,pre-quake
2020-04-07T09:20:00Z,2,6,5,10,NA,5,0,1,pre-quake
2020-04-07T09:20:00Z,3,1,8,3,6,7,0,1,pre-quake
2020-04-07T09:20:00Z,6,4,6,10,6,10,0,1,pre-quake
2020-04-07T09:20:00Z,10,10,10,0,NA,10,0,1,pre-quake
2020-04-07T09:20:00Z,15,5.5,8.5,6,7,3.5,0,2,pre-quake
2020-04-07T09:20:00Z,18,10,2,6,NA,1,0,1,pre-quake
2020-04-07T09:25:00Z,2,8,4,5,NA,5,0,1,pre-quake
2020-04-07T09:25:00Z,3,2.5,3.5,7,5.5,5.5,0,2,pre-quake
2020-04-07T09:25:00Z,6,0,8,8,2,5,1,1,pre-quake
2020-04-07T09:25:00Z,8,2,6,8,NA,2,0,1,pre-quake
2020-04-07T09:25:00Z,10,10,1,3,NA,10,0,1,pre-quake
2020-04-07T09:25:00Z,14,4,7,0,NA,9,0,1,pre-quake
2020-04-07T09:30:00Z,5,2,1,7,2,5,0,1,pre-quake
2020-04-07T09:30:00Z,6,10,5,2.5,3,6.5,0,2,pre-quake
2020-04-07T09:30:00Z,8,8,3,0,NA,9,0,1,pre-quake
2020-04-07T09:30:00Z,12,5,0,10,NA,10,0,1,pre-quake
2020-04-07T09:30:00Z,19,7.666666666666667,6,9.666666666666666,NA,4,0,3,pre-quake
2020-04-07T09:35:00Z,2,1,1,7,NA,2,0,1,pre-quake
2020-04-07T09:35:00Z,3,3,10,6,2,4,0,1,pre-quake
2020-04-07T09:35:00Z,8,9,2,6,NA,3,0,2,pre-quake
2020-04-07T09:35:00Z,9,6,6,8.5,4,6.5,0,2,pre-quake
2020-04-07T09:35:00Z,10,10,8,5,NA,6,1,1,pre-quake
2020-04-07T09:35:00Z,13,5,6.5,2.5,NA,5,0,2,pre-quake
2020-04-07T09:35:00Z,14,9.5,6.5,3.5,NA,3.5,0.5,2,pre-quake
2020-04-07T09:35:00Z,15,10,10,9,NA,10,0,1,pre-quake
2020-04-07T09:35:00Z,18,10,1,6,NA,3,0,1,pre-quake
2020-04-07T09:40:00Z,2,8.5,10,7.5,NA,6.5,0,2,pre-quake
2020-04-07T09:40:00Z,4,9,10,10,NA,6,0,1,pre-quake
2020-04-07T09:40:00Z,6,8,5,5,1,1,1,1,pre-quake
2020-04-07T09:40:00Z,9,7,6,1,9,5,0,1,pre-quake
2020-04-07T09:40:00Z,17,4,6,3,NA,8,0,1,pre-quake
2020-04-07T09:40:00Z,18,4,1,4,NA,10,0,1,pre-quake
2020-04-07T09:45:00Z,2,0,1,3,NA,4,0,1,pre-quake
2020-04-07T09:45:00Z,3,6,4,7,0,3,0,1,pre-quake
2020-04-07T09:45:00Z,6,6.333333333333333,7.333333333333333,5.333333333333333,8.333333333333334,4.666666666666667,0,3,pre-quake
2020-04-07T09:45:00Z,8,9,10,8,NA,7,0,1,pre-quake
2020-04-07T09:45:00Z,9,9.5,5.5,2,3,5,0,2,pre-quake
2020-04-07T09:45:00Z,11,4,8,8,8,2,0,1,pre-quake
2020-04-07T09:45:00Z,15,0,1,2,NA,7,0,1,pre-quake
2020-04-07T09:45:00Z,18,3,1,6,NA,3,0,1,pre-quake
2020-04-07T09:45:00Z,19,9,4,6.5,4,7.5,0,2,pre-quake
2020-04-07T09:50:00Z,1,3,7,4,10,1,0,1,pre-quake
2020-04-07T09:50:00Z,6,7.666666666666667,4.333333333333333,4.333333333333333,9,2.3333333333333335,0,3,pre-quake
2020-04-07T09:50:00Z,8,10,10,7,NA,1,0,1,pre-quake
2020-04-07T09:50:00Z,10,1,0,8,NA,2,0,1,pre-quake
2020-04-07T09:55:00Z,1,3,0,10,5,2,0,1,pre-quake
2020-04-07T09:55:00Z,3,7,5.666666666666667,7,4.666666666666667,3.3333333333333335,0,3,pre-quake
2020-04-07T09:55:00Z,16,7,7,10,4,9,0,1,pre-quake
2020-04-07T09:55:00Z,19,7,9,3,NA,3,0,1,pre-quake
2020-04-07T10:00:00Z,1,1,1,1,8,4,1,1,pre-quake
2020-04-07T10:00:00Z,2,8.5,2,5.5,NA,6,0,2,pre-quake
2020-04-07T10:00:00Z,3,1,7,4,8,1,0,1,pre-quake
2020-04-07T10:00:00Z,6,9,9,8,5,6,0,1,pre-quake
2020-04-07T10:00:00Z,8,7.333333333333333,6.666666666666667,5.666666666666667,NA,5.666666666666667,0,3,pre-quake
2020-04-07T10:00:00Z,10,6,3,7,NA,1,0,1,pre-quake
2020-04-07T10:00:00Z,15,7,3,7.5,NA,1.5,0.5,2,pre-quake
2020-04-07T10:00:00Z,19,10,5.5,7.5,NA,6.5,0.5,2,pre-quake
2020-04-07T10:05:00Z,2,1,3,6,NA,2,1,1,pre-quake
2020-04-07T10:05:00Z,3,0,9,10,6,1,0,1,pre-quake
2020-04-07T10:05:00Z,5,3,0,8,10,0,0,1,pre-quake
2020-04-07T10:05:00Z,6,6.5,8,5,2,7.5,0,2,pre-quake
2020-04-07T10:05:00Z,8,6,7,2,NA,4,0,1,pre-quake
2020-04-07T10:05:00Z,9,7,0,0,7,10,0,1,pre-quake
2020-04-07T10:05:00Z,12,6,10,5,NA,8,0,1,pre-quake
2020-04-07T10:05:00Z,14,2,5,2,NA,6,0,1,pre-quake
2020-04-07T10:05:00Z,16,4,5,4,6,3,0,1,pre-quake
2020-04-07T10:05:00Z,19,3,0,0,NA,4,0,1,pre-quake
2020-04-07T10:10:00Z,2,5.5,6,0,NA,10,0.5,2,pre-quake
2020-04-07T10:10:00Z,3,8,10,9,6,4,0,1,pre-quake
2020-04-07T10:10:00Z,6,1,10,9,4,9,0,1,pre-quake
2020-04-07T10:10:00Z,8,10,3,0,NA,9,0,1,pre-quake
2020-04-07T10:15:00Z,2,0,10,10,9,9,0,1,pre-quake
2020-04-07T10:15:00Z,3,7,4,2,10,1,0,1,pre-quake
2020-04-07T10:15:00Z,15,0,3,4,NA,3,0,1,pre-quake
2020-04-07T10:15:00Z,18,10,10,8,NA,6,0,1,pre-quake
2020-04-07T10:20:00Z,2,2,0,1,NA,3,0,1,pre-quake
2020-04-07T10:20:00Z,3,5,7,9,0,9,0,1,pre-quake
2020-04-07T10:20:00Z,6,5.5,9.5,9.5,7.5,8,0,2,pre-quake
2020-04-07T10:20:00Z,8,10,3,3,NA,2,0,1,pre-quake
2020-04-07T10:20:00Z,9,8.5,7.5,3.5,9,7,0,2,pre-quake
2020-04-07T10:25:00Z,2,7.666666666666667,4,3.3333333333333335,NA,4,0,3,pre-quake
2020-04-07T10:25:00Z,3,10,4,10,2,0,0,1,pre-quake
2020-04-07T10:25:00Z,4,7,8,7,NA,1,0,1,pre-quake
2020-04-07T10:25:00Z,9,10,8,10,8,2,0,1,pre-quake
2020-04-07T10:25:00Z,13,5,7,7,NA,7,0,1,pre-quake
2020-04-07T10:25:00Z,15,8.5,6.5,5.5,NA,6.5,0,2,pre-quake
2020-04-07T10:30:00Z,2,2.6666666666666665,7.333333333333333,4,NA,1.3333333333333333,0,3,pre-quake
2020-04-07T10:30:00Z,5,7,8,0,9,5,0,1,pre-quake
2020-04-07T10:30:00Z,15,3,10,1,NA,5,0,1,pre-quake
2020-04-07T10:35:00Z,2,10,6,1,NA,8,0,1,pre-quake
2020-04-07T10:35:00Z,3,2,2,4,2,6,0,1,pre-quake
2020-04-07T10:35:00Z,6,8,10,4,0,10,0,1,pre-quake
2020-04-07T10:35:00Z,7,NA,0,8,NA,NA,0,1,pre-quake
2020-04-07T10:35:00Z,9,2,6.5,8.5,4,6,0,2,pre-quake
2020-04-07T10:35:00Z,12,2,2,10,NA,9,0,1,pre-quake
2020-04-07T10:35:00Z,14,3,2,0,NA,4,0,1,pre-quake
2020-04-07T10:40:00Z,2,8,3,2,NA,2,0,1,pre-quake
2020-04-07T10:40:00Z,6,6,10,2,5,3,0,1,pre-quake
2020-04-07T10:40:00Z,9,5,6,7,2,4,1,1,pre-quake
2020-04-07T10:40:00Z,19,6,3,6,NA,1,0,1,pre-quake
2020-04-07T10:45:00Z,1,10,3,0,3,9,0,1,pre-quake
2020-04-07T10:45:00Z,3,3,9,7,8,6,0,1,pre-quake
2020-04-07T10:45:00Z,4,5.5,1.5,5,NA,6,0,2,pre-quake
2020-04-07T10:45:00Z,6,3,1.5,2,5,6.5,0,2,pre-quake
2020-04-07T10:45:00Z,8,4,6.5,7.5,NA,3,0,2,pre-quake
2020-04-07T10:45:00Z,9,3.5,7,5.5,5.5,4,0,2,pre-quake
2020-04-07T10:45:00Z,10,1,10,3,NA,8,0,1,pre-quake
2020-04-07T10:45:00Z,18,5,6,6,NA,6,0,1,pre-quake
2020-04-07T10:45:00Z,19,2,8,9,NA,6,0,1,pre-quake
2020-04-07T10:50:00Z,1,4,9,8,10,2,1,1,pre-quake
2020-04-07T10:50:00Z,2,0,10,10,NA,7,0,1,pre-quake
2020-04-07T10:50:00Z,5,8,8,1,6,3,0,1,pre-quake
2020-04-07T10:50:00Z,8,7,4,4,NA,3,0,1,pre-quake
2020-04-07T10:50:00Z,9,2.5,5,5,4.5,5,0,2,pre-quake
2020-04-07T10:50:00Z,15,4,0,2,NA,5,0,1,pre-quake
2020-04-07T10:50:00Z,19,7,3,7.5,NA,4.5,0,2,pre-quake
2020-04-07T10:55:00Z,10,10,4,3,NA,7,0,1,pre-quake
2020-04-07T10:55:00Z,19,7,10,7,NA,10,0,1,pre-quake
2020-04-07T11:00:00Z,2,4.333333333333333,4,6.333333333333333,NA,4.666666666666667,0.3333333333333333,3,pre-quake
2020-04-07T11:00:00Z,3,1,7,10,3,7,1,1,pre-quake
2020-04-07T11:00:00Z,9,2,5.5,8,7.5,4.5,0,2,pre-quake
2020-04-07T11:00:00Z,10,4,9,9,NA,4,0,1,pre-quake
2020-04-07T11:05:00Z,1,0,5,3,10,5,0,1,pre-quake
2020-04-07T11:05:00Z,2,1,0,1,NA,9,0,1,pre-quake
2020-04-07T11:05:00Z,3,0,3,10,5,8,1,1,pre-quake
2020-04-07T11:05:00Z,6,9,3,3,0,5,0,1,pre-quake
2020-04-07T11:05:00Z,10,8,5,10,NA,3,0,1,pre-quake
2020-04-07T11:05:00Z,12,3,1,9,NA,6,0,1,pre-quake
2020-04-07T11:05:00Z,15,10,2,5,NA,2,0,1,pre-quake
2020-04-07T11:05:00Z,17,3,5,10,NA,10,1,1,pre-quake
2020-04-07T11:05:00Z,19,2,6,7,NA,8,0,1,pre-quake
2020-04-07T11:10:00Z,1,3,5,0,10,10,0,1,pre-quake
2020-04-07T11:10:00Z,3,7,10,5,8,3,0,1,pre-quake
2020-04-07T11:10:00Z,5,10,10,3,7,10,0,1,pre-quake
2020-04-07T11:10:00Z,6,0,5,0,10,0,0,1,pre-quake
2020-04-07T11:10:00Z,9,3.5,6,4.5,2.5,3.5,0,2,pre-quake
2020-04-07T11:10:00Z,11,10,10,9,1,2,0,1,pre-quake
2020-04-07T11:10:00Z,15,5.333333333333333,4,4,NA,4.666666666666667,0,3,pre-quake
2020-04-07T11:15:00Z,2,10,3,10,NA,7,0,1,pre-quake
2020-04-07T11:15:00Z,3,2,6,10,7,0,0,1,pre-quake
2020-04-07T11:15:00Z,8,6,7,9,NA,2,0,1,pre-quake
2020-04-07T11:15:00Z,11,2,10,10,4,7,0,1,pre-quake
2020-04-07T11:15:00Z,17,6,4,9,NA,9,0,1,pre-quake
2020-04-07T11:15:00Z,18,9,3,5,1,6,0,1,pre-quake
2020-04-07T11:15:00Z,19,7.666666666666667,1,5.333333333333333,NA,4,0,3,pre-quake
2020-04-07T11:20:00Z,2,9.5,7.5,4.5,NA,5,0,2,pre-quake
2020-04-07T11:20:00Z,3,8,10,8,8,4,0,1,pre-quake
2020-04-07T11:20:00Z,9,10,5,3,1,8,0,1,pre-quake
2020-04-07T11:20:00Z,10,1,4.5,8,NA,8.5,0,2,pre-quake
2020-04-07T11:20:00Z,15,8.666666666666666,3,4.666666666666667,NA,4,0,3,pre-quake
2020-04-07T11:25:00Z,2,7,0,9,NA,0,0,1,pre-quake
2020-04-07T11:25:00Z,3,2,3,5,10,10,0,1,pre-quake
2020-04-07T11:25:00Z,8,5.5,5.5,6.5,NA,5.5,0,2,pre-quake
2020-04-07T11:25:00Z,9,9,4,3,1,5,0,1,pre-quake
2020-04-07T11:25:00Z,10,10,5,0,NA,9,0,1,pre-quake
2020-04-07T11:25:00Z,14,9,8,8,7,3,0,1,pre-quake
2020-04-07T11:25:00Z,15,4,0,5,3,6,0,1,pre-quake
2020-04-07T11:25:00Z,16,1,10,5,4,4,1,1,pre-quake
2020-04-07T11:30:00Z,1,2,10,7,1,9,0,1,pre-quake
2020-04-07T11:30:00Z,6,2.5,4,4.5,5,4.5,0.5,2,pre-quake
2020-04-07T11:30:00Z,9,3,6,0,0,9,0,1,pre-quake
2020-04-07T11:30:00Z,15,10,8,9,NA,2,0,1,pre-quake
2020-04-07T11:30:00Z,16,9,10,5,0,3,0,1,pre-quake
2020-04-07T11:35:00Z,2,2,9,8,NA,0,0,1,pre-quake
2020-04-07T11:35:00Z,4,7,8,9,NA,0,1,1,pre-quake
2020-04-07T11:35:00Z,8,3.3333333333333335,7.666666666666667,5,NA,8.333333333333334,0.3333333333333333,3,pre-quake
2020-04-07T11:35:00Z,11,10,10,10,0,10,0,1,pre-quake
2020-04-07T11:35:00Z,13,7,2,6,NA,10,0,1,pre-quake
2020-04-07T11:35:00Z,15,4.5,5,9.5,NA,1,0,2,pre-quake
2020-04-07T11:35:00Z,16,3,4,6,3,4,0,1,pre-quake
2020-04-07T11:35:00Z,19,3.5,9,9,NA,5,0,2,pre-quake
2020-04-07T11:40:00Z,1,3,3,0,8,0,0,1,pre-quake
2020-04-07T11:40:00Z,3,7,4,8,3,5,0,1,pre-quake
2020-04-07T11:40:00Z,6,4.5,5,7.5,4,6,0,2,pre-quake
2020-04-07T11:40:00Z,8,10,4,5,NA,3,0,1,pre-quake
2020-04-07T11:40:00Z,9,10,10,7,5,6,0,1,pre-quake
2020-04-07T11:45:00Z,2,4.666666666666667,4.666666666666667,8.666666666666666,NA,7.333333333333333,0,3,pre-quake
2020-04-07T11:45:00Z,6,6,5.333333333333333,2.3333333333333335,5.333333333333333,5.333333333333333,0,3,pre-quake
2020-04-07T11:45:00Z,15,5,6.5,2,6,5,0,2,pre-quake
2020-04-07T11:50:00Z,1,1,5,3,10,10,0,1,pre-quake
2020-04-07T11:50:00Z,2,4,1,5,NA,10,0,1,pre-quake
2020-04-07T11:50:00Z,4,10,10,7,NA,10,0,1,pre-quake
2020-04-07T11:50:00Z,8,3,9,10,NA,8,0,1,pre-quake
2020-04-07T11:50:00Z,16,2,1,10,2,3,0,1,pre-quake
2020-04-07T11:55:00Z,6,5.333333333333333,6.666666666666667,6.333333333333333,5.666666666666667,6.333333333333333,0.6666666666666666,3,pre-quake
2020-04-07T11:55:00Z,8,10,4,9,NA,7,0,1,pre-quake
2020-04-07T11:55:00Z,9,6.5,2.5,8.5,4.5,4,0,2,pre-quake
2020-04-07T11:55:00Z,12,10,5,1,NA,0,0,1,pre-quake
2020-04-07T11:55:00Z,14,2,8,2,NA,0,0,1,pre-quake
2020-04-07T11:55:00Z,15,5.666666666666667,6.666666666666667,7,NA,7.333333333333333,0,3,pre-quake
2020-04-07T11:55:00Z,19,1,6,10,NA,4,0,1,pre-quake
2020-04-07T12:00:00Z,2,5,8,8,NA,1,0,1,pre-quake
2020-04-07T12:00:00Z,8,4.666666666666667,6.666666666666667,3.6666666666666665,NA,7,0.3333333333333333,3,pre-quake
2020-04-07T12:00:00Z,14,9,9,9,NA,0,0,1,pre-quake
2020-04-07T12:00:00Z,15,6,3,9,NA,1,0,1,pre-quake
2020-04-07T12:00:00Z,18,6.5,5.5,2.5,NA,4,0,2,pre-quake
2020-04-07T12:05:00Z,2,8,10,0,NA,0,0,1,pre-quake
2020-04-07T12:05:00Z,3,3,10,9,4,8,0,1,pre-quake
2020-04-07T12:05:00Z,4,2,1,7,NA,10,0,1,pre-quake
2020-04-07T12:05:00Z,8,8,5,2,NA,0,0,1,pre-quake
2020-04-07T12:05:00Z,9,6,6,9,3,6,0,1,pre-quake
2020-04-07T12:05:00Z,11,8,4,0,1,5,0,1,pre-quake
2020-04-07T12:05:00Z,18,0,0,3,NA,1,0,1,pre-quake
2020-04-07T12:10:00Z,1,2.5,7,7,5.5,7.5,0,2,pre-quake
2020-04-07T12:10:00Z,2,9,10,1,NA,10,0,1,pre-quake
2020-04-07T12:10:00Z,6,3.5,5,7,6,7,0,2,pre-quake
2020-04-07T12:10:00Z,9,10,10,10,4,9,1,1,pre-quake
2020-04-07T12:10:00Z,14,10,6,8,NA,9,0,1,pre-quake
2020-04-07T12:10:00Z,16,7,5,4,9.5,6,0,2,pre-quake
2020-04-07T12:15:00Z,2,6,1,5,NA,3,0,1,pre-quake
2020-04-07T12:15:00Z,3,2.5,5,5.5,4.5,9.5,0,2,pre-quake
2020-04-07T12:15:00Z,6,1,8,6,0,8,0,1,pre-quake
2020-04-07T12:15:00Z,8,9,1,4,NA,3,0,1,pre-quake
2020-04-07T12:15:00Z,9,2,8,6,2,1,0,1,pre-quake
2020-04-07T12:15:00Z,13,5,9,2,NA,6,0,1,pre-quake
2020-04-07T12:15:00Z,15,10,7,10,NA,7,0,1,pre-quake
2020-04-07T12:20:00Z,2,6,9,8,NA,10,0,1,pre-quake
2020-04-07T12:20:00Z,5,7,7,0,2,7,0,1,pre-quake
2020-04-07T12:20:00Z,8,6,5,5.333333333333333,NA,2.3333333333333335,0,3,pre-quake
2020-04-07T12:20:00Z,10,5,3,5,NA,1,0,2,pre-quake
2020-04-07T12:20:00Z,11,3,10,1,10,8,0,1,pre-quake
2020-04-07T12:20:00Z,15,7,6,2,NA,8,0,1,pre-quake
2020-04-07T12:20:00Z,16,10,10,10,3,10,0,1,pre-quake
2020-04-07T12:25:00Z,2,1,5,5,NA,2,0,1,pre-quake
2020-04-07T12:25:00Z,3,7,2,0,9,4,0,1,pre-quake
2020-04-07T12:25:00Z,6,4.333333333333333,6,7.333333333333333,6.666666666666667,4,0,3,pre-quake
2020-04-07T12:25:00Z,8,2,7,8,NA,4,0,1,pre-quake
2020-04-07T12:25:00Z,11,1,10,5,1,3,1,1,pre-quake
2020-04-07T12:25:00Z,18,2,0,10,NA,7,1,1,pre-quake
2020-04-07T12:30:00Z,2,2,1,1,NA,1,0,1,pre-quake
2020-04-07T12:30:00Z,4,10,7,3,NA,0,0,1,pre-quake
2020-04-07T12:30:00Z,5,7,7,0,0,0,0,1,pre-quake
2020-04-07T12:30:00Z,16,0,10,2,4,10,0,1,pre-quake
2020-04-07T12:35:00Z,2,9,3,1,NA,2,0,1,pre-quake
2020-04-07T12:35:00Z,6,6,4,3,5,2,1,1,pre-quake
2020-04-07T12:35:00Z,8,8,7,9,NA,5,0,2,pre-quake
2020-04-07T12:35:00Z,11,8,6,9,1,5,0,1,pre-quake
2020-04-07T12:35:00Z,12,5,2,10,NA,0,0,1,pre-quake
2020-04-07T12:35:00Z,15,6,1,1,NA,9,0,1,pre-quake
2020-04-07T12:40:00Z,2,3,10,9,NA,7,0,1,pre-quake
2020-04-07T12:40:00Z,6,5,9.5,6,9,5.5,0.5,2,pre-quake
2020-04-07T12:40:00Z,9,0,10,9,8,7,0,1,pre-quake
2020-04-07T12:40:00Z,12,6,10,6,NA,7,0,1,pre-quake
2020-04-07T12:40:00Z,14,7,7,5,NA,6,0,1,pre-quake
2020-04-07T12:45:00Z,2,6,1,1,NA,4,0,1,pre-quake
2020-04-07T12:45:00Z,3,9,3,0,2,7,0,1,pre-quake
2020-04-07T12:45:00Z,6,8.5,5,3.5,6.5,10,0,2,pre-quake
2020-04-07T12:45:00Z,14,7,6,9,NA,1,0,1,pre-quake
2020-04-07T12:50:00Z,1,10,3,3,7,4,1,1,pre-quake
2020-04-07T12:50:00Z,3,6,9,9,0,10,0,1,pre-quake
2020-04-07T12:50:00Z,5,4,0,6,10,1,0,1,pre-quake
2020-04-07T12:50:00Z,8,6,5,3,NA,5,0,1,pre-quake
2020-04-07T12:50:00Z,9,10,9,1,4,0,0,1,pre-quake
2020-04-07T12:50:00Z,13,5.5,5.5,5,NA,3,0,2,pre-quake
2020-04-07T12:55:00Z,2,2,1,2,NA,6,0,1,pre-quake
2020-04-07T12:55:00Z,8,9,5,4,NA,9,0,1,pre-quake
2020-04-07T12:55:00Z,9,6,10,8,2,2,0,1,pre-quake
2020-04-07T12:55:00Z,12,6,5,1.5,NA,4.5,0,2,pre-quake
2020-04-07T12:55:00Z,14,0,10,8,NA,4,0,1,pre-quake
2020-04-07T12:55:00Z,16,2.5,7.5,2,8.5,2,0,2,pre-quake
2020-04-07T12:55:00Z,17,4,1,5,NA,5,0,1,pre-quake
2020-04-07T12:55:00Z,19,0,1,10,NA,6,0,1,pre-quake
2020-04-07T13:00:00Z,6,0,2,5,0,4,0,1,pre-quake
2020-04-07T13:00:00Z,9,6.5,3,3.5,0.5,7.5,0,2,pre-quake
2020-04-07T13:00:00Z,13,5,9,0,NA,4,0,1,pre-quake
2020-04-07T13:00:00Z,15,8,6,5,NA,6,0,1,pre-quake
2020-04-07T13:05:00Z,2,6,0.5,4.5,NA,4.5,0,2,pre-quake
2020-04-07T13:05:00Z,6,10,7.5,7,2,3,0,2,pre-quake
2020-04-07T13:05:00Z,9,3,6,2.5,4.5,1.5,0,2,pre-quake
2020-04-07T13:05:00Z,15,7.5,3.5,3.5,NA,5.5,0,2,pre-quake
2020-04-07T13:05:00Z,19,10,9,4,NA,5,0,1,pre-quake
2020-04-07T13:10:00Z,3,4,6,10,2,7,0,1,pre-quake
2020-04-07T13:10:00Z,6,4,2,1,2,10,1,1,pre-quake
2020-04-07T13:10:00Z,8,1.5,3,10,NA,3.5,0,2,pre-quake
2020-04-07T13:10:00Z,14,3,2,3,NA,2,0,1,pre-quake
2020-04-07T13:10:00Z,16,5,9,2,10,2,0,1,pre-quake
2020-04-07T13:15:00Z,3,4,10,4,5,4,0,2,pre-quake
2020-04-07T13:15:00Z,6,5,6,9,6.5,7,0.5,2,pre-quake
2020-04-07T13:15:00Z,8,3,10,4,NA,4,0,1,pre-quake
2020-04-07T13:15:00Z,15,4,10,1,NA,7,0,1,pre-quake
2020-04-07T13:15:00Z,19,2,9,9,NA,10,0,1,pre-quake
2020-04-07T13:20:00Z,2,0,0,5,NA,10,0,1,pre-quake
2020-04-07T13:20:00Z,5,2,0,1,5,10,1,1,pre-quake
2020-04-07T13:20:00Z,6,5,7.5,9,3,4,0.5,2,pre-quake
2020-04-07T13:20:00Z,13,6,9,8,NA,6,0,1,pre-quake
2020-04-07T13:20:00Z,19,8,7,0,NA,5,0,2,pre-quake
2020-04-07T13:25:00Z,1,4,6,7.5,4.5,5.5,0,2,pre-quake
2020-04-07T13:25:00Z,2,7,0,7,NA,3,0,1,pre-quake
2020-04-07T13:25:00Z,9,7.5,8,2.5,1.5,3,0,2,pre-quake
2020-04-07T13:25:00Z,12,8,1,0,NA,8,0,1,pre-quake
2020-04-07T13:25:00Z,14,0,1,10,NA,5,0,1,pre-quake
2020-04-07T13:25:00Z,15,1,3,5,NA,9,0,1,pre-quake
2020-04-07T13:25:00Z,16,1,6,6,9,0,0,1,pre-quake
2020-04-07T13:30:00Z,2,5,8,5,NA,1,0,1,pre-quake
2020-04-07T13:30:00Z,3,4,9,6,10,4,0,1,pre-quake
2020-04-07T13:30:00Z,4,4,9,3,NA,10,0,1,pre-quake
2020-04-07T13:30:00Z,5,4,6,7,6,4,0,1,pre-quake
2020-04-07T13:30:00Z,6,5.333333333333333,8.333333333333334,8,4.666666666666667,2,0,3,pre-quake
2020-04-07T13:30:00Z,8,1,0,5,NA,3,0,1,pre-quake
2020-04-07T13:30:00Z,9,5.5,4,6.5,6,10,0,2,pre-quake
2020-04-07T13:30:00Z,10,8,1,10,NA,2,0,1,pre-quake
2020-04-07T13:30:00Z,19,2,1,10,NA,10,1,1,pre-quake
2020-04-07T13:35:00Z,2,7,6.5,3.5,NA,6.5,1,2,pre-quake
2020-04-07T13:35:00Z,8,10,9,1,NA,0,0,1,pre-quake
2020-04-07T13:35:00Z,9,10,1,8,3,7,0,1,pre-quake
2020-04-07T13:35:00Z,11,10,2,3,1,7,0,1,pre-quake
2020-04-07T13:35:00Z,14,8,4,0,NA,5,0,1,pre-quake
2020-04-07T13:35:00Z,15,2,6,2,NA,0,0,1,pre-quake
2020-04-07T13:35:00Z,16,0,5,10,2,2,0,1,pre-quake
2020-04-07T13:40:00Z,3,7,9,10,7,6,1,1,pre-quake
2020-04-07T13:40:00Z,5,4,8,10,10,10,0,1,pre-quake
2020-04-07T13:40:00Z,6,6.666666666666667,6.333333333333333,6.666666666666667,9,6.666666666666667,0.3333333333333333,3,pre-quake
2020-04-07T13:40:00Z,8,3.5,2.5,3.5,NA,4.5,0,2,pre-quake
2020-04-07T13:40:00Z,9,10,3,3,2,10,0,1,pre-quake
2020-04-07T13:40:00Z,15,5.333333333333333,5,8.333333333333334,NA,6.333333333333333,0,3,pre-quake
2020-04-07T13:40:00Z,16,0,9,9,10,1,0,1,pre-quake
2020-04-07T13:40:00Z,18,7,5,3,NA,7,0,1,pre-quake
2020-04-07T13:45:00Z,2,6,8,8,NA,10,0,1,pre-quake
2020-04-07T13:45:00Z,10,0,5,7,NA,10,0,1,pre-quake
2020-04-07T13:45:00Z,13,6,5,10,NA,0,1,1,pre-quake
2020-04-07T13:45:00Z,15,8,8.5,9.5,NA,3.5,0.5,2,pre-quake
2020-04-07T13:45:00Z,17,10,8,10,2,1,0,1,pre-quake
2020-04-07T13:45:00Z,18,8,4,1,NA,8,0,1,pre-quake
2020-04-07T13:50:00Z,1,6,5,5,8,8,0,1,pre-quake
2020-04-07T13:50:00Z,2,2.5,1.5,4,NA,4.5,0,2,pre-quake
2020-04-07T13:50:00Z,3,5,5,3,2,10,0,1,pre-quake
2020-04-07T13:50:00Z,8,3,5,6,NA,9,0,1,pre-quake
2020-04-07T13:50:00Z,9,6,0,10,6,6,0,1,pre-quake
2020-04-07T13:50:00Z,13,3,0,6,NA,1,0,1,pre-quake
2020-04-07T13:50:00Z,15,5,3,8,NA,4,0,1,pre-quake
2020-04-07T13:50:00Z,19,9,10,10,NA,6,0,1,pre-quake
2020-04-07T13:55:00Z,3,6,10,9,6,10,0,1,pre-quake
2020-04-07T13:55:00Z,6,10,7,6,0,2,0,1,pre-quake
2020-04-07T13:55:00Z,9,2,5,9,10,1,0,1,pre-quake
2020-04-07T13:55:00Z,15,9,1,10,NA,1,0,1,pre-quake
2020-04-07T13:55:00Z,17,0,10,7,NA,9,0,1,pre-quake
2020-04-07T14:00:00Z,3,10,2,0,10,10,1,1,pre-quake
2020-04-07T14:00:00Z,8,8.5,9.5,2.5,NA,3,0,2,pre-quake
2020-04-07T14:00:00Z,9,9,3,6,4,8,0,1,pre-quake
2020-04-07T14:00:00Z,12,10,10,9,NA,6,0,1,pre-quake
2020-04-07T14:00:00Z,16,10,3,2,10,1,0,1,pre-quake
2020-04-07T14:00:00Z,19,3,7,4,NA,9,0,1,pre-quake
2020-04-07T14:05:00Z,2,10,8,10,0,10,1,1,pre-quake
2020-04-07T14:05:00Z,4,7,10,0,NA,2,0,1,pre-quake
2020-04-07T14:05:00Z,6,10,1,4,10,7,0,1,pre-quake
2020-04-07T14:05:00Z,8,5,7,3,NA,7,0,2,pre-quake
2020-04-07T14:05:00Z,9,0,2,8,5,2,0,1,pre-quake
2020-04-07T14:05:00Z,11,4,8,0,4,5,0,1,pre-quake
2020-04-07T14:05:00Z,13,10,10,1,NA,10,0,1,pre-quake
2020-04-07T14:05:00Z,16,6,1,6,7,8.5,0,2,pre-quake
2020-04-07T14:05:00Z,19,0,5,3,NA,6,0,1,pre-quake
2020-04-07T14:10:00Z,1,10,10,9,5,4,0,1,pre-quake
2020-04-07T14:10:00Z,2,9.5,6.5,9.5,NA,5.5,0,2,pre-quake
2020-04-07T14:10:00Z,3,1,0,4,6,5,0,1,pre-quake
2020-04-07T14:10:00Z,5,5,9,0,4,6,0,1,pre-quake
2020-04-07T14:10:00Z,8,6,2,2,NA,1,1,1,pre-quake
2020-04-07T14:10:00Z,9,10,9,3,5,6,0,1,pre-quake
2020-04-07T14:10:00Z,12,2,4,5,NA,8,0,1,pre-quake
2020-04-07T14:10:00Z,14,1.6666666666666667,5,7.666666666666667,NA,2,0,3,pre-quake
2020-04-07T14:10:00Z,17,4,8,1,NA,4,0,1,pre-quake
2020-04-07T14:15:00Z,1,3,7,2,10,0,0,1,pre-quake
2020-04-07T14:15:00Z,2,10,7,3,NA,10,0,1,pre-quake
2020-04-07T14:15:00Z,6,7,2,3,6,8,1,1,pre-quake
2020-04-07T14:15:00Z,8,7,4.5,4,NA,5.5,0,2,pre-quake
2020-04-07T14:15:00Z,9,7,3,1,5,5.333333333333333,0,3,pre-quake
2020-04-07T14:15:00Z,15,5,7,6.5,NA,5,0.5,2,pre-quake
2020-04-07T14:20:00Z,3,3,4,8.5,2,10,0,2,pre-quake
2020-04-07T14:20:00Z,5,6,10,7,2,7,0,1,pre-quake
2020-04-07T14:20:00Z,6,2,10,10,3,10,0,1,pre-quake
2020-04-07T14:20:00Z,8,3,6,10,NA,8,0,1,pre-quake
2020-04-07T14:20:00Z,15,1,3,7,NA,7,0,1,pre-quake
2020-04-07T14:20:00Z,16,4,6,7,5,5,0,1,pre-quake
2020-04-07T14:25:00Z,1,1,1,10,2,9,0,1,pre-quake
2020-04-07T14:25:00Z,2,10,7,8,NA,10,0,1,pre-quake
2020-04-07T14:25:00Z,6,2,10,8,6,2,1,1,pre-quake
2020-04-07T14:25:00Z,9,4,8,5,3,0,0,1,pre-quake
2020-04-07T14:25:00Z,15,5,1,7,NA,0,0,1,pre-quake
2020-04-07T14:25:00Z,17,2,10,10,NA,10,0,1,pre-quake
2020-04-07T14:30:00Z,3,5,0,4,6,10,0,1,pre-quake
2020-04-07T14:30:00Z,9,6.5,9.5,9,5.5,8,0,2,pre-quake
2020-04-07T14:30:00Z,10,2,7,5,NA,4,1,1,pre-quake
2020-04-07T14:30:00Z,15,0,5,0,NA,0,0,1,pre-quake
2020-04-07T14:35:00Z,6,7,5,10,2,0,1,1,pre-quake
2020-04-07T14:35:00Z,8,1,7,6,NA,6,0,1,pre-quake
2020-04-07T14:35:00Z,12,10,7,10,NA,8,0,1,pre-quake
2020-04-07T14:35:00Z,15,2.3333333333333335,4.333333333333333,3.6666666666666665,NA,5,0,3,pre-quake
2020-04-07T14:35:00Z,16,2,1,2,6,10,0,1,pre-quake
2020-04-07T14:40:00Z,6,7,6.5,7,5,6.5,0,2,pre-quake
2020-04-07T14:40:00Z,8,2,2,10,NA,0,0,1,pre-quake
2020-04-07T14:40:00Z,15,5,5,5,NA,10,0,1,pre-quake
2020-04-07T14:40:00Z,17,2.5,1,2.5,NA,5,0,2,pre-quake
2020-04-07T14:40:00Z,18,6,5,7,NA,10,0,1,pre-quake
2020-04-07T14:45:00Z,2,5.5,7.5,1,NA,9,0,2,pre-quake
2020-04-07T14:45:00Z,9,6,7.5,2.5,4,5.5,0,2,pre-quake
2020-04-07T14:50:00Z,2,3,3,5,NA,8,0,1,pre-quake
2020-04-07T14:50:00Z,6,1,8,7,1,5,0,1,pre-quake
2020-04-07T14:50:00Z,8,10,0,9,NA,0,1,1,pre-quake
2020-04-07T14:50:00Z,12,7,10,0,NA,7,0,1,pre-quake
2020-04-07T14:50:00Z,15,9,4,6,NA,2,0,1,pre-quake
2020-04-07T14:55:00Z,2,10,10,6,NA,9,1,1,pre-quake
2020-04-07T14:55:00Z,3,4.5,7,4,9.5,6.5,0,2,pre-quake
2020-04-07T14:55:00Z,4,2,8,0,NA,6,0,1,pre-quake
2020-04-07T14:55:00Z,8,6,10,4,NA,6,0,1,pre-quake
2020-04-07T14:55:00Z,9,9,6,1,8,8,0,1,pre-quake
2020-04-07T14:55:00Z,10,0,3,10,NA,0,0,1,pre-quake
2020-04-07T14:55:00Z,18,0,10,1,NA,5,0,1,pre-quake
2020-04-07T15:00:00Z,3,8,9,9,4,2,0,1,pre-quake
2020-04-07T15:00:00Z,5,4,3,4,5,3,0,2,pre-quake
2020-04-07T15:00:00Z,6,10,6,8,3,6,0,1,pre-quake
2020-04-07T15:00:00Z,8,3,1,1,NA,3,0,1,pre-quake
2020-04-07T15:00:00Z,9,4,3.5,5,5,8,0,2,pre-quake
2020-04-07T15:00:00Z,13,10,10,1,NA,3,0,1,pre-quake
2020-04-07T15:00:00Z,19,9,7,1,NA,9,0,1,pre-quake
2020-04-07T15:05:00Z,2,7,10,1,NA,1,0,1,pre-quake
2020-04-07T15:05:00Z,3,7,6,5,4,0.5,0,2,pre-quake
2020-04-07T15:05:00Z,8,1,3,8,NA,3,0,1,pre-quake
2020-04-07T15:05:00Z,11,5,9,6,10,8,1,1,pre-quake
2020-04-07T15:05:00Z,14,3,3,7.5,NA,7,0,2,pre-quake
2020-04-07T15:05:00Z,17,5,4.5,5,NA,9.5,0,2,pre-quake
2020-04-07T15:05:00Z,18,7,5,2,NA,10,1,1,pre-quake
2020-04-07T15:10:00Z,2,10,7,10,NA,2,0,1,pre-quake
2020-04-07T15:10:00Z,8,3,9,10,NA,4,1,1,pre-quake
2020-04-07T15:10:00Z,13,3.5,3,4.5,NA,4,0,2,pre-quake
2020-04-07T15:10:00Z,18,0,0,0,NA,3,0,1,pre-quake
2020-04-07T15:10:00Z,19,10,7,1,NA,4,0,1,pre-quake
2020-04-07T15:15:00Z,2,5,10,10,NA,10,0,1,pre-quake
2020-04-07T15:15:00Z,3,6,5,0,10,1,1,1,pre-quake
2020-04-07T15:15:00Z,6,4,10,4,6,10,0,1,pre-quake
2020-04-07T15:15:00Z,12,4,4,4,NA,1,0,1,pre-quake
2020-04-07T15:15:00Z,13,4,3,1,NA,10,0,1,pre-quake
2020-04-07T15:15:00Z,15,9.5,5.5,10,NA,8.5,0,2,pre-quake
2020-04-07T15:20:00Z,1,8,10,3,7,2,0,1,pre-quake
2020-04-07T15:20:00Z,2,1,5,9,NA,8,0,1,pre-quake
2020-04-07T15:20:00Z,3,0,8,10,6,1,0,1,pre-quake
2020-04-07T15:20:00Z,14,10,4,5,NA,8,0,1,pre-quake
2020-04-07T15:20:00Z,15,6,1,6,NA,10,1,1,pre-quake
2020-04-07T15:20:00Z,16,10,8,10,4,0,0,1,pre-quake
2020-04-07T15:20:00Z,18,5,7,2,NA,1,0,1,pre-quake
2020-04-07T15:25:00Z,4,9,1,10,NA,3,0,1,pre-quake
2020-04-07T15:25:00Z,6,2,2,4.5,1,5,0.5,2,pre-quake
2020-04-07T15:25:00Z,8,10,6,4,NA,2,0,1,pre-quake
2020-04-07T15:25:00Z,12,10,9,5,NA,9,0,1,pre-quake
2020-04-07T15:25:00Z,15,5,9.5,4,NA,2.5,0,2,pre-quake
2020-04-07T15:30:00Z,2,5,7,8,NA,3,0,1,pre-quake
2020-04-07T15:30:00Z,8,10,7,1,NA,10,0,1,pre-quake
2020-04-07T15:30:00Z,9,5,9,10,6,5,0,1,pre-quake
2020-04-07T15:30:00Z,14,4,0,8,4,4,0,1,pre-quake
2020-04-07T15:30:00Z,18,7,1,8,NA,4,0,1,pre-quake
2020-04-07T15:30:00Z,19,10,6,3,NA,5,0,1,pre-quake
2020-04-07T15:35:00Z,2,10,4,3,NA,5,0,1,pre-quake
2020-04-07T15:35:00Z,5,6,0,7,5,2,1,1,pre-quake
2020-04-07T15:35:00Z,6,8.5,1,7,8,6.5,0,2,pre-quake
2020-04-07T15:35:00Z,9,10,10,2,5,5,0,1,pre-quake
2020-04-07T15:35:00Z,11,6,7,6,5,8,0,1,pre-quake
2020-04-07T15:40:00Z,2,9,4,7,NA,7.5,0,2,pre-quake
2020-04-07T15:40:00Z,5,8,1,8,2,2,0,1,pre-quake
2020-04-07T15:40:00Z,9,6,6.5,9,9.5,4,0,2,pre-quake
2020-04-07T15:40:00Z,13,2,5,6,NA,4,0,1,pre-quake
2020-04-07T15:40:00Z,14,6,2.5,5,NA,3,0,2,pre-quake
2020-04-07T15:40:00Z,15,3,7,0,NA,1,0,1,pre-quake
2020-04-07T15:45:00Z,4,4,10,0,NA,10,0,1,pre-quake
2020-04-07T15:45:00Z,5,7,2,3,1,7,0,1,pre-quake
2020-04-07T15:45:00Z,6,10,3,3,7,4,0,1,pre-quake
2020-04-07T15:45:00Z,9,5.5,5.5,3,10,8,0,2,pre-quake
2020-04-07T15:45:00Z,11,7,8,4,10,4,0,1,pre-quake
2020-04-07T15:45:00Z,14,8.5,3,5.5,NA,2.5,0,2,pre-quake
2020-04-07T15:45:00Z,15,0,9,1,NA,8,0,1,pre-quake
2020-04-07T15:45:00Z,19,9,5,0,NA,10,0,1,pre-quake
2020-04-07T15:50:00Z,2,6.333333333333333,7,8,NA,6.333333333333333,0,3,pre-quake
2020-04-07T15:50:00Z,5,0,0,3,7,7,1,1,pre-quake
2020-04-07T15:50:00Z,6,6,3,1,3,3,0,1,pre-quake
2020-04-07T15:50:00Z,14,8,5,7,NA,6,0,1,pre-quake
2020-04-07T15:50:00Z,15,0,10,10,NA,4,0,1,pre-quake
2020-04-07T15:55:00Z,6,4,8,7,6,3,0,1,pre-quake
2020-04-07T15:55:00Z,8,2,10,0,NA,10,0,1,pre-quake
2020-04-07T15:55:00Z,15,8,7,4.5,NA,1.5,0.5,2,pre-quake
2020-04-07T15:55:00Z,16,10,1,9,10,5,0,1,pre-quake
2020-04-07T15:55:00Z,17,7,8,1,NA,3,0,1,pre-quake
2020-04-07T16:00:00Z,1,7,0,4,10,9,0,1,pre-quake
2020-04-07T16:00:00Z,2,6,4,5,NA,10,0,1,pre-quake
2020-04-07T16:00:00Z,3,4,5,3,3,5,0,1,pre-quake
2020-04-07T16:00:00Z,6,10,9,3,3,8,0,1,pre-quake
2020-04-07T16:00:00Z,8,8,8,8.5,NA,1,0.5,2,pre-quake
2020-04-07T16:00:00Z,10,0,9,10,NA,5,0,1,pre-quake
2020-04-07T16:00:00Z,15,10,5,4,NA,10,0,1,pre-quake
2020-04-07T16:00:00Z,18,1,4,4,NA,1,0,1,pre-quake
2020-04-07T16:00:00Z,19,3,0,10,NA,4,1,1,pre-quake
2020-04-07T16:05:00Z,3,3,3,0,7,6,0,1,pre-quake
2020-04-07T16:05:00Z,9,4.333333333333333,6,7.333333333333333,8.666666666666666,5,0.3333333333333333,3,pre-quake
2020-04-07T16:05:00Z,13,3,5,2,NA,10,0,1,pre-quake
2020-04-07T16:05:00Z,16,2.5,7.5,2,4.5,3.5,0,2,pre-quake
2020-04-07T16:05:00Z,19,9,2.5,6.5,NA,5.5,0.5,2,pre-quake
2020-04-07T16:10:00Z,5,3,9.5,0,7,5,0,2,pre-quake
2020-04-07T16:10:00Z,8,5,5,9,NA,9,0,1,pre-quake
2020-04-07T16:10:00Z,9,5.5,4,3.5,5.5,5,0,2,pre-quake
2020-04-07T16:10:00Z,11,9,2,6,10,9,0,1,pre-quake
2020-04-07T16:15:00Z,2,8,8,0,NA,1,0,1,pre-quake
2020-04-07T16:15:00Z,6,5,10,7,4,8,0,1,pre-quake
2020-04-07T16:15:00Z,9,1,5,10,4,9,0,1,pre-quake
2020-04-07T16:20:00Z,2,9,2,10,NA,3,0,1,pre-quake
2020-04-07T16:20:00Z,9,5,2,10,1,0,0,1,pre-quake
2020-04-07T16:20:00Z,15,5,9,3.5,NA,5.5,0.5,2,pre-quake
2020-04-07T16:20:00Z,16,7,9,2,9,5,0,1,pre-quake
2020-04-07T16:20:00Z,18,9,6,9,NA,6,1,1,pre-quake
2020-04-07T16:25:00Z,2,10,10,5,NA,0,0,1,pre-quake
2020-04-07T16:25:00Z,9,1,6,0,10,6,0,1,pre-quake
2020-04-07T16:25:00Z,11,0,7,6,9,1,0,1,pre-quake
2020-04-07T16:25:00Z,12,9,10,5,NA,3,0,1,pre-quake
2020-04-07T16:25:00Z,19,3,4,9,NA,6,0,1,pre-quake
2020-04-07T16:30:00Z,2,5.5,9.5,5,NA,6.5,0,2,pre-quake
2020-04-07T16:30:00Z,6,8,1,3,4,8,0,1,pre-quake
2020-04-07T16:30:00Z,15,6.5,6,6,NA,1.5,0,2,pre-quake
2020-04-07T16:30:00Z,19,5,7,8,NA,7,0,1,pre-quake
2020-04-07T16:35:00Z,1,6,4,2,9,10,0,1,pre-quake
2020-04-07T16:35:00Z,2,9.5,6.5,4,NA,8,0,2,pre-quake
2020-04-07T16:35:00Z,6,6.5,2.5,8,7.5,2.5,0,2,pre-quake
2020-04-07T16:35:00Z,8,4,7,4.5,NA,3.5,0,2,pre-quake
2020-04-07T16:35:00Z,9,7,7,5,7,9,0,1,pre-quake
2020-04-07T16:35:00Z,15,0,10,10,NA,6,0,1,pre-quake
2020-04-07T16:35:00Z,17,6,4,10,NA,10,0,1,pre-quake
2020-04-07T16:35:00Z,19,2,10,2,NA,10,0,1,pre-quake
2020-04-07T16:40:00Z,2,10,2,9,NA,4,0,1,pre-quake
2020-04-07T16:40:00Z,3,4,8,0,3,1,0,1,pre-quake
2020-04-07T16:40:00Z,6,2,0,4,7,2,0,1,pre-quake
2020-04-07T16:40:00Z,8,9,8.5,6.5,NA,0.5,0,2,pre-quake
2020-04-07T16:40:00Z,9,4.75,4.75,6.75,6,7.75,0,4,pre-quake
2020-04-07T16:40:00Z,15,3,10,10,NA,10,0,1,pre-quake
2020-04-07T16:40:00Z,16,2,6,0,2,2,0,1,pre-quake
2020-04-07T16:40:00Z,19,6.333333333333333,7,5.333333333333333,NA,8.333333333333334,0.3333333333333333,3,pre-quake
2020-04-07T16:45:00Z,2,5,8,3,NA,1,0,1,pre-quake
2020-04-07T16:45:00Z,3,10,3,6,2,2,0,1,pre-quake
2020-04-07T16:45:00Z,4,4,10,10,NA,9,0,1,pre-quake
2020-04-07T16:45:00Z,9,8,2,1,7,9,0,1,pre-quake
2020-04-07T16:45:00Z,12,8,10,0,NA,10,0,1,pre-quake
2020-04-07T16:45:00Z,14,8.5,5.5,6.5,NA,6,0.5,2,pre-quake
2020-04-07T16:45:00Z,15,8,3,9,NA,10,0,1,pre-quake
2020-04-07T16:50:00Z,2,3,9,6,NA,6,0,1,pre-quake
2020-04-07T16:50:00Z,15,6,7,8.5,NA,6.5,0,2,pre-quake
2020-04-07T16:50:00Z,16,9,9,10,4,3,0,1,pre-quake
2020-04-07T16:55:00Z,6,10,9,9,9,4,0,1,pre-quake
2020-04-07T16:55:00Z,8,9.5,5.5,5.5,NA,7.5,0.5,2,pre-quake
2020-04-07T16:55:00Z,9,5,9,10,7,6,0,1,pre-quake
2020-04-07T16:55:00Z,16,6.5,4,5,10,5.5,0,2,pre-quake
2020-04-07T16:55:00Z,18,2,8,5,NA,8,0,1,pre-quake
2020-04-07T16:55:00Z,19,8,8,3,NA,0,0,1,pre-quake
2020-04-07T17:00:00Z,6,10,8,10,8,4,0,1,pre-quake
2020-04-07T17:00:00Z,10,5,5,6,NA,4,0,2,pre-quake
2020-04-07T17:00:00Z,12,3,10,3,NA,7,0,1,pre-quake
2020-04-07T17:00:00Z,13,3,7,10,NA,6,0,1,pre-quake
2020-04-07T17:00:00Z,17,2,5,9,NA,9,0,1,pre-quake
2020-04-07T17:05:00Z,2,9,5,10,NA,10,0,1,pre-quake
2020-04-07T17:05:00Z,3,9,3,10,10,1,0,1,pre-quake
2020-04-07T17:05:00Z,5,3,3,0,9,2,0,1,pre-quake
2020-04-07T17:05:00Z,8,1,3,6,NA,6,0,1,pre-quake
2020-04-07T17:05:00Z,14,10,4,5,NA,1,0,1,pre-quake
2020-04-07T17:05:00Z,16,10,1,7,9,7,0,1,pre-quake
2020-04-07T17:05:00Z,17,9,3,0,NA,0,0,1,pre-quake
2020-04-07T17:10:00Z,2,2,9,3,NA,9,0,1,pre-quake
2020-04-07T17:10:00Z,5,1,10,4,2,9,0,1,pre-quake
2020-04-07T17:10:00Z,6,6,5,4.5,5,9.5,0,2,pre-quake
2020-04-07T17:10:00Z,8,3.5,6,4,NA,4,0,2,pre-quake
2020-04-07T17:10:00Z,10,1,4,7,NA,7.5,0,2,pre-quake
2020-04-07T17:10:00Z,15,1,6,7,NA,2,0,1,pre-quake
2020-04-07T17:10:00Z,16,10,2,4,5,10,0,1,pre-quake
2020-04-07T17:15:00Z,2,9,5,8,NA,10,0,1,pre-quake
2020-04-07T17:15:00Z,3,9,4,0,5,7,0,1,pre-quake
2020-04-07T17:15:00Z,5,7,9,6,9,9,0,1,pre-quake
2020-04-07T17:15:00Z,6,5.333333333333333,10,3,4.333333333333333,2,0.3333333333333333,3,pre-quake
2020-04-07T17:15:00Z,8,7,8.5,5,NA,9.5,0,2,pre-quake
2020-04-07T17:15:00Z,10,10,8,2,NA,3,1,1,pre-quake
2020-04-07T17:15:00Z,11,6,3,10,10,1,0,1,pre-quake
2020-04-07T17:15:00Z,13,10,10,9,2,7,0,1,pre-quake
2020-04-07T17:15:00Z,16,3,2,10,1,10,0,1,pre-quake
2020-04-07T17:15:00Z,17,3,6.5,9.5,NA,4,0,2,pre-quake
2020-04-07T17:20:00Z,2,5,8,0,NA,5,0,1,pre-quake
2020-04-07T17:20:00Z,3,2,0,5,10,8,1,1,pre-quake
2020-04-07T17:20:00Z,5,3,2,1,6,3,0,1,pre-quake
2020-04-07T17:20:00Z,11,2,9,7,0,9,0,1,pre-quake
2020-04-07T17:20:00Z,12,4,8,10,NA,8,0,1,pre-quake
2020-04-07T17:20:00Z,13,8,6,10,NA,6,0,1,pre-quake
2020-04-07T17:20:00Z,14,3,6,5.5,NA,4.5,0,2,pre-quake
2020-04-07T17:20:00Z,15,9,6,10,NA,9,0,1,pre-quake
2020-04-07T17:25:00Z,1,2,5,5,3,4,1,1,pre-quake
2020-04-07T17:25:00Z,3,5,10,8,5,2,0,1,pre-quake
2020-04-07T17:25:00Z,8,1,10,8,NA,8,0,1,pre-quake
2020-04-07T17:25:00Z,9,2,3,5,7,4,0,1,pre-quake
2020-04-07T17:25:00Z,12,3,3,0,NA,10,0,1,pre-quake
2020-04-07T17:25:00Z,15,1,1,4,NA,5,0,1,pre-quake
2020-04-07T17:25:00Z,16,2,3,1,2,4,0,1,pre-quake
2020-04-07T17:25:00Z,18,10,1,10,NA,4,0,1,pre-quake
2020-04-07T17:30:00Z,2,9.5,5,3,7,4.5,0,2,pre-quake
2020-04-07T17:30:00Z,6,3.5,8.5,8.5,3.5,8,0,2,pre-quake
2020-04-07T17:30:00Z,8,9,1,3,NA,5,0,1,pre-quake
2020-04-07T17:30:00Z,9,0,5,3,1,5,0,1,pre-quake
2020-04-07T17:30:00Z,11,0,5,9,5,0,0,1,pre-quake
2020-04-07T17:30:00Z,13,6,10,0,NA,10,1,1,pre-quake
2020-04-07T17:30:00Z,15,7.333333333333333,4.666666666666667,2,NA,7,0,3,pre-quake
2020-04-07T17:35:00Z,8,4,5,4,NA,6,0,1,pre-quake
2020-04-07T17:35:00Z,9,0,0,9,7,3,0,1,pre-quake
2020-04-07T17:35:00Z,17,9,10,7,NA,9,0,1,pre-quake
2020-04-07T17:40:00Z,1,4,3,8,7,6,0,1,pre-quake
2020-04-07T17:40:00Z,3,8,2,6,5,8,0,1,pre-quake
2020-04-07T17:40:00Z,5,4,8,10,2,5,0,1,pre-quake
2020-04-07T17:40:00Z,6,5,3,6,6,3,0,1,pre-quake
2020-04-07T17:40:00Z,15,2,6,9,NA,1,0,1,pre-quake
2020-04-07T17:40:00Z,16,10,2,2,9,10,0,1,pre-quake
2020-04-07T17:45:00Z,5,9,1,5,10,9,0,1,pre-quake
2020-04-07T17:45:00Z,9,5,2,5,2,4,0,1,pre-quake
2020-04-07T17:45:00Z,15,7,2,1,NA,4,0,1,pre-quake
2020-04-07T17:45:00Z,16,8,3,0,8,4,0,1,pre-quake
2020-04-07T17:50:00Z,2,3,7,0,NA,8,1,1,pre-quake
2020-04-07T17:50:00Z,3,0,10,6,9,6,0,1,pre-quake
2020-04-07T17:50:00Z,5,2,3,10,6,3,0,1,pre-quake
2020-04-07T17:50:00Z,8,7,0,3,NA,4,0,1,pre-quake
2020-04-07T17:50:00Z,9,3,7,5,9,10,0,1,pre-quake
2020-04-07T17:55:00Z,4,6,4,4,NA,4,0,1,pre-quake
2020-04-07T17:55:00Z,6,5,0.5,4.5,2.5,7.5,0,2,pre-quake
2020-04-07T17:55:00Z,8,7,5,2,NA,6,0,1,pre-quake
2020-04-07T17:55:00Z,9,7,3,2,3,10,0,1,pre-quake
2020-04-07T18:00:00Z,2,0,0,6,NA,0,0,1,pre-quake
2020-04-07T18:00:00Z,8,10,7,6,NA,9,1,1,pre-quake
2020-04-07T18:00:00Z,16,3,2,10,2,1,0,1,pre-quake
2020-04-07T18:05:00Z,2,2,9,9,NA,3,0,1,pre-quake
2020-04-07T18:05:00Z,5,4,2,1,4,5,0,1,pre-quake
2020-04-07T18:05:00Z,6,9,0,2,1,8,0,1,pre-quake
2020-04-07T18:05:00Z,8,8,7,7,NA,9,0,1,pre-quake
2020-04-07T18:05:00Z,9,0,0,10,5,9,0,1,pre-quake
2020-04-07T18:05:00Z,15,7.666666666666667,8.333333333333334,6,NA,6.666666666666667,0.6666666666666666,3,pre-quake
2020-04-07T18:05:00Z,16,2,10,1,10,9,0,1,pre-quake
2020-04-07T18:10:00Z,3,7,1,0,10,1,0,1,pre-quake
2020-04-07T18:10:00Z,6,10,2,2,10,4,0,1,pre-quake
2020-04-07T18:10:00Z,8,0,2,9,NA,3,0,1,pre-quake
2020-04-07T18:10:00Z,14,1,0,4,NA,9,0,1,pre-quake
2020-04-07T18:10:00Z,15,3.5,6,3.5,NA,6,0,2,pre-quake
2020-04-07T18:10:00Z,19,9,10,5,NA,6,0,1,pre-quake
2020-04-07T18:15:00Z,2,10,1,7,NA,8,0,1,pre-quake
2020-04-07T18:15:00Z,6,8,7,8,10,10,0,1,pre-quake
2020-04-07T18:15:00Z,9,1,5,3,5,6,0,1,pre-quake
2020-04-07T18:15:00Z,15,0,10,3,NA,2,0,1,pre-quake
2020-04-07T18:15:00Z,16,4,1,2,8,1,0,1,pre-quake
2020-04-07T18:20:00Z,2,4,7,10,NA,1,0,1,pre-quake
2020-04-07T18:20:00Z,6,10,4,10,7,8,0,1,pre-quake
2020-04-07T18:20:00Z,8,9.5,4,8,NA,7.5,0,2,pre-quake
2020-04-07T18:20:00Z,9,0,2,7,2,5,0,1,pre-quake
2020-04-07T18:20:00Z,10,10,2,1,NA,5,1,1,pre-quake
2020-04-07T18:20:00Z,15,6,3.5,6,NA,5.5,0,2,pre-quake
2020-04-07T18:20:00Z,17,9,9,7,NA,1,1,1,pre-quake
2020-04-07T18:20:00Z,18,4.5,7.5,6.5,NA,5.5,0,2,pre-quake
2020-04-07T18:25:00Z,2,4.5,3.5,6,NA,4,0.5,2,pre-quake
2020-04-07T18:25:00Z,4,2,6,2,NA,0,0,1,pre-quake
2020-04-07T18:25:00Z,9,6,10,10,7,8,0,1,pre-quake
2020-04-07T18:25:00Z,19,6,5,4,NA,5,1,1,pre-quake
2020-04-07T18:30:00Z,5,4.333333333333333,7.333333333333333,6.333333333333333,6.666666666666667,8.333333333333334,0,3,pre-quake
2020-04-07T18:30:00Z,8,3,9,5,NA,10,0,1,pre-quake
2020-04-07T18:30:00Z,9,7,3,10,10,10,0,1,pre-quake
2020-04-07T18:30:00Z,14,4.5,9.5,8.5,NA,4.5,0,2,pre-quake
2020-04-07T18:30:00Z,16,7,9,8,1,9,0,1,pre-quake
2020-04-07T18:30:00Z,19,9,0,6,NA,5,0,1,pre-quake
2020-04-07T18:35:00Z,3,4,9.5,1,4,3,0,2,pre-quake
2020-04-07T18:35:00Z,6,9,6,1,6,1,0,1,pre-quake
2020-04-07T18:35:00Z,8,4,9,10,NA,10,1,1,pre-quake
2020-04-07T18:35:00Z,9,7,8,3,7,6,0,1,pre-quake
2020-04-07T18:35:00Z,10,10,2,9,NA,8,0,1,pre-quake
2020-04-07T18:35:00Z,13,10,4,10,NA,8,0,1,pre-quake
2020-04-07T18:35:00Z,14,9,2,7,NA,2,0,1,pre-quake
2020-04-07T18:35:00Z,15,10,3.5,9,NA,8,0,2,pre-quake
2020-04-07T18:40:00Z,1,5,3,7,10,6,0,1,pre-quake
2020-04-07T18:40:00Z,2,4,4,4,NA,4,0,1,pre-quake
2020-04-07T18:40:00Z,6,0,1,10,2,2,0,1,pre-quake
2020-04-07T18:40:00Z,8,2,7,4.5,NA,3.5,0,2,pre-quake
2020-04-07T18:40:00Z,9,10,7,0,3,7,0,1,pre-quake
2020-04-07T18:40:00Z,15,1,6,2,NA,8,1,1,pre-quake
2020-04-07T18:40:00Z,16,3.5,3.5,2.5,5.5,6.5,0,2,pre-quake
2020-04-07T18:40:00Z,18,9,9,9,NA,10,1,1,pre-quake
2020-04-07T18:40:00Z,19,3,5,3,NA,9,0,1,pre-quake
2020-04-07T18:45:00Z,2,7,6,5.75,NA,6.75,0,4,pre-quake
2020-04-07T18:45:00Z,3,4,2,4,10,10,1,1,pre-quake
2020-04-07T18:45:00Z,4,1,8,0,NA,4,0,1,pre-quake
2020-04-07T18:45:00Z,6,3,9,7,4,7,0,1,pre-quake
2020-04-07T18:45:00Z,9,5.333333333333333,6.333333333333333,5,4.666666666666667,5.666666666666667,0,3,pre-quake
2020-04-07T18:45:00Z,13,10,6,7,NA,0,0,1,pre-quake
2020-04-07T18:45:00Z,15,2.5,4,5,NA,1,0.5,2,pre-quake
2020-04-07T18:45:00Z,19,0,4,3,NA,8,0,1,pre-quake
2020-04-07T18:50:00Z,3,3,6,4,9,10,0,1,pre-quake
2020-04-07T18:50:00Z,6,3,7,8,3,8,0,1,pre-quake
2020-04-07T18:50:00Z,9,2,10,10,2,9,0,1,pre-quake
2020-04-07T18:50:00Z,15,5,10,1,NA,0,0,1,pre-quake
2020-04-07T18:50:00Z,16,1,4,3,10,8,0,1,pre-quake
2020-04-07T18:55:00Z,2,8,9,0,NA,5,0,1,pre-quake
2020-04-07T18:55:00Z,3,8,4,7,10,2,0,1,pre-quake
2020-04-07T18:55:00Z,16,8.666666666666666,3.6666666666666665,7.333333333333333,5.333333333333333,6,0.3333333333333333,3,pre-quake
2020-04-07T19:00:00Z,4,10,10,0,NA,8,0,1,pre-quake
2020-04-07T19:00:00Z,6,0,5,6,6,1,0,1,pre-quake
2020-04-07T19:00:00Z,8,5.25,7,1.75,NA,5.75,0,4,pre-quake
2020-04-07T19:00:00Z,9,10,10,1,7,10,0,1,pre-quake
2020-04-07T19:00:00Z,13,3,5,7,NA,10,0,1,pre-quake
2020-04-07T19:00:00Z,14,9,4,5,NA,3,0,1,pre-quake
2020-04-07T19:00:00Z,18,2.5,4.5,3.5,NA,1.5,0,2,pre-quake
2020-04-07T19:05:00Z,2,4.5,5,8.5,NA,3,0,2,pre-quake
2020-04-07T19:05:00Z,5,2,1.5,4.5,8,6.5,0,2,pre-quake
2020-04-07T19:05:00Z,6,3.5,6.5,5.5,6.5,8.5,0,2,pre-quake
2020-04-07T19:05:00Z,8,4,4,10,NA,6,0,1,pre-quake
2020-04-07T19:05:00Z,9,8,10,0,10,8,0,1,pre-quake
2020-04-07T19:05:00Z,15,5.5,9.5,4.5,NA,5.5,0,2,pre-quake
2020-04-07T19:10:00Z,1,6.5,4,6,9,1,0,2,pre-quake
2020-04-07T19:10:00Z,2,7,1,0,NA,7,1,1,pre-quake
2020-04-07T19:10:00Z,3,8,5.5,5.75,4.5,7.75,0,4,pre-quake
2020-04-07T19:10:00Z,8,4,10,5,NA,6,0,1,pre-quake
2020-04-07T19:10:00Z,9,8,3,2.5,6,6.5,0,2,pre-quake
2020-04-07T19:15:00Z,5,5,3,10,6,1,0,1,pre-quake
2020-04-07T19:15:00Z,8,1,3,5,NA,0,0,1,pre-quake
2020-04-07T19:15:00Z,13,0,10,9,NA,6,0,1,pre-quake
2020-04-07T19:15:00Z,14,1,7,1,NA,1,1,1,pre-quake
2020-04-07T19:15:00Z,15,2,5.5,4.5,NA,8.5,0.5,2,pre-quake
2020-04-07T19:15:00Z,18,2,10,9,NA,4,0,1,pre-quake
2020-04-07T19:15:00Z,19,5,3,1,NA,5,0,1,pre-quake
2020-04-07T19:20:00Z,2,3,9,1,NA,9,0,1,pre-quake
2020-04-07T19:20:00Z,8,7.5,7.5,8.5,NA,7.5,0,2,pre-quake
2020-04-07T19:20:00Z,9,3.6666666666666665,8,4,5.666666666666667,5.666666666666667,0,3,pre-quake
2020-04-07T19:20:00Z,14,10,8,7,NA,3,0,1,pre-quake
2020-04-07T19:20:00Z,15,7,0,1,NA,10,0,1,pre-quake
2020-04-07T19:25:00Z,2,2,8,1,9,0,0,1,pre-quake
2020-04-07T19:25:00Z,9,2,8,7,0,5,0,1,pre-quake
2020-04-07T19:25:00Z,11,10,7,10,4,5,0,1,pre-quake
2020-04-07T19:25:00Z,15,9,10,6,NA,10,0,1,pre-quake
2020-04-07T19:25:00Z,18,5,2,4,NA,9,0,1,pre-quake
2020-04-07T19:25:00Z,19,0,7,4,NA,1,0,1,pre-quake
2020-04-07T19:30:00Z,2,6,5,3,NA,2,0,1,pre-quake
2020-04-07T19:30:00Z,3,8,1,2,2,7,0,1,pre-quake
2020-04-07T19:30:00Z,4,7,1,6,NA,5,1,1,pre-quake
2020-04-07T19:30:00Z,6,5,6,0,6,10,0,1,pre-quake
2020-04-07T19:30:00Z,8,5.333333333333333,5.333333333333333,6,NA,3.6666666666666665,0.3333333333333333,3,pre-quake
2020-04-07T19:30:00Z,12,4,6,1,NA,7,0,1,pre-quake
2020-04-07T19:30:00Z,15,5.5,7,4.5,NA,5,0,2,pre-quake
2020-04-07T19:30:00Z,18,8,9,1,NA,4,0,1,pre-quake
2020-04-07T19:35:00Z,3,4,0,3,7,6,0,1,pre-quake
2020-04-07T19:35:00Z,4,6,9,9,NA,5,1,1,pre-quake
2020-04-07T19:35:00Z,5,6,8,8,4,3,0,1,pre-quake
2020-04-07T19:35:00Z,6,6,1,10,5,7,0,1,pre-quake
2020-04-07T19:35:00Z,8,7,4.5,7.5,NA,2,0,2,pre-quake
2020-04-07T19:35:00Z,15,5,1.6666666666666667,5,NA,7,0,3,pre-quake
2020-04-07T19:35:00Z,18,10,0,8,NA,9,0,1,pre-quake
2020-04-07T19:40:00Z,1,5,4,7,10,5,0,1,pre-quake
2020-04-07T19:40:00Z,3,7,0,10,7,10,0,1,pre-quake
2020-04-07T19:40:00Z,4,6,9,5,NA,5,0,1,pre-quake
2020-04-07T19:40:00Z,8,4.5,2.25,1.5,NA,6.25,0.5,4,pre-quake
2020-04-07T19:40:00Z,9,7,2,10,5,10,0,1,pre-quake
2020-04-07T19:40:00Z,14,1,4,3,NA,2,0,2,pre-quake
2020-04-07T19:40:00Z,15,4,3,0,NA,10,0,1,pre-quake
2020-04-07T19:40:00Z,17,10,3,10,NA,10,0,1,pre-quake
2020-04-07T19:45:00Z,3,0.5,6,9,7,8.5,0,2,pre-quake
2020-04-07T19:45:00Z,4,5,10,10,NA,5,0,1,pre-quake
2020-04-07T19:45:00Z,6,2,1,10,8,10,0,1,pre-quake
2020-04-07T19:45:00Z,14,1,6,10,NA,0,1,1,pre-quake
2020-04-07T19:45:00Z,15,6,1,8.5,NA,1,0,2,pre-quake
2020-04-07T19:45:00Z,16,10,5,2,3,6,0,1,pre-quake
2020-04-07T19:50:00Z,2,0.5,5,1.5,NA,4,0,2,pre-quake
2020-04-07T19:50:00Z,3,5.5,4.5,7,6,6,0,2,pre-quake
2020-04-07T19:50:00Z,6,10,10,1,8,4,1,1,pre-quake
2020-04-07T19:50:00Z,9,2,10,1,8,10,0,1,pre-quake
2020-04-07T19:50:00Z,15,2,8,0,NA,1,0,1,pre-quake
2020-04-07T19:50:00Z,19,10,10,2,NA,0,0,1,pre-quake
2020-04-07T19:55:00Z,2,4.5,7,2.5,NA,6.25,0.25,4,pre-quake
2020-04-07T19:55:00Z,3,10,10,7,4,10,0,1,pre-quake
2020-04-07T19:55:00Z,4,5,2,0,NA,1,0,1,pre-quake
2020-04-07T19:55:00Z,5,4,10,6,5,2,0,1,pre-quake
2020-04-07T19:55:00Z,9,5,5,5,7,10,0,1,pre-quake
2020-04-07T19:55:00Z,15,4,8,1,NA,8,1,1,pre-quake
2020-04-07T20:00:00Z,2,8,10,4,NA,1,0,1,pre-quake
2020-04-07T20:00:00Z,3,1,6,1,10,0,0,1,pre-quake
2020-04-07T20:00:00Z,6,9,4,3,7,0,0,1,pre-quake
2020-04-07T20:00:00Z,8,10,1,10,NA,9,0,1,pre-quake
2020-04-07T20:00:00Z,9,2,7,10,5,10,0,1,pre-quake
2020-04-07T20:00:00Z,10,1,1,1,NA,10,0,1,pre-quake
2020-04-07T20:00:00Z,15,7,2,0,NA,3,0,1,pre-quake
2020-04-07T20:00:00Z,16,0,5,9,0,10,0,1,pre-quake
2020-04-07T20:05:00Z,1,1,10,1,10,10,0,1,pre-quake
2020-04-07T20:05:00Z,2,3,3,1,NA,1,0,1,pre-quake
2020-04-07T20:05:00Z,8,2,8,10,NA,4,0,1,pre-quake
2020-04-07T20:05:00Z,10,0,9,10,NA,8,0,1,pre-quake
2020-04-07T20:05:00Z,11,8,4,7,0,1,0,1,pre-quake
2020-04-07T20:05:00Z,12,4,0,10,NA,9,0,1,pre-quake
2020-04-07T20:05:00Z,15,6,10,4.5,NA,2.5,0,2,pre-quake
2020-04-07T20:05:00Z,19,6.5,6.5,7.5,NA,4.5,0,2,pre-quake
2020-04-07T20:10:00Z,2,3,2,4,NA,9,0,1,pre-quake
2020-04-07T20:10:00Z,3,10,8,10,10,2,0,1,pre-quake
2020-04-07T20:10:00Z,6,5,8.75,4.75,4.5,1.25,0,4,pre-quake
2020-04-07T20:10:00Z,8,4,6,2,NA,4,0,1,pre-quake
2020-04-07T20:10:00Z,11,1,2,1,7,4,0,1,pre-quake
2020-04-07T20:15:00Z,1,3,6.5,0.5,5,6.5,0,2,pre-quake
2020-04-07T20:15:00Z,2,1,3,4,NA,6,0,1,pre-quake
2020-04-07T20:15:00Z,3,7,8,3,2,8,0,1,pre-quake
2020-04-07T20:15:00Z,4,10,10,6,NA,9,0,1,pre-quake
2020-04-07T20:15:00Z,8,9,4,1,NA,9,0,1,pre-quake
2020-04-07T20:15:00Z,16,6,4,10,0,5,0,1,pre-quake
2020-04-07T20:20:00Z,2,2,0,4,NA,2,1,1,pre-quake
2020-04-07T20:20:00Z,3,7,7,9,6,10,0,1,pre-quake
2020-04-07T20:20:00Z,6,1,5.5,5,6,2.5,0,2,pre-quake
2020-04-07T20:20:00Z,8,9.5,6,2.5,NA,7.5,0.5,2,pre-quake
2020-04-07T20:20:00Z,10,5,10,7,NA,8,1,1,pre-quake
2020-04-07T20:20:00Z,14,7,9,2,NA,7,0,1,pre-quake
2020-04-07T20:20:00Z,16,6,10,9,2,3,0,1,pre-quake
2020-04-07T20:25:00Z,3,5,6,5,7.5,7.5,0,2,pre-quake
2020-04-07T20:25:00Z,4,10,3,10,NA,7,0,1,pre-quake
2020-04-07T20:25:00Z,5,8,10,4,5,1,0,1,pre-quake
2020-04-07T20:30:00Z,1,4,8,1,2,7,0,1,pre-quake
2020-04-07T20:30:00Z,8,4,8,10,NA,7,0,1,pre-quake
2020-04-07T20:30:00Z,14,8,6,0,NA,7,0,1,pre-quake
2020-04-07T20:30:00Z,18,2,1,5,NA,3,0,1,pre-quake
2020-04-07T20:30:00Z,19,0,0,10,NA,6,0,1,pre-quake
2020-04-07T20:35:00Z,3,10,3,2,4,7,0,1,pre-quake
2020-04-07T20:35:00Z,6,8,6,7,8,1,0,1,pre-quake
2020-04-07T20:35:00Z,8,0,3,6,NA,0,0,1,pre-quake
2020-04-07T20:35:00Z,9,4,2,2,10,3,0,1,pre-quake
2020-04-07T20:35:00Z,12,4,10,10,NA,1,0,1,pre-quake
2020-04-07T20:35:00Z,15,5,6,9,NA,2,0,1,pre-quake
2020-04-07T20:35:00Z,17,4,3,4,NA,10,0,1,pre-quake
2020-04-07T20:40:00Z,2,4,2,0,NA,5,0,1,pre-quake
2020-04-07T20:40:00Z,3,6,0,9,3,2,0,1,pre-quake
2020-04-07T20:40:00Z,4,4,0,8,NA,7,0,1,pre-quake
2020-04-07T20:40:00Z,6,7,7,3.5,6,5,0,2,pre-quake
2020-04-07T20:40:00Z,9,1,10,7,4,5,0,1,pre-quake
2020-04-07T20:40:00Z,10,4,5,5,NA,4,0,1,pre-quake
2020-04-07T20:40:00Z,11,3,10,0,8,7,0,1,pre-quake
2020-04-07T20:40:00Z,16,3,6,9,10,10,0,1,pre-quake
2020-04-07T20:40:00Z,18,3,10,7,NA,10,0,1,pre-quake
2020-04-07T20:40:00Z,19,3,6,6,NA,5,0,1,pre-quake
2020-04-07T20:45:00Z,2,2,3,8,NA,3,0,1,pre-quake
2020-04-07T20:45:00Z,6,5,6,5,6,5,0,2,pre-quake
2020-04-07T20:45:00Z,8,2,6,9,NA,1,0,1,pre-quake
2020-04-07T20:45:00Z,9,3,4,9.5,3.5,4.5,0,2,pre-quake
2020-04-07T20:45:00Z,14,8,1,8,NA,10,0,1,pre-quake
2020-04-07T20:45:00Z,16,5,4,4,6,1,0,1,pre-quake
2020-04-07T20:45:00Z,18,9,4,7,NA,8,0,1,pre-quake
2020-04-07T20:50:00Z,1,6,6,1,1,0,0,1,pre-quake
2020-04-07T20:50:00Z,2,3,2,0,NA,1,0,1,pre-quake
2020-04-07T20:50:00Z,4,10,6,4,NA,5,0,1,pre-quake
2020-04-07T20:50:00Z,5,10,5,3,3,1,0,1,pre-quake
2020-04-07T20:50:00Z,10,10,4,0,NA,2,0,1,pre-quake
2020-04-07T20:50:00Z,11,9,6,7,3,4,0,1,pre-quake
2020-04-07T20:50:00Z,13,5,5,9,NA,1,0,1,pre-quake
2020-04-07T20:50:00Z,19,10,0,9,NA,10,0,1,pre-quake
2020-04-07T20:55:00Z,1,1,10,2,0,8,0,1,pre-quake
2020-04-07T20:55:00Z,4,10,7,5,NA,2,0,1,pre-quake
2020-04-07T20:55:00Z,5,7,5.5,7.5,4.5,1.5,0,2,pre-quake
2020-04-07T20:55:00Z,9,6.25,6.5,5.5,1.75,6.5,0.5,4,pre-quake
2020-04-07T20:55:00Z,10,6.5,7.5,3,NA,6.5,0,2,pre-quake
2020-04-07T20:55:00Z,15,1,1,3,NA,5,0,1,pre-quake
2020-04-07T20:55:00Z,16,6,0,1,2,8,0,1,pre-quake
2020-04-07T20:55:00Z,18,8,5,9,NA,4,0,1,pre-quake
2020-04-07T21:00:00Z,4,7,9,5,NA,0,0,1,pre-quake
2020-04-07T21:00:00Z,5,6,3,3,1,5,0,1,pre-quake
2020-04-07T21:00:00Z,9,10,3,5,8,5,0,1,pre-quake
2020-04-07T21:00:00Z,14,7,2,1,NA,10,0,1,pre-quake
2020-04-07T21:00:00Z,18,10,6,5,NA,0,0,1,pre-quake
2020-04-07T21:05:00Z,2,3.5,5.5,7,NA,4,0,2,pre-quake
2020-04-07T21:05:00Z,3,5,5.5,1.5,2.5,5.5,0,2,pre-quake
2020-04-07T21:05:00Z,6,9,4,10,1,10,0,1,pre-quake
2020-04-07T21:05:00Z,8,10,2,5,NA,6.5,0.5,2,pre-quake
2020-04-07T21:05:00Z,9,8,4,4,8,5,0,1,pre-quake
2020-04-07T21:05:00Z,11,9,1,4,7,5,1,1,pre-quake
2020-04-07T21:05:00Z,12,7,3,4,NA,2,0,1,pre-quake
2020-04-07T21:05:00Z,14,6,10,6,NA,6,1,1,pre-quake
2020-04-07T21:05:00Z,19,9,10,10,NA,6,0,1,pre-quake
2020-04-07T21:10:00Z,3,8,7,9,7,0,0,1,pre-quake
2020-04-07T21:10:00Z,8,5,4,7,NA,0,0,1,pre-quake
2020-04-07T21:10:00Z,10,1,10,10,NA,7,0,1,pre-quake
2020-04-07T21:10:00Z,11,7,0,0,3,0,0,1,pre-quake
2020-04-07T21:10:00Z,14,6,0,6,NA,10,0,1,pre-quake
2020-04-07T21:10:00Z,16,3,8,6,10,1,0,1,pre-quake
2020-04-07T21:15:00Z,2,3,6,1,NA,7,0,1,pre-quake
2020-04-07T21:15:00Z,3,10,10,8.5,9,4.5,0,2,pre-quake
2020-04-07T21:15:00Z,8,9,6,4,NA,5,0,1,pre-quake
2020-04-07T21:15:00Z,13,10,10,0,NA,7,0,1,pre-quake
2020-04-07T21:20:00Z,1,6,7,9,5,1,0,1,pre-quake
2020-04-07T21:20:00Z,2,5,6,10,NA,1,0,1,pre-quake
2020-04-07T21:20:00Z,6,5,9,7,3,10,0,1,pre-quake
2020-04-07T21:20:00Z,15,1,2.5,7,NA,7.5,0,2,pre-quake
2020-04-07T21:20:00Z,16,2,5,5,6,10,1,1,pre-quake
2020-04-07T21:20:00Z,18,4,6,10,NA,10,0,1,pre-quake
2020-04-07T21:25:00Z,3,5,2.5,6,3.5,5,0,2,pre-quake
2020-04-07T21:25:00Z,6,0,9,8,5,0,0,1,pre-quake
2020-04-07T21:25:00Z,14,8,6,9,NA,4,0,1,pre-quake
2020-04-07T21:25:00Z,15,3.5,6,3.5,NA,6,0,2,pre-quake
2020-04-07T21:30:00Z,3,9,10,9,7,1,1,1,pre-quake
2020-04-07T21:30:00Z,9,4,8,4,3,9,0,1,pre-quake
2020-04-07T21:30:00Z,14,10,0,0,NA,7,0,1,pre-quake
2020-04-07T21:30:00Z,15,5,4.5,8,NA,1,0,2,pre-quake
2020-04-07T21:35:00Z,1,5,6,0,7,4,0,1,pre-quake
2020-04-07T21:35:00Z,2,5.5,2.5,7,NA,4.5,0,2,pre-quake
2020-04-07T21:35:00Z,3,5,6,8,10,9,0,1,pre-quake
2020-04-07T21:35:00Z,6,4.5,6,3.5,2,9,0,2,pre-quake
2020-04-07T21:35:00Z,9,0,10,7,1,1,0,1,pre-quake
2020-04-07T21:35:00Z,13,6,2,2,NA,6,0,1,pre-quake
2020-04-07T21:35:00Z,18,7,9,10,NA,10,0,1,pre-quake
2020-04-07T21:40:00Z,2,4,1,1,NA,10,0,1,pre-quake
2020-04-07T21:40:00Z,5,5,10,7,1,1,0,1,pre-quake
2020-04-07T21:40:00Z,9,8,4,6,8,2,0,1,pre-quake
2020-04-07T21:40:00Z,15,7,10,7,NA,8,0,1,pre-quake
2020-04-07T21:40:00Z,17,4,10,6,NA,10,0,1,pre-quake
2020-04-07T21:40:00Z,18,3,5,0,NA,6,0,1,pre-quake
2020-04-07T21:45:00Z,2,7,9,0,NA,10,0,1,pre-quake
2020-04-07T21:45:00Z,3,10,5,1,8,2,0,1,pre-quake
2020-04-07T21:45:00Z,8,7,6,5,NA,3,0,2,pre-quake
2020-04-07T21:45:00Z,9,2,1,2,10,1,1,1,pre-quake
2020-04-07T21:45:00Z,17,8,1,9,NA,8,0,1,pre-quake
2020-04-07T21:50:00Z,2,9,5,5,NA,8,1,2,pre-quake
2020-04-07T21:50:00Z,5,5,10,10,0,3,0,1,pre-quake
2020-04-07T21:50:00Z,6,5,4,5,6,8,0,1,pre-quake
2020-04-07T21:50:00Z,8,2,8,9,NA,9,0,1,pre-quake
2020-04-07T21:50:00Z,9,1.5,5,8,5,7.5,0,2,pre-quake
2020-04-07T21:50:00Z,10,3,6,8,NA,0,0,1,pre-quake
2020-04-07T21:50:00Z,15,10,7,7,NA,0,1,1,pre-quake
2020-04-07T21:50:00Z,16,8,9,4,1,0,0,1,pre-quake
2020-04-07T21:50:00Z,17,7,8,10,NA,4,0,1,pre-quake
2020-04-07T21:50:00Z,19,0,4,6,NA,1,0,1,pre-quake
2020-04-07T21:55:00Z,9,3,1,10,9,8,0,1,pre-quake
2020-04-07T21:55:00Z,14,10,3,4,NA,8,0,1,pre-quake
2020-04-07T21:55:00Z,15,2,0,10,NA,6,0,1,pre-quake
2020-04-07T21:55:00Z,16,8,3,9.5,3.5,6.5,0,2,pre-quake
2020-04-07T21:55:00Z,18,3,5,10,NA,7,1,1,pre-quake
2020-04-07T22:00:00Z,1,8,5,6.5,8.5,1,0,2,pre-quake
2020-04-07T22:00:00Z,3,2,3,3,9,3,0,1,pre-quake
2020-04-07T22:00:00Z,8,6,4.5,7.5,NA,8,0,2,pre-quake
2020-04-07T22:00:00Z,15,4.666666666666667,4.666666666666667,7.666666666666667,NA,6.666666666666667,0,3,pre-quake
2020-04-07T22:05:00Z,3,3,10,1,8,4,0,1,pre-quake
2020-04-07T22:05:00Z,6,10,10,1,8,10,0,1,pre-quake
2020-04-07T22:05:00Z,8,5.5,6.5,2.5,NA,4,0,2,pre-quake
2020-04-07T22:05:00Z,14,10,2,0,NA,4,0,1,pre-quake
2020-04-07T22:05:00Z,15,3,2,1,NA,2,0,1,pre-quake
2020-04-07T22:10:00Z,6,4,0,1,5,6,0,1,pre-quake
2020-04-07T22:10:00Z,8,8,7,9,NA,9,0,1,pre-quake
2020-04-07T22:10:00Z,9,6,10,5,6,3,0,1,pre-quake
2020-04-07T22:10:00Z,15,6.5,8.5,6,NA,7,0,2,pre-quake
2020-04-07T22:10:00Z,18,5,4,6.5,NA,6,0,2,pre-quake
2020-04-07T22:10:00Z,19,6,6.5,8,NA,5.5,0.5,2,pre-quake
2020-04-07T22:15:00Z,3,2,7,0,3,10,0,1,pre-quake
2020-04-07T22:15:00Z,9,2,7,7,8,1,0,1,pre-quake
2020-04-07T22:15:00Z,10,6,10,6,NA,4,0,1,pre-quake
2020-04-07T22:15:00Z,13,10,4,8,NA,9,0,1,pre-quake
2020-04-07T22:15:00Z,14,1,7,10,NA,9,0,1,pre-quake
2020-04-07T22:15:00Z,16,10,2,10,1,1,0,1,pre-quake
2020-04-07T22:20:00Z,2,5,6.5,3,NA,2.5,0,2,pre-quake
2020-04-07T22:20:00Z,3,6,3,10,8,7,0,1,pre-quake
2020-04-07T22:20:00Z,6,0,7,5,6,10,0,1,pre-quake
2020-04-07T22:20:00Z,8,2,7,10,NA,9,0,1,pre-quake
2020-04-07T22:20:00Z,10,2,5,3,NA,10,0,1,pre-quake
2020-04-07T22:20:00Z,14,9,10,10,NA,0,1,1,pre-quake
2020-04-07T22:20:00Z,15,7,5.5,7,NA,5,0,2,pre-quake
2020-04-07T22:20:00Z,16,7,9,8,4,10,0,1,pre-quake
2020-04-07T22:25:00Z,15,3,5,6,NA,4,0,1,pre-quake
2020-04-07T22:25:00Z,16,4,2,9,5,5,0,1,pre-quake
2020-04-07T22:25:00Z,19,9,9,8,NA,4,0,1,pre-quake
2020-04-07T22:30:00Z,2,7,4,3,NA,2,0,1,pre-quake
2020-04-07T22:30:00Z,3,7.5,1.5,3,3,1,0,2,pre-quake
2020-04-07T22:30:00Z,4,7,9,10,NA,4,0,1,pre-quake
2020-04-07T22:30:00Z,5,2,7,0,8,0,0,1,pre-quake
2020-04-07T22:30:00Z,6,2,7,1,5,4,0,1,pre-quake
2020-04-07T22:30:00Z,12,5,4,6,NA,2,0,1,pre-quake
2020-04-07T22:30:00Z,19,7,9,2,NA,5,0,1,pre-quake
2020-04-07T22:35:00Z,3,6,2,0,1,0,1,1,pre-quake
2020-04-07T22:35:00Z,5,4,3.5,10,6,8,0,2,pre-quake
2020-04-07T22:35:00Z,8,7,1,2,NA,3,0,1,pre-quake
2020-04-07T22:35:00Z,9,9,10,10,10,4,0,1,pre-quake
2020-04-07T22:35:00Z,15,4.6,5.2,7.2,NA,4,0,5,pre-quake
2020-04-07T22:35:00Z,16,4,1,10,1,5,0,1,pre-quake
2020-04-07T22:40:00Z,2,6,7.5,8.5,NA,6,0.5,2,pre-quake
2020-04-07T22:40:00Z,5,7,10,10,10,1,0,1,pre-quake
2020-04-07T22:40:00Z,6,3,8,2,3,9,0,1,pre-quake
2020-04-07T22:40:00Z,8,5.5,6,3,NA,8.5,0,2,pre-quake
2020-04-07T22:40:00Z,14,3,3,2,NA,8,0,1,pre-quake
2020-04-07T22:40:00Z,19,6.5,4.5,6,NA,2.5,0,2,pre-quake
2020-04-07T22:45:00Z,2,9,6.5,1.5,NA,5.5,0,2,pre-quake
2020-04-07T22:45:00Z,6,5,2,3,8,10,0,1,pre-quake
2020-04-07T22:45:00Z,8,5,10,5,NA,0,1,1,pre-quake
2020-04-07T22:45:00Z,10,0,4,5,NA,5,0,1,pre-quake
2020-04-07T22:45:00Z,13,4,7,10,NA,7,0,1,pre-quake
2020-04-07T22:45:00Z,16,5,10,1,2,6,0,1,pre-quake
2020-04-07T22:50:00Z,8,1,4,10,NA,0,1,1,pre-quake
2020-04-07T22:50:00Z,9,2,5,1,2,10,0,1,pre-quake
2020-04-07T22:50:00Z,10,2,4,0,NA,2,0,1,pre-quake
2020-04-07T22:50:00Z,15,4.5,6.5,1.5,NA,7,0,2,pre-quake
2020-04-07T22:50:00Z,17,5,10,1,NA,7,0,1,pre-quake
2020-04-07T22:50:00Z,18,1,9,2,NA,7,0,1,pre-quake
2020-04-07T22:55:00Z,5,10,2,8,1,1,0,1,pre-quake
2020-04-07T22:55:00Z,8,8,1,10,NA,3,0,1,pre-quake
2020-04-07T22:55:00Z,10,2.5,5.5,6.5,NA,3,0.5,2,pre-quake
2020-04-07T22:55:00Z,11,8,4.5,3.5,2,1.5,0,2,pre-quake
2020-04-07T22:55:00Z,15,8,10,2,6,2,0,1,pre-quake
2020-04-07T22:55:00Z,18,0,10,0,NA,8,0,1,pre-quake
2020-04-07T23:00:00Z,3,3,2,2,6,2,1,1,pre-quake
2020-04-07T23:00:00Z,5,6.5,5.5,6.5,9,5,0,2,pre-quake
2020-04-07T23:00:00Z,8,10,5,10,NA,10,1,1,pre-quake
2020-04-07T23:00:00Z,9,8,1,8,9,1,0,1,pre-quake
2020-04-07T23:00:00Z,10,7,6,1,NA,5,1,1,pre-quake
2020-04-07T23:00:00Z,14,6,6,10,NA,10,1,1,pre-quake
2020-04-07T23:05:00Z,1,0,8,5,1,10,0,1,pre-quake
2020-04-07T23:05:00Z,2,5,8.5,7,NA,6.5,0,2,pre-quake
2020-04-07T23:05:00Z,3,1,10,4,6,10,0,1,pre-quake
2020-04-07T23:05:00Z,6,5.666666666666667,5,3.6666666666666665,7,4,0,3,pre-quake
2020-04-07T23:05:00Z,13,7,10,7,NA,9,0,1,pre-quake
2020-04-07T23:05:00Z,15,5,2,7,NA,9,0,1,pre-quake
2020-04-07T23:10:00Z,2,5,9,9,NA,7,0,1,pre-quake
2020-04-07T23:10:00Z,3,4,2,1,2,5,0,1,pre-quake
2020-04-07T23:10:00Z,9,1.5,6.5,8.5,6,2.5,0,2,pre-quake
2020-04-07T23:10:00Z,10,10,10,8,NA,6,0,1,pre-quake
2020-04-07T23:10:00Z,15,1,10,6,NA,3,0,1,pre-quake
2020-04-07T23:10:00Z,17,6,9,10,NA,3,0,1,pre-quake
2020-04-07T23:15:00Z,2,0,2,1,NA,5,0,1,pre-quake
2020-04-07T23:15:00Z,3,10,5,0,10,2,0,1,pre-quake
2020-04-07T23:15:00Z,4,10,10,10,NA,3,0,1,pre-quake
2020-04-07T23:15:00Z,5,10,9,10,3,0,1,1,pre-quake
2020-04-07T23:15:00Z,9,4,6,10,3,0,0,1,pre-quake
2020-04-07T23:15:00Z,14,3,0,1,NA,8,0,1,pre-quake
2020-04-07T23:15:00Z,15,5,10,5,NA,5,0,1,pre-quake
2020-04-07T23:15:00Z,17,3,5,5,NA,2,0,1,pre-quake
2020-04-07T23:20:00Z,3,1.5,4.5,5.5,5,3,0.5,2,pre-quake
2020-04-07T23:20:00Z,9,5.333333333333333,1.6666666666666667,6,3,6.666666666666667,0,3,pre-quake
2020-04-07T23:20:00Z,15,7,5.5,5.5,NA,6,0,2,pre-quake
2020-04-07T23:25:00Z,2,1,10,0,NA,4,0,1,pre-quake
2020-04-07T23:25:00Z,5,4,9,4,9,2,0,1,pre-quake
2020-04-07T23:25:00Z,6,4,5.5,6.5,7.5,7.5,0,2,pre-quake
2020-04-07T23:25:00Z,9,2,8,10,2,0,0,1,pre-quake
2020-04-07T23:25:00Z,14,1,7,4,NA,10,0,1,pre-quake
2020-04-07T23:25:00Z,16,1,0,10,7,4,0,1,pre-quake
2020-04-07T23:30:00Z,1,4,6,2,2,7,0,1,pre-quake
2020-04-07T23:30:00Z,6,2,4,2,8,5.5,1,2,pre-quake
2020-04-07T23:30:00Z,12,3,10,10,NA,3,0,1,pre-quake
2020-04-07T23:30:00Z,14,3,10,4,NA,4,0,1,pre-quake
2020-04-07T23:30:00Z,15,5,4.5,4,NA,5,0,2,pre-quake
2020-04-07T23:35:00Z,1,9,7,10,2,10,1,1,pre-quake
2020-04-07T23:35:00Z,2,1,10,3,NA,3,0,1,pre-quake
2020-04-07T23:35:00Z,5,3,6,8,2,9,0,1,pre-quake
2020-04-07T23:35:00Z,8,4,6,6,NA,4,0,1,pre-quake
2020-04-07T23:35:00Z,12,1,5,3,NA,7,0,1,pre-quake
2020-04-07T23:35:00Z,15,9,10,10,NA,10,0,1,pre-quake
2020-04-07T23:35:00Z,16,6,5,9,0,9,0,1,pre-quake
2020-04-07T23:35:00Z,17,8,3,2,NA,4,0,1,pre-quake
2020-04-07T23:40:00Z,2,9,1,10,NA,2,0,1,pre-quake
2020-04-07T23:40:00Z,3,7,4,3,7,0,0,1,pre-quake
2020-04-07T23:40:00Z,5,4,7,9,10,4,0,1,pre-quake
2020-04-07T23:40:00Z,6,7,8,10,10,3,0,1,pre-quake
2020-04-07T23:40:00Z,9,6,10,6,0,6,0,1,pre-quake
2020-04-07T23:40:00Z,11,10,7,8,2,9,0,1,pre-quake
2020-04-07T23:40:00Z,15,7,9,1,NA,10,0,1,pre-quake
2020-04-07T23:45:00Z,1,0,10,10,10,8,0,1,pre-quake
2020-04-07T23:45:00Z,3,7,6.5,8.5,9,3.5,0.5,2,pre-quake
2020-04-07T23:45:00Z,4,5,5,0,NA,0,0,1,pre-quake
2020-04-07T23:45:00Z,5,6,7,0,3,1,0,1,pre-quake
2020-04-07T23:45:00Z,6,9.333333333333334,9.333333333333334,7,5.666666666666667,2.6666666666666665,0.3333333333333333,3,pre-quake
2020-04-07T23:45:00Z,14,1,4,6,NA,4,0,1,pre-quake
2020-04-07T23:45:00Z,15,6.5,1.5,5,NA,0.5,0,2,pre-quake
2020-04-07T23:45:00Z,17,10,7,9,NA,7,0,1,pre-quake
2020-04-07T23:45:00Z,19,6,1,2,NA,10,0,1,pre-quake
2020-04-07T23:50:00Z,3,0,10,0,9,7,1,1,pre-quake
2020-04-07T23:50:00Z,15,5,3,9,NA,4,0,1,pre-quake
2020-04-07T23:55:00Z,1,10,2,9,10,3,1,1,pre-quake
2020-04-07T23:55:00Z,6,3.6666666666666665,4.666666666666667,4,2.6666666666666665,5.666666666666667,0.3333333333333333,3,pre-quake
2020-04-07T23:55:00Z,13,9,4,10,NA,8,0,1,pre-quake
2020-04-07T23:55:00Z,14,1,6,2,NA,10,0,1,pre-quake
2020-04-07T23:55:00Z,15,0.6666666666666666,6.333333333333333,5,NA,6,0,3,pre-quake
2020-04-07T23:55:00Z,17,10,5,2,NA,10,0,1,pre-quake
2020-04-08T00:00:00Z,5,7,7,0,2,10,0,1,pre-quake
2020-04-08T00:00:00Z,8,1,5,10,NA,10,0,1,pre-quake
2020-04-08T00:00:00Z,13,5,1,10,NA,5,0,1,pre-quake
2020-04-08T00:00:00Z,16,2,1,8,2,2,0,1,pre-quake
2020-04-08T00:05:00Z,2,3.3333333333333335,7,5.666666666666667,NA,4.666666666666667,0.3333333333333333,3,pre-quake
2020-04-08T00:05:00Z,3,6,3,9,5,1,0,1,pre-quake
2020-04-08T00:05:00Z,5,8,4,7,3,10,0,1,pre-quake
2020-04-08T00:05:00Z,9,9,1,1,6,7,0,1,pre-quake
2020-04-08T00:05:00Z,10,7,5,7,NA,9,0,1,pre-quake
2020-04-08T00:05:00Z,14,1,6,0,NA,9,0,1,pre-quake
2020-04-08T00:05:00Z,15,0,8,3,NA,4,0,1,pre-quake
2020-04-08T00:05:00Z,18,8,0,10,NA,1,0,1,pre-quake
2020-04-08T00:05:00Z,19,3.75,7.5,7.75,NA,5,0,4,pre-quake
2020-04-08T00:10:00Z,5,6,4,3,10,7,0,1,pre-quake
2020-04-08T00:10:00Z,6,6,6,5.5,9,5,0.5,2,pre-quake
2020-04-08T00:10:00Z,9,10,2,0,7,0,0,1,pre-quake
2020-04-08T00:10:00Z,15,3,9,7,NA,10,0,1,pre-quake
2020-04-08T00:15:00Z,8,5,8,8,NA,4,0,1,pre-quake
2020-04-08T00:15:00Z,13,2,10,9,NA,9,0,1,pre-quake
2020-04-08T00:15:00Z,15,3,8,3,NA,5,0,1,pre-quake
2020-04-08T00:15:00Z,18,7,1,8,NA,1,0,1,pre-quake
2020-04-08T00:20:00Z,2,7,1,9,NA,8,0,1,pre-quake
2020-04-08T00:20:00Z,4,3,2,10,NA,4,0,1,pre-quake
2020-04-08T00:20:00Z,5,10,6,3,9,1,0,1,pre-quake
2020-04-08T00:20:00Z,6,1,5.5,1,6,7.5,0,2,pre-quake
2020-04-08T00:20:00Z,8,8,0,7,NA,1,0,1,pre-quake
2020-04-08T00:25:00Z,3,0.5,2,2,5,9,0.5,2,pre-quake
2020-04-08T00:25:00Z,5,9,2,6,6,6,0,1,pre-quake
2020-04-08T00:25:00Z,8,7,3,5,NA,2,0,1,pre-quake
2020-04-08T00:25:00Z,9,5,5.5,7,8,5.5,0,2,pre-quake
2020-04-08T00:25:00Z,10,5,3,8,NA,8,0,1,pre-quake
2020-04-08T00:25:00Z,13,4,3,2,NA,10,0,1,pre-quake
2020-04-08T00:30:00Z,3,1.5,5.5,6,5.5,7,0,2,pre-quake
2020-04-08T00:30:00Z,5,6,4,1,10,8,0,1,pre-quake
2020-04-08T00:30:00Z,6,7,3,4,10,10,0,1,pre-quake
2020-04-08T00:30:00Z,8,5,4,6,NA,3,0,1,pre-quake
2020-04-08T00:30:00Z,18,8,7,3,NA,1,0,1,pre-quake
2020-04-08T00:35:00Z,3,2,3,9,7,8,0,1,pre-quake
2020-04-08T00:35:00Z,9,3,6.5,6.5,5,7.5,0,2,pre-quake
2020-04-08T00:35:00Z,10,2,4,0,NA,7,0,1,pre-quake
2020-04-08T00:35:00Z,11,5,2,2,10,4,0,1,pre-quake
2020-04-08T00:35:00Z,15,4,0.5,5.5,NA,1.5,0,2,pre-quake
2020-04-08T00:40:00Z,8,0,1,10,NA,2,0,1,pre-quake
2020-04-08T00:40:00Z,9,8,0,3,6,4,1,1,pre-quake
2020-04-08T00:40:00Z,15,6,5,2,NA,6,0,1,pre-quake
2020-04-08T00:40:00Z,18,4,1,1,NA,10,0,1,pre-quake
2020-04-08T00:40:00Z,19,0,0,7,NA,0,0,1,pre-quake
2020-04-08T00:45:00Z,2,7.5,3.5,9.5,NA,1.5,0,2,pre-quake
2020-04-08T00:45:00Z,3,4,3,10,0,1,0,1,pre-quake
2020-04-08T00:45:00Z,6,3,7.5,7,8,6.75,0,4,pre-quake
2020-04-08T00:45:00Z,8,4,3,2.5,NA,1.5,0,2,pre-quake
2020-04-08T00:45:00Z,9,6,5,5,2,3,0,1,pre-quake
2020-04-08T00:45:00Z,15,8,8,8,NA,0,1,1,pre-quake
2020-04-08T00:50:00Z,1,3.5,6.5,2.5,7.5,6.5,0,2,pre-quake
2020-04-08T00:50:00Z,2,5,10,0,NA,1,0,1,pre-quake
2020-04-08T00:50:00Z,4,8,9,4.5,NA,7,0,2,pre-quake
2020-04-08T00:50:00Z,9,5,6,8,7,2,1,1,pre-quake
2020-04-08T00:50:00Z,12,7,7,6.5,NA,4.5,0.5,2,pre-quake
2020-04-08T00:50:00Z,15,0,1,5,NA,8,0,1,pre-quake
2020-04-08T00:50:00Z,18,3,2,5,NA,9,0,1,pre-quake
2020-04-08T00:55:00Z,8,5,5,9,NA,4.5,0,2,pre-quake
2020-04-08T00:55:00Z,9,4,7,8,4,1,0,1,pre-quake
2020-04-08T00:55:00Z,12,3,9,10,NA,4,0,1,pre-quake
2020-04-08T00:55:00Z,15,1.5,5,5.5,NA,6,0,2,pre-quake
2020-04-08T01:00:00Z,2,0,4,9,NA,8,0,1,pre-quake
2020-04-08T01:00:00Z,3,9,10,1,10,1,0,1,pre-quake
2020-04-08T01:00:00Z,6,4,10,6,5,8,0,1,pre-quake
2020-04-08T01:00:00Z,8,4,5.5,8.5,NA,2.5,0,2,pre-quake
2020-04-08T01:00:00Z,9,1,10,10,10,6,0,1,pre-quake
2020-04-08T01:00:00Z,15,10,4,1,NA,10,0,1,pre-quake
2020-04-08T01:00:00Z,16,5,7,10,10,3,0,1,pre-quake
2020-04-08T01:00:00Z,17,10,2,10,NA,9,0,1,pre-quake
2020-04-08T01:00:00Z,19,2,1,8,NA,7,0,1,pre-quake
2020-04-08T01:05:00Z,2,5.5,8,2.5,3,7.5,0,2,pre-quake
2020-04-08T01:05:00Z,8,0,3.6666666666666665,3.3333333333333335,NA,4.666666666666667,0,3,pre-quake
2020-04-08T01:05:00Z,9,9,1,0,5,8,0,1,pre-quake
2020-04-08T01:05:00Z,14,0,3,4,NA,8,0,1,pre-quake
2020-04-08T01:05:00Z,15,4.5,7,3.5,NA,6.5,0,2,pre-quake
2020-04-08T01:05:00Z,16,7,1,7,4,7,0,1,pre-quake
2020-04-08T01:05:00Z,17,3,4,10,NA,4,1,1,pre-quake
2020-04-08T01:05:00Z,18,10,10,10,NA,10,0,1,pre-quake
2020-04-08T01:05:00Z,19,8,3,5,NA,5,0,1,pre-quake
2020-04-08T01:10:00Z,2,4,7,9,NA,4.5,0,2,pre-quake
2020-04-08T01:10:00Z,4,1,5,10,NA,5,0,1,pre-quake
2020-04-08T01:10:00Z,8,9.5,3.5,10,NA,5,0,2,pre-quake
2020-04-08T01:10:00Z,9,0,3,7,7,5,0,1,pre-quake
2020-04-08T01:10:00Z,12,3,3,7,NA,5,0,1,pre-quake
2020-04-08T01:10:00Z,15,3,4,10,NA,2,0,1,pre-quake
2020-04-08T01:10:00Z,17,4,0,9,NA,3,0,1,pre-quake
2020-04-08T01:10:00Z,18,1,4,7,8,8,1,1,pre-quake
2020-04-08T01:10:00Z,19,5,0,8,NA,2,0,1,pre-quake
2020-04-08T01:15:00Z,6,10,1,1,5,9,0,1,pre-quake
2020-04-08T01:15:00Z,8,7,3,3,NA,6,0,1,pre-quake
2020-04-08T01:15:00Z,14,0,5,8,NA,7,0,1,pre-quake
2020-04-08T01:15:00Z,15,5.5,6.5,6,NA,6,0,2,pre-quake
2020-04-08T01:15:00Z,17,8,6,0,NA,9,0,1,pre-quake
2020-04-08T01:20:00Z,2,6,3,7,NA,5,0,1,pre-quake
2020-04-08T01:20:00Z,3,2.5,9.5,4,8.5,0,0,2,pre-quake
2020-04-08T01:20:00Z,8,10,3,7,NA,1,0,1,pre-quake
2020-04-08T01:20:00Z,12,0,10,4,NA,8,0,1,pre-quake
2020-04-08T01:20:00Z,14,9.5,6.5,6.5,NA,5.5,0,2,pre-quake
2020-04-08T01:20:00Z,16,5.5,2,8,4,2.5,0,2,pre-quake
2020-04-08T01:20:00Z,17,5,6,10,NA,10,0,1,pre-quake
2020-04-08T01:25:00Z,8,6,4,1,NA,9,0,1,pre-quake
2020-04-08T01:25:00Z,9,10,3,7,7,2,0,1,pre-quake
2020-04-08T01:25:00Z,10,6,7,10,NA,0,0,1,pre-quake
2020-04-08T01:25:00Z,13,10,7,10,NA,2,0,1,pre-quake
2020-04-08T01:25:00Z,15,9,10,8,NA,8.5,0,2,pre-quake
2020-04-08T01:30:00Z,3,5,6,8,7,1,0,1,pre-quake
2020-04-08T01:30:00Z,6,10,6,2,10,0,0,1,pre-quake
2020-04-08T01:30:00Z,8,6,3.5,6,NA,2,0,2,pre-quake
2020-04-08T01:30:00Z,9,8,10,3,5,0,0,1,pre-quake
2020-04-08T01:30:00Z,11,7,7,1,6,5,0,1,pre-quake
2020-04-08T01:30:00Z,13,8.5,9.5,2.5,NA,5,0.5,2,pre-quake
2020-04-08T01:30:00Z,15,4.5,7,3,NA,10,0,2,pre-quake
2020-04-08T01:30:00Z,18,3,10,5,NA,7,0,1,pre-quake
2020-04-08T01:35:00Z,2,5,3,0,NA,0,0,1,pre-quake
2020-04-08T01:35:00Z,6,10,2,9,4,4,0,1,pre-quake
2020-04-08T01:35:00Z,8,7,3,5,NA,2,0,1,pre-quake
2020-04-08T01:35:00Z,11,8,8,2,4,3,0,1,pre-quake
2020-04-08T01:40:00Z,2,5,7.5,7.5,NA,3.5,0,2,pre-quake
2020-04-08T01:40:00Z,3,10,0,10,3,5,0,1,pre-quake
2020-04-08T01:40:00Z,11,10,10,3,9,0,1,1,pre-quake
2020-04-08T01:40:00Z,17,3,10,1,NA,5,0,1,pre-quake
2020-04-08T01:40:00Z,19,8,7,0,NA,6,0,1,pre-quake
2020-04-08T01:45:00Z,1,8.5,6.5,6.5,5,7.5,0,2,pre-quake
2020-04-08T01:45:00Z,2,3,4.666666666666667,5.666666666666667,NA,7,0,3,pre-quake
2020-04-08T01:45:00Z,5,9,2,7,0,9,1,1,pre-quake
2020-04-08T01:45:00Z,6,8,6.5,6,5,7,0,2,pre-quake
2020-04-08T01:45:00Z,8,7,6,8,NA,2,0,1,pre-quake
2020-04-08T01:45:00Z,11,10,10,9,6,10,0,1,pre-quake
2020-04-08T01:45:00Z,12,4,3,0,NA,10,0,1,pre-quake
2020-04-08T01:45:00Z,15,10,2,5,NA,0,1,1,pre-quake
2020-04-08T01:45:00Z,19,7,7.5,6.5,NA,2.5,1,2,pre-quake
2020-04-08T01:50:00Z,2,5.5,6,8.5,NA,5,0,2,pre-quake
2020-04-08T01:50:00Z,4,6,2,8,NA,6,0,1,pre-quake
2020-04-08T01:50:00Z,11,5,8,2,3,10,0,1,pre-quake
2020-04-08T01:50:00Z,13,0,3,1,NA,1,0,1,pre-quake
2020-04-08T01:50:00Z,17,10,0,0,NA,4,0,1,pre-quake
2020-04-08T01:55:00Z,3,10,2,10,1,10,0,1,pre-quake
2020-04-08T01:55:00Z,8,1,10,10,NA,0,0,1,pre-quake
2020-04-08T01:55:00Z,9,10,6,7,10,8,1,1,pre-quake
2020-04-08T01:55:00Z,10,4,10,9,NA,7,0,1,pre-quake
2020-04-08T01:55:00Z,12,9,9,10,NA,10,1,1,pre-quake
2020-04-08T01:55:00Z,14,8,5,0.5,NA,6,0,2,pre-quake
2020-04-08T01:55:00Z,15,2,7,2,NA,5,0,1,pre-quake
2020-04-08T02:00:00Z,3,9,5,3,4,9,0,1,pre-quake
2020-04-08T02:00:00Z,4,3,2,4,NA,9,0,1,pre-quake
2020-04-08T02:00:00Z,6,3,6,8.5,6,6.5,0,2,pre-quake
2020-04-08T02:00:00Z,10,7,10,10,NA,10,0,1,pre-quake
2020-04-08T02:00:00Z,13,5,9,9,NA,10,0,1,pre-quake
2020-04-08T02:00:00Z,14,8,0,5,NA,9,0,1,pre-quake
2020-04-08T02:00:00Z,16,2,6,1,0,8,0,1,pre-quake
2020-04-08T02:00:00Z,19,9,5,9,NA,0,1,1,pre-quake
2020-04-08T02:05:00Z,2,8,7,1,NA,7,0,1,pre-quake
2020-04-08T02:05:00Z,5,6,2,4,10,4,0,1,pre-quake
2020-04-08T02:05:00Z,8,5,2,6,NA,2,0,1,pre-quake
2020-04-08T02:05:00Z,10,0,0,1,NA,4,0,1,pre-quake
2020-04-08T02:05:00Z,18,3.5,6.5,6.5,NA,7,0,2,pre-quake
2020-04-08T02:05:00Z,19,4,7,10,NA,1,0,1,pre-quake
2020-04-08T02:10:00Z,6,2,9,1,3,1,0,1,pre-quake
2020-04-08T02:10:00Z,9,10,10,9,5,4,0,1,pre-quake
2020-04-08T02:10:00Z,10,10,5,1,NA,4,0,1,pre-quake
2020-04-08T02:10:00Z,13,6,1,1,NA,7,0,1,pre-quake
2020-04-08T02:15:00Z,2,6,10,7,NA,7,0,1,pre-quake
2020-04-08T02:15:00Z,3,0,0,8,10,7,0,1,pre-quake
2020-04-08T02:15:00Z,8,3,1,8,NA,4,0,1,pre-quake
2020-04-08T02:15:00Z,9,8,10,3,3,3,0,1,pre-quake
2020-04-08T02:15:00Z,10,2,10,1,NA,2,0,1,pre-quake
2020-04-08T02:15:00Z,14,6.5,5,3,NA,9.5,0,2,pre-quake
2020-04-08T02:15:00Z,19,10,5,1,NA,5,0,1,pre-quake
2020-04-08T02:20:00Z,2,7,7,2,NA,2,0,1,pre-quake
2020-04-08T02:20:00Z,5,0,4,1,1,6,0,1,pre-quake
2020-04-08T02:20:00Z,6,5.5,10,6.5,6.5,1,0,2,pre-quake
2020-04-08T02:20:00Z,9,6,1,3,0,3,0,1,pre-quake
2020-04-08T02:20:00Z,15,8.5,5,5,NA,7,0,2,pre-quake
2020-04-08T02:25:00Z,6,0,6,6,9,7,1,1,pre-quake
2020-04-08T02:25:00Z,11,1,6,5,3,10,0,1,pre-quake
2020-04-08T02:25:00Z,14,4,10,7,NA,4,0,1,pre-quake
2020-04-08T02:25:00Z,15,8,4,10,NA,2,0,1,pre-quake
2020-04-08T02:30:00Z,1,3,2,7,6,3,0,1,pre-quake
2020-04-08T02:30:00Z,2,3,5.5,0.5,NA,5,0,2,pre-quake
2020-04-08T02:30:00Z,3,10,1,5,6,6,0,1,pre-quake
2020-04-08T02:30:00Z,4,5,0,0,NA,5,0,1,pre-quake
2020-04-08T02:30:00Z,5,3,1,0,8,9,0,1,pre-quake
2020-04-08T02:30:00Z,8,4,4,7,NA,8,0,1,pre-quake
2020-04-08T02:30:00Z,9,2,7,7,7,10,0,1,pre-quake
2020-04-08T02:30:00Z,12,1,9,2,NA,6,0,1,pre-quake
2020-04-08T02:30:00Z,15,10,10,8,NA,1,0,1,pre-quake
2020-04-08T02:35:00Z,2,8,2,7,NA,8,0,1,pre-quake
2020-04-08T02:35:00Z,3,7,0,10,2,1,0,1,pre-quake
2020-04-08T02:35:00Z,6,5.333333333333333,7,4.666666666666667,3.3333333333333335,6,0,3,pre-quake
2020-04-08T02:35:00Z,8,4,2,4,NA,1,1,1,pre-quake
2020-04-08T02:35:00Z,13,8,10,0,NA,8,0,1,pre-quake
2020-04-08T02:35:00Z,14,9,10,1,NA,8,1,1,pre-quake
2020-04-08T02:40:00Z,2,3,10,5,0,9,0,1,pre-quake
2020-04-08T02:40:00Z,3,7,0,6,5,7,0,1,pre-quake
2020-04-08T02:40:00Z,6,3,4.5,7,2.5,1.5,0,2,pre-quake
2020-04-08T02:40:00Z,8,3,6,6,NA,2,0,1,pre-quake
2020-04-08T02:40:00Z,9,9,5.5,3,9.5,7.5,0,2,pre-quake
2020-04-08T02:40:00Z,10,4,0,8,NA,4,0,1,pre-quake
2020-04-08T02:40:00Z,12,3.5,9,5.5,NA,3.5,0,2,pre-quake
2020-04-08T02:40:00Z,14,10,0,4,NA,3,0,1,pre-quake
2020-04-08T02:40:00Z,16,9,8,7,8,4,1,1,pre-quake
2020-04-08T02:40:00Z,18,3.5,4,7.5,NA,5,0,2,pre-quake
2020-04-08T02:45:00Z,2,10,9,3,NA,10,0,1,pre-quake
2020-04-08T02:45:00Z,4,10,7,0,NA,5,0,1,pre-quake
2020-04-08T02:45:00Z,16,2.5,4.5,4,8,3.5,0,2,pre-quake
2020-04-08T02:45:00Z,17,0,8,7,NA,0,0,1,pre-quake
2020-04-08T02:50:00Z,1,6.5,4.5,0.5,8,9.5,0,2,pre-quake
2020-04-08T02:50:00Z,2,1,7,9,NA,10,0,1,pre-quake
2020-04-08T02:50:00Z,8,5,10,5,NA,10,0,1,pre-quake
2020-04-08T02:50:00Z,9,5,6,2,10,8,0,1,pre-quake
2020-04-08T02:50:00Z,10,10,5,5,NA,10,0,1,pre-quake
2020-04-08T02:50:00Z,14,10,1,2,NA,2,0,1,pre-quake
2020-04-08T02:55:00Z,2,5.5,6,6,NA,5,0,2,pre-quake
2020-04-08T02:55:00Z,3,6,3,0,10,0,0,1,pre-quake
2020-04-08T02:55:00Z,5,9,10,2,10,2,0,1,pre-quake
2020-04-08T02:55:00Z,6,3,0,1,6,1,0,1,pre-quake
2020-04-08T02:55:00Z,12,6,4,1,NA,4,0,1,pre-quake
2020-04-08T03:00:00Z,1,10,7,1,4,7,0,1,pre-quake
2020-04-08T03:00:00Z,4,8,9,6,NA,10,0,1,pre-quake
2020-04-08T03:00:00Z,6,1,0,10,7,1,0,1,pre-quake
2020-04-08T03:00:00Z,9,7,8,5,10,3,0,1,pre-quake
2020-04-08T03:00:00Z,14,2.5,3,7.5,NA,7.5,0,2,pre-quake
2020-04-08T03:00:00Z,15,10,5,4,9,8,0,2,pre-quake
2020-04-08T03:00:00Z,18,7,2.5,7.5,NA,7.5,0,2,pre-quake
2020-04-08T03:00:00Z,19,5.5,10,5,NA,7,0,2,pre-quake
2020-04-08T03:05:00Z,3,4,5,4,7,2,0,1,pre-quake
2020-04-08T03:05:00Z,6,0,10,0,3,10,0,1,pre-quake
2020-04-08T03:05:00Z,9,10,3,8,4,2,0,1,pre-quake
2020-04-08T03:05:00Z,13,10,3,4,NA,9,0,1,pre-quake
2020-04-08T03:05:00Z,14,0,3,4,NA,6,0,1,pre-quake
2020-04-08T03:05:00Z,15,10,7,2,NA,0,0,1,pre-quake
2020-04-08T03:10:00Z,2,5,8.5,10,NA,2.5,0,2,pre-quake
2020-04-08T03:10:00Z,5,7,10,1,6,7,0,1,pre-quake
2020-04-08T03:10:00Z,6,1,10,7,6,3,1,1,pre-quake
2020-04-08T03:10:00Z,8,0,5,10,NA,10,0,1,pre-quake
2020-04-08T03:10:00Z,9,1.5,3.5,3,7.5,6,0,2,pre-quake
2020-04-08T03:15:00Z,2,9,10,8,NA,8,0,1,pre-quake
2020-04-08T03:15:00Z,4,4,1.5,5.5,NA,8.5,0,2,pre-quake
2020-04-08T03:15:00Z,6,5,10,10,10,1,1,1,pre-quake
2020-04-08T03:15:00Z,10,2,6,10,NA,10,0,1,pre-quake
2020-04-08T03:15:00Z,15,5.5,5,5.75,NA,1,0.25,4,pre-quake
2020-04-08T03:20:00Z,2,8,1.5,7.5,NA,8.5,0,2,pre-quake
2020-04-08T03:20:00Z,3,5,8.5,6,2.5,4.5,0,2,pre-quake
2020-04-08T03:20:00Z,12,10,0.5,4,NA,6.5,0,2,pre-quake
2020-04-08T03:20:00Z,14,9,7.5,6,NA,8.5,0.5,2,pre-quake
2020-04-08T03:20:00Z,15,10,6,3,NA,6,0,1,pre-quake
2020-04-08T03:20:00Z,16,10,3,1,1,6,0,1,pre-quake
2020-04-08T03:25:00Z,1,2,2,7,7,6,0,1,pre-quake
2020-04-08T03:25:00Z,2,4,6.5,1,NA,5,0,2,pre-quake
2020-04-08T03:25:00Z,3,5,6,5.5,7,4,0,2,pre-quake
2020-04-08T03:25:00Z,15,8,6,8,NA,9,0,1,pre-quake
2020-04-08T03:30:00Z,2,7,10,1,NA,5,0,1,pre-quake
2020-04-08T03:30:00Z,6,8,10,8,4,2,1,1,pre-quake
2020-04-08T03:30:00Z,14,1,1,3,NA,3,0,1,pre-quake
2020-04-08T03:35:00Z,3,10,0,0,5,1,0,1,pre-quake
2020-04-08T03:35:00Z,6,9,10,3,0,7,0,1,pre-quake
2020-04-08T03:35:00Z,9,6,0,8,9,8,0,1,pre-quake
2020-04-08T03:35:00Z,10,9.5,8,1.5,NA,3.5,0,2,pre-quake
2020-04-08T03:35:00Z,14,9,8.5,3.5,NA,1.5,0.5,2,pre-quake
2020-04-08T03:35:00Z,15,7,6,7,NA,7,0,1,pre-quake
2020-04-08T03:35:00Z,19,1,2,10,NA,1,1,1,pre-quake
2020-04-08T03:40:00Z,1,8,5,10,9,6,0,1,pre-quake
2020-04-08T03:40:00Z,6,8.333333333333334,2,4,3.3333333333333335,7.333333333333333,0,3,pre-quake
2020-04-08T03:40:00Z,8,7,4,6.5,NA,5.5,0,2,pre-quake
2020-04-08T03:40:00Z,9,2,6,2,9,4,1,1,pre-quake
2020-04-08T03:40:00Z,10,0,7,2,NA,10,0,1,pre-quake
2020-04-08T03:40:00Z,11,6,9,8,1,9,0,1,pre-quake
2020-04-08T03:40:00Z,13,9,5,8,NA,9,0,1,pre-quake
2020-04-08T03:40:00Z,15,9,10,8,NA,4,0,1,pre-quake
2020-04-08T03:40:00Z,18,10,0,1,3,0,0,1,pre-quake
2020-04-08T03:45:00Z,1,4,8,5,9,1,0,1,pre-quake
2020-04-08T03:45:00Z,6,5,8.5,10,8,2,0,2,pre-quake
2020-04-08T03:45:00Z,8,7,3.5,4.5,NA,8.5,0,2,pre-quake
2020-04-08T03:45:00Z,9,10,2,6,8,7,0,1,pre-quake
2020-04-08T03:45:00Z,15,7,3,0,NA,0,0,1,pre-quake
2020-04-08T03:45:00Z,18,0,10,10,NA,5,0,1,pre-quake
2020-04-08T03:50:00Z,4,2,10,9,NA,4,0,1,pre-quake
2020-04-08T03:50:00Z,5,0,10,9,5,2,0,1,pre-quake
2020-04-08T03:50:00Z,6,3.5,9,4,2.5,3.5,0,2,pre-quake
2020-04-08T03:50:00Z,8,6.5,6.5,6,NA,6,0,2,pre-quake
2020-04-08T03:50:00Z,14,4,1,10,NA,1,0,1,pre-quake
2020-04-08T03:50:00Z,15,8,8,3,9,8,0,1,pre-quake
2020-04-08T03:55:00Z,2,5,10,10,NA,1,0,1,pre-quake
2020-04-08T03:55:00Z,4,9,2,9,NA,6,0,1,pre-quake
2020-04-08T03:55:00Z,6,5,4,3,5,6,0,1,pre-quake
2020-04-08T03:55:00Z,8,3,7,3,NA,6,0,1,pre-quake
2020-04-08T03:55:00Z,10,2,10,10,NA,1,1,1,pre-quake
2020-04-08T03:55:00Z,17,2,3,10,NA,6,0,1,pre-quake
2020-04-08T04:00:00Z,4,1,5,2,NA,4,0,1,pre-quake
2020-04-08T04:00:00Z,6,1.5,5,9.5,9.5,6,0,2,pre-quake
2020-04-08T04:00:00Z,9,4.8,3.8,3.6,7,6,0.2,5,pre-quake
2020-04-08T04:00:00Z,15,4,6,6,NA,10,0,1,pre-quake
2020-04-08T04:00:00Z,19,4,5,0,NA,10,0,1,pre-quake
2020-04-08T04:05:00Z,2,5,2,9,NA,4.5,0,2,pre-quake
2020-04-08T04:05:00Z,3,6,4,10,10,7,0,1,pre-quake
2020-04-08T04:05:00Z,5,0,6,3,10,4,0,1,pre-quake
2020-04-08T04:05:00Z,9,6,3.5,7,3,6,0,2,pre-quake
2020-04-08T04:05:00Z,14,8,5,3,NA,5,0,1,pre-quake
2020-04-08T04:05:00Z,15,6,1,4,NA,4,0,1,pre-quake
2020-04-08T04:05:00Z,16,4.5,4.5,5.5,5.5,6,0,2,pre-quake
2020-04-08T04:05:00Z,19,6,9,4,NA,9,0,1,pre-quake
2020-04-08T04:10:00Z,1,2,10,7,10,10,0,1,pre-quake
2020-04-08T04:10:00Z,2,7,6.333333333333333,5.666666666666667,NA,5.333333333333333,0,3,pre-quake
2020-04-08T04:10:00Z,5,9,4,10,5,10,0,1,pre-quake
2020-04-08T04:10:00Z,8,7,10,10,NA,5,0,1,pre-quake
2020-04-08T04:10:00Z,12,1,2,1,NA,3,0,1,pre-quake
2020-04-08T04:10:00Z,13,5,2,10,NA,6,0,1,pre-quake
2020-04-08T04:10:00Z,14,8,0,9,NA,10,0,1,pre-quake
2020-04-08T04:15:00Z,3,10,2,10,5,1,0,1,pre-quake
2020-04-08T04:15:00Z,4,2,2,3,NA,3,0,1,pre-quake
2020-04-08T04:15:00Z,5,2,1,10,3,10,0,1,pre-quake
2020-04-08T04:15:00Z,6,2,4.5,2.5,6.25,4.25,0,4,pre-quake
2020-04-08T04:15:00Z,8,3.5,2.5,9,NA,3.5,0.5,2,pre-quake
2020-04-08T04:15:00Z,9,5,2.5,6.5,3.5,0,0,2,pre-quake
2020-04-08T04:15:00Z,15,6,0,10,NA,8.5,0,2,pre-quake
2020-04-08T04:20:00Z,1,7,5,10,3,3,0,1,pre-quake
2020-04-08T04:20:00Z,2,3,9,8,NA,5,1,1,pre-quake
2020-04-08T04:20:00Z,3,1,8,3,6,1,0,1,pre-quake
2020-04-08T04:20:00Z,5,4,4,3,5,8,0,1,pre-quake
2020-04-08T04:20:00Z,6,3,7.5,4.5,0.5,7,0,2,pre-quake
2020-04-08T04:20:00Z,8,6,10,5,NA,9,0,1,pre-quake
2020-04-08T04:20:00Z,9,3.3333333333333335,5,7,4.666666666666667,2.6666666666666665,0,3,pre-quake
2020-04-08T04:20:00Z,15,3.5,5.5,6.5,NA,5.5,0,2,pre-quake
2020-04-08T04:25:00Z,1,2,3,7,1,10,0,1,pre-quake
2020-04-08T04:25:00Z,3,7.5,8,6,7,5,0,2,pre-quake
2020-04-08T04:25:00Z,5,10,3,2,10,9,0,1,pre-quake
2020-04-08T04:25:00Z,10,0,7,5,NA,5,0,1,pre-quake
2020-04-08T04:25:00Z,11,10,1,0,5,4,0,1,pre-quake
2020-04-08T04:25:00Z,15,5,0,1,NA,1,0,1,pre-quake
2020-04-08T04:25:00Z,19,1,0,2,NA,3,0,1,pre-quake
2020-04-08T04:30:00Z,1,2,10,1,2,8,0,1,pre-quake
2020-04-08T04:30:00Z,6,6,2,9,7.5,5,0,2,pre-quake
2020-04-08T04:30:00Z,12,5,10,2,NA,3,0,1,pre-quake
2020-04-08T04:30:00Z,17,7,10,4,NA,0,0,1,pre-quake
2020-04-08T04:30:00Z,18,10,5,4,NA,8,0,1,pre-quake
2020-04-08T04:35:00Z,2,8,3,2,NA,5,0,1,pre-quake
2020-04-08T04:40:00Z,1,1,10,7,7,6,0,1,pre-quake
2020-04-08T04:40:00Z,3,6,6,6,8,4,0,1,pre-quake
2020-04-08T04:40:00Z,10,7,0,7,NA,3,0,1,pre-quake
2020-04-08T04:40:00Z,12,8,7,10,NA,1,0,1,pre-quake
2020-04-08T04:40:00Z,13,0,7,9,NA,6,0,1,pre-quake
2020-04-08T04:40:00Z,15,0,2,5,NA,10,0,1,pre-quake
2020-04-08T04:40:00Z,19,7,10,7,NA,3,0,1,pre-quake
2020-04-08T04:45:00Z,2,10,6,0,NA,3,0,1,pre-quake
2020-04-08T04:45:00Z,3,6,8,0,3,5,0,1,pre-quake
2020-04-08T04:45:00Z,6,10,10,7,10,8,0,1,pre-quake
2020-04-08T04:45:00Z,12,5,6,10,NA,1,0,1,pre-quake
2020-04-08T04:45:00Z,14,8,10,10,NA,2,0,1,pre-quake
2020-04-08T04:45:00Z,16,10,10,6,1,9,0,1,pre-quake
2020-04-08T04:50:00Z,3,3,8,2,10,5,0,1,pre-quake
2020-04-08T04:50:00Z,5,5,10,10,3,5,0,1,pre-quake
2020-04-08T04:50:00Z,6,3,6,6,0,2,0,1,pre-quake
2020-04-08T04:50:00Z,8,4.5,3.75,5,NA,6.5,0,4,pre-quake
2020-04-08T04:50:00Z,14,10,6,7,NA,6,0,1,pre-quake
2020-04-08T04:50:00Z,15,1,0,4,NA,3,0,1,pre-quake
2020-04-08T04:55:00Z,4,6,4,5,6,9,0,1,pre-quake
2020-04-08T04:55:00Z,6,10,6,10,10,9,0,1,pre-quake
2020-04-08T04:55:00Z,10,1,8,10,NA,5,0,1,pre-quake
2020-04-08T04:55:00Z,15,7.5,7,5,NA,4,0,2,pre-quake
2020-04-08T05:00:00Z,3,8,6,10,9,10,0,1,pre-quake
2020-04-08T05:00:00Z,6,1,7,8,9.333333333333334,5.333333333333333,0,3,pre-quake
2020-04-08T05:00:00Z,11,9,10,10,1,1,0,1,pre-quake
2020-04-08T05:00:00Z,18,2,5,5.5,NA,1.5,0,2,pre-quake
2020-04-08T05:05:00Z,3,2,9,1,3,5,0,1,pre-quake
2020-04-08T05:05:00Z,8,0,1,1,NA,7,0,1,pre-quake
2020-04-08T05:05:00Z,9,0,6,8,10,1,0,1,pre-quake
2020-04-08T05:05:00Z,10,3,7,7,NA,6,0,1,pre-quake
2020-04-08T05:10:00Z,3,5.5,0,2,9,7,0,2,pre-quake
2020-04-08T05:10:00Z,5,6,7.5,8.5,9,4.5,0,2,pre-quake
2020-04-08T05:10:00Z,6,4,9,3,5,10,0,1,pre-quake
2020-04-08T05:10:00Z,8,1,9,9,3,10,0,1,pre-quake
2020-04-08T05:10:00Z,12,4,8,5,NA,8,0,1,pre-quake
2020-04-08T05:10:00Z,15,6,9,10,NA,2,0,1,pre-quake
2020-04-08T05:15:00Z,3,7,8,6,2,9,0,1,pre-quake
2020-04-08T05:15:00Z,8,6,9,7,NA,6,1,1,pre-quake
2020-04-08T05:15:00Z,15,2.6,7.4,7,NA,3.8,0,5,pre-quake
2020-04-08T05:15:00Z,16,7,1,4,4,2,0,1,pre-quake
2020-04-08T05:15:00Z,19,6,7,5,NA,6,0,1,pre-quake
2020-04-08T05:20:00Z,2,10,3,8,NA,6,0,1,pre-quake
2020-04-08T05:20:00Z,5,6,7,2,9,7,0,1,pre-quake
2020-04-08T05:20:00Z,8,10,0,7,NA,1,0,1,pre-quake
2020-04-08T05:20:00Z,9,2,3,0,8,10,1,1,pre-quake
2020-04-08T05:20:00Z,12,10,6,7,NA,7,1,1,pre-quake
2020-04-08T05:20:00Z,17,0,8,2,NA,1,0,1,pre-quake
2020-04-08T05:25:00Z,9,5,5,2,9,6,0,1,pre-quake
2020-04-08T05:25:00Z,15,5.5,5.5,4.5,NA,7,0,2,pre-quake
2020-04-08T05:25:00Z,16,10,10,0,9,10,0,1,pre-quake
2020-04-08T05:25:00Z,19,0,0,6,NA,3,0,1,pre-quake
2020-04-08T05:30:00Z,3,10,6,9,3,4,0,1,pre-quake
2020-04-08T05:30:00Z,5,0,0,2,6,1,0,1,pre-quake
2020-04-08T05:30:00Z,8,6,1,10,NA,5.5,0,2,pre-quake
2020-04-08T05:30:00Z,9,2,9,10,1,3,0,1,pre-quake
2020-04-08T05:30:00Z,10,4,1,8,NA,7,0,1,pre-quake
2020-04-08T05:30:00Z,15,10,2,5,NA,2,0,1,pre-quake
2020-04-08T05:30:00Z,18,10,1,6,NA,10,0,1,pre-quake
2020-04-08T05:30:00Z,19,6,0,0,NA,1,1,1,pre-quake
2020-04-08T05:35:00Z,4,8,2,10,NA,0,0,1,pre-quake
2020-04-08T05:35:00Z,6,8,10,6,3,6,0,1,pre-quake
2020-04-08T05:35:00Z,9,5,2,4,1,0,0,1,pre-quake
2020-04-08T05:35:00Z,10,7,10,3,NA,7,0,1,pre-quake
2020-04-08T05:35:00Z,13,1,4,8,NA,1,0,1,pre-quake
2020-04-08T05:35:00Z,14,10,6.5,8.5,NA,3.5,0,2,pre-quake
2020-04-08T05:35:00Z,15,6,7,5,NA,4,0,1,pre-quake
2020-04-08T05:40:00Z,1,6,10,3,9,10,0,1,pre-quake
2020-04-08T05:40:00Z,2,1.5,8,2.5,NA,3.5,0,2,pre-quake
2020-04-08T05:40:00Z,9,9,7,10,10,0,0,1,pre-quake
2020-04-08T05:40:00Z,15,6.5,6.5,3.5,NA,3.5,0.5,2,pre-quake
2020-04-08T05:40:00Z,17,0,1,4,NA,10,0,1,pre-quake
2020-04-08T05:45:00Z,2,6,3.5,3.5,NA,6,0,2,pre-quake
2020-04-08T05:45:00Z,3,5,5,0,10,8,0,1,pre-quake
2020-04-08T05:45:00Z,5,1,5,9,5,4,0,1,pre-quake
2020-04-08T05:45:00Z,6,10,10,4,1,1,0,1,pre-quake
2020-04-08T05:45:00Z,9,6,7,8,0,8,0,1,pre-quake
2020-04-08T05:45:00Z,10,9,7,4,NA,2,0,1,pre-quake
2020-04-08T05:45:00Z,14,0,1,8,NA,8,0,1,pre-quake
2020-04-08T05:45:00Z,16,6,6,2,10,10,0,1,pre-quake
2020-04-08T05:50:00Z,2,6.5,6,3,NA,5.5,0,2,pre-quake
2020-04-08T05:50:00Z,6,2.5,4,4,7.5,7,0,2,pre-quake
2020-04-08T05:50:00Z,8,7,4,7.5,NA,1.5,0,2,pre-quake
2020-04-08T05:50:00Z,11,7,6,10,7,3,0,1,pre-quake
2020-04-08T05:50:00Z,15,10,7,3,NA,5,0,1,pre-quake
2020-04-08T05:50:00Z,16,5,0,0,8,4,0,1,pre-quake
2020-04-08T05:55:00Z,2,3,10,9,NA,9,0,1,pre-quake
2020-04-08T05:55:00Z,6,7,5,4,7,10,0,1,pre-quake
2020-04-08T05:55:00Z,8,0,5,2,NA,10,0,1,pre-quake
2020-04-08T05:55:00Z,9,1,1,6,7,5,0,1,pre-quake
2020-04-08T05:55:00Z,11,6,10,9,4,5,0,2,pre-quake
2020-04-08T05:55:00Z,14,7,10,5,NA,7,0,1,pre-quake
2020-04-08T05:55:00Z,15,3,1,10,NA,9,0,1,pre-quake
2020-04-08T05:55:00Z,16,10,1,10,4,6,0,1,pre-quake
2020-04-08T06:00:00Z,2,2,2.5,6.5,NA,7,0.5,2,pre-quake
2020-04-08T06:00:00Z,3,7,0,0,7,4,0,1,pre-quake
2020-04-08T06:00:00Z,4,10,1,10,NA,9,0,1,pre-quake
2020-04-08T06:00:00Z,8,0,6,6,NA,1,0,2,pre-quake
2020-04-08T06:05:00Z,6,8,10,7,10,0,1,1,pre-quake
2020-04-08T06:05:00Z,11,6,5,1,4,10,0,1,pre-quake
2020-04-08T06:05:00Z,13,8,10,0,NA,4,0,1,pre-quake
2020-04-08T06:05:00Z,14,3,2,8,NA,10,1,1,pre-quake
2020-04-08T06:05:00Z,15,2,1,4,NA,10,0,1,pre-quake
2020-04-08T06:05:00Z,16,8,9,9,0,10,0,1,pre-quake
2020-04-08T06:10:00Z,4,2.5,9.5,7.5,NA,7,0,2,pre-quake
2020-04-08T06:10:00Z,13,2,4,3,NA,10,0,1,pre-quake
2020-04-08T06:10:00Z,15,2.6666666666666665,7.333333333333333,9,NA,7,0,3,pre-quake
2020-04-08T06:15:00Z,3,5,7,10,8,7,0,1,pre-quake
2020-04-08T06:15:00Z,6,0,7,10,6,7,0,1,pre-quake
2020-04-08T06:15:00Z,8,3,4,8,NA,8,0,1,pre-quake
2020-04-08T06:15:00Z,9,6,7,6,3,0,0,1,pre-quake
2020-04-08T06:15:00Z,14,8,6.5,6,NA,3,0,2,pre-quake
2020-04-08T06:15:00Z,16,7,10,7,6,2,0,1,pre-quake
2020-04-08T06:15:00Z,17,4,10,0,NA,5,0,1,pre-quake
2020-04-08T06:20:00Z,2,5,2.5,4.5,NA,5,0,2,pre-quake
2020-04-08T06:20:00Z,8,9.5,6.5,5.5,NA,5,0,2,pre-quake
2020-04-08T06:20:00Z,18,7,1,10,NA,7,0,1,pre-quake
2020-04-08T06:20:00Z,19,7,9,3,NA,7,0,1,pre-quake
2020-04-08T06:25:00Z,1,4,1.5,3,2,6.5,0,2,pre-quake
2020-04-08T06:25:00Z,2,3,8,1,NA,2,0,1,pre-quake
2020-04-08T06:25:00Z,5,6.5,5.5,6.5,5.5,4.5,0,2,pre-quake
2020-04-08T06:25:00Z,6,10,8,2,10,10,0,1,pre-quake
2020-04-08T06:25:00Z,8,10,3,4,NA,4,0,1,pre-quake
2020-04-08T06:25:00Z,12,9,1,10,NA,7,0,1,pre-quake
2020-04-08T06:25:00Z,14,5.5,8.5,5,NA,6.5,0,2,pre-quake
2020-04-08T06:25:00Z,15,10,1,7.5,NA,5.5,0,2,pre-quake
2020-04-08T06:25:00Z,16,2,2,4,8,5,0,1,pre-quake
2020-04-08T06:30:00Z,2,6.5,4,5,NA,6.5,0,2,pre-quake
2020-04-08T06:30:00Z,3,4,1,9,10,10,0,1,pre-quake
2020-04-08T06:30:00Z,5,2,9,4,4,5,0,1,pre-quake
2020-04-08T06:30:00Z,6,2,0,8,4,1,0,1,pre-quake
2020-04-08T06:30:00Z,9,10,2,10,5,8,0,1,pre-quake
2020-04-08T06:30:00Z,15,0,10,0,NA,6,1,1,pre-quake
2020-04-08T06:30:00Z,16,5,9,8,8,10,0,1,pre-quake
2020-04-08T06:30:00Z,19,9,8,5,NA,2,0,1,pre-quake
2020-04-08T06:35:00Z,2,5,10,6,NA,6,0,1,pre-quake
2020-04-08T06:35:00Z,3,0,8,4,10,10,0,1,pre-quake
2020-04-08T06:35:00Z,4,8.5,5,4.5,NA,6,0,2,pre-quake
2020-04-08T06:35:00Z,8,7,3,8,NA,10,0,2,pre-quake
2020-04-08T06:35:00Z,10,4.5,3.5,4.5,NA,5.5,0,2,pre-quake
2020-04-08T06:35:00Z,12,8,7,10,NA,0,0,1,pre-quake
2020-04-08T06:35:00Z,19,6,2,8,NA,10,1,1,pre-quake
2020-04-08T06:40:00Z,2,2,2,3,NA,6,0,1,pre-quake
2020-04-08T06:40:00Z,5,8,8,2,9,0,0,1,pre-quake
2020-04-08T06:40:00Z,9,1,4,1,1,5,0,1,pre-quake
2020-04-08T06:40:00Z,14,6,7,7,NA,6,0,1,pre-quake
2020-04-08T06:40:00Z,15,5,6,9,NA,10,1,1,pre-quake
2020-04-08T06:40:00Z,17,7,3,4,NA,8,0,1,pre-quake
2020-04-08T06:40:00Z,18,5,5,6,NA,7,0,1,pre-quake
2020-04-08T06:45:00Z,1,7.5,3,7.5,7,5.5,0.5,2,pre-quake
2020-04-08T06:45:00Z,3,7.5,8,6.5,9,3,0,2,pre-quake
2020-04-08T06:45:00Z,6,0,9,1,9,0,0,1,pre-quake
2020-04-08T06:45:00Z,14,7,9,2,NA,10,0,1,pre-quake
2020-04-08T06:45:00Z,15,5,10,2,NA,2,1,1,pre-quake
2020-04-08T06:45:00Z,17,8,9,4,NA,4,0,1,pre-quake
2020-04-08T06:50:00Z,1,5.5,6,8,5.5,7,0,2,pre-quake
2020-04-08T06:50:00Z,3,1,9,4,10,2,1,1,pre-quake
2020-04-08T06:50:00Z,6,8,9,7.5,8,7,0,2,pre-quake
2020-04-08T06:50:00Z,8,3,6.5,7,NA,6,0.5,2,pre-quake
2020-04-08T06:50:00Z,9,0,2,7,10,10,0,1,pre-quake
2020-04-08T06:50:00Z,19,1,7,7,NA,5,0,1,pre-quake
2020-04-08T06:55:00Z,2,6,10,5.5,NA,8,0,2,pre-quake
2020-04-08T06:55:00Z,3,10,9,3,1,10,0,1,pre-quake
2020-04-08T06:55:00Z,9,9,7,10,10,6,0,1,pre-quake
2020-04-08T06:55:00Z,10,5,3,5,NA,6,0,1,pre-quake
2020-04-08T06:55:00Z,14,7,5,10,NA,7.5,0,2,pre-quake
2020-04-08T06:55:00Z,15,1,3,0,NA,1,0,1,pre-quake
2020-04-08T06:55:00Z,16,10,7,0,5,2,0,1,pre-quake
2020-04-08T06:55:00Z,17,2,6,6,NA,10,1,1,pre-quake
2020-04-08T06:55:00Z,19,5,9.5,7.5,NA,6.5,0,2,pre-quake
2020-04-08T07:00:00Z,1,8.5,0.5,8,6.5,2,0,2,pre-quake
2020-04-08T07:00:00Z,3,1,3,5,7,2,0,1,pre-quake
2020-04-08T07:00:00Z,6,7,5,7,3,3.3333333333333335,0,3,pre-quake
2020-04-08T07:00:00Z,9,6.5,4.75,6,5.5,8.25,0,4,pre-quake
2020-04-08T07:00:00Z,14,7,0,10,NA,3,0,1,pre-quake
2020-04-08T07:00:00Z,15,4.666666666666667,6.333333333333333,5.666666666666667,NA,4,0,3,pre-quake
2020-04-08T07:10:00Z,1,10,3,2,10,6,0,1,pre-quake
2020-04-08T07:10:00Z,6,2,9,4,7,9,0,1,pre-quake
2020-04-08T07:10:00Z,8,7,9,2,NA,0,0,1,pre-quake
2020-04-08T07:10:00Z,11,0,3,3,5,8,0,1,pre-quake
2020-04-08T07:10:00Z,15,3,5.5,8.5,NA,7,0,2,pre-quake
2020-04-08T07:10:00Z,16,0,0,8,5,10,1,1,pre-quake
2020-04-08T07:10:00Z,19,0,10,8,NA,7,0,1,pre-quake
2020-04-08T07:15:00Z,2,10,9,3,NA,8,0,1,pre-quake
2020-04-08T07:15:00Z,6,1,10,10,9,5,0,1,pre-quake
2020-04-08T07:15:00Z,9,9,3,2.5,5,5,0,2,pre-quake
2020-04-08T07:15:00Z,18,10,5,0,NA,10,0,1,pre-quake
2020-04-08T07:20:00Z,2,0.5,4,2.5,NA,6,0,2,pre-quake
2020-04-08T07:20:00Z,3,7,7.5,6.5,6.5,9,0,2,pre-quake
2020-04-08T07:20:00Z,6,4,9,4,4,8,0,1,pre-quake
2020-04-08T07:20:00Z,8,10,7,2.5,NA,7.5,0,2,pre-quake
2020-04-08T07:20:00Z,9,6,7,7.5,5,7,0,2,pre-quake
2020-04-08T07:20:00Z,11,1,1,10,7,7,1,1,pre-quake
2020-04-08T07:20:00Z,15,10,7,0,NA,2,0,1,pre-quake
2020-04-08T07:25:00Z,1,10,1,7,4,7,0,1,pre-quake
2020-04-08T07:25:00Z,2,3.6666666666666665,6,6.666666666666667,NA,5.666666666666667,0,3,pre-quake
2020-04-08T07:25:00Z,6,4,4,8,6,0,0,1,pre-quake
2020-04-08T07:25:00Z,9,4,8,1,4,1,0,1,pre-quake
2020-04-08T07:25:00Z,12,5,7,9,NA,2,0,1,pre-quake
2020-04-08T07:25:00Z,15,5.5,8,8,NA,6.5,0,2,pre-quake
2020-04-08T07:25:00Z,16,6,10,8,4,2,0,1,pre-quake
2020-04-08T07:25:00Z,17,7,3,2,NA,10,0,1,pre-quake
2020-04-08T07:25:00Z,19,9,3,1,NA,3,0,1,pre-quake
2020-04-08T07:30:00Z,2,3,9,1,NA,6,0,1,pre-quake
2020-04-08T07:30:00Z,3,3.3333333333333335,7.333333333333333,4,5.666666666666667,4.666666666666667,0,3,pre-quake
2020-04-08T07:30:00Z,9,9,0,6,5,7,1,1,pre-quake
2020-04-08T07:30:00Z,18,10,9,6,NA,8,0,1,pre-quake
2020-04-08T07:30:00Z,19,7,4,1,NA,3,0,1,pre-quake
2020-04-08T07:35:00Z,2,1,3,8,NA,10,0,1,pre-quake
2020-04-08T07:35:00Z,9,8,6,10,7,6,0,1,pre-quake
2020-04-08T07:35:00Z,18,4,8,9,NA,5,0,1,pre-quake
2020-04-08T07:40:00Z,1,10,10,8,10,10,0,1,pre-quake
2020-04-08T07:40:00Z,2,4,10,7,NA,4,0,1,pre-quake
2020-04-08T07:40:00Z,8,7,10,4,NA,0,1,1,pre-quake
2020-04-08T07:40:00Z,12,6,5,0,NA,0,0,1,pre-quake
2020-04-08T07:40:00Z,13,5,0,2,NA,6,0,1,pre-quake
2020-04-08T07:40:00Z,14,0,8,7,NA,6,0,1,pre-quake
2020-04-08T07:40:00Z,16,4,5,9,0,6,0,1,pre-quake
2020-04-08T07:45:00Z,2,5,5,9,NA,2,0,2,pre-quake
2020-04-08T07:45:00Z,4,0,2,2,NA,5,0,1,pre-quake
2020-04-08T07:45:00Z,9,10,1,9,4,7,0,1,pre-quake
2020-04-08T07:45:00Z,18,1,10,10,NA,7,1,1,pre-quake
2020-04-08T07:50:00Z,2,2,10,10,NA,2,0,1,pre-quake
2020-04-08T07:50:00Z,3,2,6,9,5,10,0,1,pre-quake
2020-04-08T07:50:00Z,4,5,7,10,NA,4,0,1,pre-quake
2020-04-08T07:50:00Z,5,1,10,6,7,4,0,1,pre-quake
2020-04-08T07:50:00Z,10,5,0,10,NA,1,0,1,pre-quake
2020-04-08T07:50:00Z,11,9,0,10,10,10,0,1,pre-quake
2020-04-08T07:50:00Z,17,0,6,4,NA,8,0,1,pre-quake
2020-04-08T07:50:00Z,19,3,2,8,NA,5,0,1,pre-quake
2020-04-08T07:55:00Z,1,5,7,4,6,2,0,1,pre-quake
2020-04-08T07:55:00Z,2,2,5,9,NA,4,0,1,pre-quake
2020-04-08T07:55:00Z,3,6,7,3,4,10,0,1,pre-quake
2020-04-08T07:55:00Z,6,2,2,1,10,10,0,1,pre-quake
2020-04-08T07:55:00Z,8,10,5,5.5,NA,2.5,0,2,pre-quake
2020-04-08T07:55:00Z,9,6.666666666666667,7,8.666666666666666,5,1.6666666666666667,0,3,pre-quake
2020-04-08T07:55:00Z,12,2,6,1,NA,1,0,1,pre-quake
2020-04-08T07:55:00Z,18,6.5,5,5,NA,2.5,0,2,pre-quake
2020-04-08T08:00:00Z,5,1,9,1,6,0,0,1,pre-quake
2020-04-08T08:00:00Z,8,3,5,0,NA,8,1,1,pre-quake
2020-04-08T08:00:00Z,9,4,2,8,10,10,0,1,pre-quake
2020-04-08T08:00:00Z,15,10,3,10,NA,2,0,1,pre-quake
2020-04-08T08:00:00Z,17,3,7,4,NA,4,0,1,pre-quake
2020-04-08T08:00:00Z,19,0,0,10,NA,0,0,1,pre-quake
2020-04-08T08:05:00Z,2,1,3,7,NA,8,1,1,pre-quake
2020-04-08T08:05:00Z,9,10,2.5,4.5,1.5,3.5,0,2,pre-quake
2020-04-08T08:05:00Z,14,9,3,3,NA,0,1,1,pre-quake
2020-04-08T08:05:00Z,15,4.333333333333333,4.333333333333333,6.666666666666667,NA,7.666666666666667,0,3,pre-quake
2020-04-08T08:05:00Z,19,6.5,5,5.5,NA,2,0,2,pre-quake
2020-04-08T08:10:00Z,2,4,4,7,NA,5,0,1,pre-quake
2020-04-08T08:10:00Z,3,1,4,7.5,3.5,5.5,0,2,pre-quake
2020-04-08T08:10:00Z,5,10,4,2,6,10,0,1,pre-quake
2020-04-08T08:10:00Z,6,9,0,9,5,4,0,1,pre-quake
2020-04-08T08:10:00Z,9,7,8.5,5,7,4.5,0,2,pre-quake
2020-04-08T08:10:00Z,15,5,5,7.5,NA,5,0,2,pre-quake
2020-04-08T08:15:00Z,1,8,6,2,1,8,0,1,pre-quake
2020-04-08T08:15:00Z,8,2.5,7,2.5,NA,4,0,2,pre-quake
2020-04-08T08:15:00Z,11,6,4.5,7,3.5,4.5,0,2,pre-quake
2020-04-08T08:20:00Z,3,9.5,3.5,1.5,4.5,1.5,0.5,2,pre-quake
2020-04-08T08:20:00Z,4,7,4,9.5,NA,5.5,0,2,pre-quake
2020-04-08T08:20:00Z,5,2,7,6,7,2,0,1,pre-quake
2020-04-08T08:20:00Z,6,9,3,10,4,4,0,1,pre-quake
2020-04-08T08:20:00Z,8,10,10,8,NA,10,1,1,pre-quake
2020-04-08T08:20:00Z,14,3,7,0,NA,6,0,1,pre-quake
2020-04-08T08:20:00Z,16,4,5,10,1,9,0,1,pre-quake
2020-04-08T08:25:00Z,6,7,3,7,0,10,0,1,pre-quake
2020-04-08T08:25:00Z,8,1.6666666666666667,4,3.6666666666666665,NA,3.6666666666666665,0,3,pre-quake
2020-04-08T08:25:00Z,11,10,1,7,7,0,0,1,pre-quake
2020-04-08T08:25:00Z,12,10,3,0,NA,6,0,1,pre-quake
2020-04-08T08:25:00Z,16,0,6,8,6,10,0,1,pre-quake
2020-04-08T08:25:00Z,18,3,1,9,NA,1,0,1,pre-quake
2020-04-08T08:30:00Z,2,4,2,2,NA,8,0,1,pre-quake
2020-04-08T08:30:00Z,3,7,7,5.5,1,4.5,0,2,pre-quake
2020-04-08T08:30:00Z,5,1,0,6,3,7,0,1,pre-quake
2020-04-08T08:30:00Z,6,9,2,0,10,0,0,1,pre-quake
2020-04-08T08:30:00Z,14,2,4,5,NA,3,0,1,pre-quake
2020-04-08T08:30:00Z,15,10,2.5,7,NA,4.5,0,2,pre-quake
2020-04-08T08:30:00Z,16,5,9,7,2,3,0,1,pre-quake
